assessment,section,question_id,pdf_file,pdf_page
SAT,Reading and Writing,f1bfbed3,pdfs/SAT/Reading-and-Writing/part-001.pdf,1
SAT,Reading and Writing,87aa7bab,pdfs/SAT/Reading-and-Writing/part-001.pdf,3
SAT,Reading and Writing,d73a908a,pdfs/SAT/Reading-and-Writing/part-001.pdf,4
SAT,Reading and Writing,d748c3fd,pdfs/SAT/Reading-and-Writing/part-001.pdf,5
SAT,Reading and Writing,6b8a7c74,pdfs/SAT/Reading-and-Writing/part-001.pdf,6
SAT,Reading and Writing,a15b3219,pdfs/SAT/Reading-and-Writing/part-001.pdf,7
SAT,Reading and Writing,ed314256,pdfs/SAT/Reading-and-Writing/part-001.pdf,9
SAT,Reading and Writing,8c1be131,pdfs/SAT/Reading-and-Writing/part-001.pdf,10
SAT,Reading and Writing,2903668a,pdfs/SAT/Reading-and-Writing/part-001.pdf,11
SAT,Reading and Writing,92c2564d,pdfs/SAT/Reading-and-Writing/part-001.pdf,12
SAT,Reading and Writing,22e4d633,pdfs/SAT/Reading-and-Writing/part-001.pdf,13
SAT,Reading and Writing,458b4a11,pdfs/SAT/Reading-and-Writing/part-001.pdf,14
SAT,Reading and Writing,0d7f4966,pdfs/SAT/Reading-and-Writing/part-001.pdf,15
SAT,Reading and Writing,3543e6e2,pdfs/SAT/Reading-and-Writing/part-001.pdf,16
SAT,Reading and Writing,75e07a4d,pdfs/SAT/Reading-and-Writing/part-001.pdf,17
SAT,Reading and Writing,1ba5ad7a,pdfs/SAT/Reading-and-Writing/part-001.pdf,18
SAT,Reading and Writing,602b47c7,pdfs/SAT/Reading-and-Writing/part-001.pdf,19
SAT,Reading and Writing,068f939b,pdfs/SAT/Reading-and-Writing/part-001.pdf,20
SAT,Reading and Writing,702eb7e3,pdfs/SAT/Reading-and-Writing/part-001.pdf,21
SAT,Reading and Writing,29f5c8c2,pdfs/SAT/Reading-and-Writing/part-001.pdf,23
SAT,Reading and Writing,1281dfd5,pdfs/SAT/Reading-and-Writing/part-001.pdf,24
SAT,Reading and Writing,d83c3d54,pdfs/SAT/Reading-and-Writing/part-001.pdf,26
SAT,Reading and Writing,ca5a3fb4,pdfs/SAT/Reading-and-Writing/part-001.pdf,28
SAT,Reading and Writing,98d0a5d7,pdfs/SAT/Reading-and-Writing/part-001.pdf,29
SAT,Reading and Writing,cf956802,pdfs/SAT/Reading-and-Writing/part-001.pdf,30
SAT,Reading and Writing,ebe1eabd,pdfs/SAT/Reading-and-Writing/part-001.pdf,31
SAT,Reading and Writing,95388117,pdfs/SAT/Reading-and-Writing/part-001.pdf,32
SAT,Reading and Writing,403fb4e4,pdfs/SAT/Reading-and-Writing/part-001.pdf,33
SAT,Reading and Writing,3091f805,pdfs/SAT/Reading-and-Writing/part-001.pdf,35
SAT,Reading and Writing,94c54577,pdfs/SAT/Reading-and-Writing/part-001.pdf,36
SAT,Reading and Writing,ce4448b7,pdfs/SAT/Reading-and-Writing/part-001.pdf,37
SAT,Reading and Writing,0147b080,pdfs/SAT/Reading-and-Writing/part-001.pdf,38
SAT,Reading and Writing,60c6b64d,pdfs/SAT/Reading-and-Writing/part-001.pdf,39
SAT,Reading and Writing,1f3be847,pdfs/SAT/Reading-and-Writing/part-001.pdf,40
SAT,Reading and Writing,714e4c10,pdfs/SAT/Reading-and-Writing/part-001.pdf,41
SAT,Reading and Writing,040583a5,pdfs/SAT/Reading-and-Writing/part-001.pdf,42
SAT,Reading and Writing,7a1877be,pdfs/SAT/Reading-and-Writing/part-001.pdf,44
SAT,Reading and Writing,11a9f635,pdfs/SAT/Reading-and-Writing/part-001.pdf,45
SAT,Reading and Writing,2312021b,pdfs/SAT/Reading-and-Writing/part-001.pdf,46
SAT,Reading and Writing,69d913d1,pdfs/SAT/Reading-and-Writing/part-001.pdf,47
SAT,Reading and Writing,57485f5e,pdfs/SAT/Reading-and-Writing/part-001.pdf,49
SAT,Reading and Writing,a68fd3e7,pdfs/SAT/Reading-and-Writing/part-001.pdf,50
SAT,Reading and Writing,e677fa6c,pdfs/SAT/Reading-and-Writing/part-001.pdf,51
SAT,Reading and Writing,bc7b1a04,pdfs/SAT/Reading-and-Writing/part-001.pdf,52
SAT,Reading and Writing,3d91c973,pdfs/SAT/Reading-and-Writing/part-001.pdf,53
SAT,Reading and Writing,11c68ded,pdfs/SAT/Reading-and-Writing/part-001.pdf,54
SAT,Reading and Writing,7cbb9764,pdfs/SAT/Reading-and-Writing/part-001.pdf,55
SAT,Reading and Writing,4b3d6062,pdfs/SAT/Reading-and-Writing/part-001.pdf,56
SAT,Reading and Writing,94ca8ebd,pdfs/SAT/Reading-and-Writing/part-001.pdf,57
SAT,Reading and Writing,7575e417,pdfs/SAT/Reading-and-Writing/part-001.pdf,58
SAT,Reading and Writing,d6e97054,pdfs/SAT/Reading-and-Writing/part-001.pdf,59
SAT,Reading and Writing,66c47028,pdfs/SAT/Reading-and-Writing/part-001.pdf,60
SAT,Reading and Writing,0770b53d,pdfs/SAT/Reading-and-Writing/part-001.pdf,61
SAT,Reading and Writing,b0b40727,pdfs/SAT/Reading-and-Writing/part-001.pdf,62
SAT,Reading and Writing,58e9e497,pdfs/SAT/Reading-and-Writing/part-001.pdf,64
SAT,Reading and Writing,1a2b29c9,pdfs/SAT/Reading-and-Writing/part-001.pdf,65
SAT,Reading and Writing,71904085,pdfs/SAT/Reading-and-Writing/part-001.pdf,66
SAT,Reading and Writing,3190835d,pdfs/SAT/Reading-and-Writing/part-001.pdf,67
SAT,Reading and Writing,58817765,pdfs/SAT/Reading-and-Writing/part-001.pdf,68
SAT,Reading and Writing,04cbeca3,pdfs/SAT/Reading-and-Writing/part-001.pdf,69
SAT,Reading and Writing,3dc911d6,pdfs/SAT/Reading-and-Writing/part-001.pdf,70
SAT,Reading and Writing,1755eaf0,pdfs/SAT/Reading-and-Writing/part-001.pdf,72
SAT,Reading and Writing,d5b9ed0d,pdfs/SAT/Reading-and-Writing/part-001.pdf,73
SAT,Reading and Writing,2fdfe002,pdfs/SAT/Reading-and-Writing/part-001.pdf,75
SAT,Reading and Writing,6a6bbac3,pdfs/SAT/Reading-and-Writing/part-001.pdf,76
SAT,Reading and Writing,6f626ae5,pdfs/SAT/Reading-and-Writing/part-001.pdf,78
SAT,Reading and Writing,0d81b7d9,pdfs/SAT/Reading-and-Writing/part-001.pdf,79
SAT,Reading and Writing,be19faa1,pdfs/SAT/Reading-and-Writing/part-001.pdf,80
SAT,Reading and Writing,645fd11a,pdfs/SAT/Reading-and-Writing/part-001.pdf,82
SAT,Reading and Writing,85439572,pdfs/SAT/Reading-and-Writing/part-001.pdf,84
SAT,Reading and Writing,356ad646,pdfs/SAT/Reading-and-Writing/part-001.pdf,85
SAT,Reading and Writing,701126bc,pdfs/SAT/Reading-and-Writing/part-001.pdf,86
SAT,Reading and Writing,c83e0b43,pdfs/SAT/Reading-and-Writing/part-001.pdf,87
SAT,Reading and Writing,6177abc5,pdfs/SAT/Reading-and-Writing/part-001.pdf,88
SAT,Reading and Writing,a9040290,pdfs/SAT/Reading-and-Writing/part-001.pdf,89
SAT,Reading and Writing,bc1b8a42,pdfs/SAT/Reading-and-Writing/part-001.pdf,91
SAT,Reading and Writing,ac285054,pdfs/SAT/Reading-and-Writing/part-001.pdf,92
SAT,Reading and Writing,01989d77,pdfs/SAT/Reading-and-Writing/part-001.pdf,93
SAT,Reading and Writing,a13541c0,pdfs/SAT/Reading-and-Writing/part-001.pdf,94
SAT,Reading and Writing,8a8236e1,pdfs/SAT/Reading-and-Writing/part-001.pdf,95
SAT,Reading and Writing,8e6a96f5,pdfs/SAT/Reading-and-Writing/part-001.pdf,96
SAT,Reading and Writing,7c1e5880,pdfs/SAT/Reading-and-Writing/part-001.pdf,97
SAT,Reading and Writing,dd1757fd,pdfs/SAT/Reading-and-Writing/part-001.pdf,98
SAT,Reading and Writing,15873d14,pdfs/SAT/Reading-and-Writing/part-001.pdf,99
SAT,Reading and Writing,b38935ab,pdfs/SAT/Reading-and-Writing/part-001.pdf,101
SAT,Reading and Writing,8a584241,pdfs/SAT/Reading-and-Writing/part-001.pdf,102
SAT,Reading and Writing,dd72993d,pdfs/SAT/Reading-and-Writing/part-001.pdf,104
SAT,Reading and Writing,4603d1f7,pdfs/SAT/Reading-and-Writing/part-001.pdf,105
SAT,Reading and Writing,6df33868,pdfs/SAT/Reading-and-Writing/part-001.pdf,106
SAT,Reading and Writing,c6d7dc78,pdfs/SAT/Reading-and-Writing/part-001.pdf,107
SAT,Reading and Writing,086dd8cc,pdfs/SAT/Reading-and-Writing/part-001.pdf,108
SAT,Reading and Writing,3a489e1e,pdfs/SAT/Reading-and-Writing/part-001.pdf,109
SAT,Reading and Writing,e185a21f,pdfs/SAT/Reading-and-Writing/part-001.pdf,110
SAT,Reading and Writing,20000f5f,pdfs/SAT/Reading-and-Writing/part-001.pdf,111
SAT,Reading and Writing,64cd7321,pdfs/SAT/Reading-and-Writing/part-001.pdf,112
SAT,Reading and Writing,25176ff8,pdfs/SAT/Reading-and-Writing/part-001.pdf,113
SAT,Reading and Writing,67b59a67,pdfs/SAT/Reading-and-Writing/part-001.pdf,114
SAT,Reading and Writing,c228bd45,pdfs/SAT/Reading-and-Writing/part-001.pdf,115
SAT,Reading and Writing,7edfb2c5,pdfs/SAT/Reading-and-Writing/part-001.pdf,116
SAT,Reading and Writing,0c622cfb,pdfs/SAT/Reading-and-Writing/part-001.pdf,118
SAT,Reading and Writing,5fb6ed10,pdfs/SAT/Reading-and-Writing/part-001.pdf,119
SAT,Reading and Writing,f452410b,pdfs/SAT/Reading-and-Writing/part-001.pdf,120
SAT,Reading and Writing,a16128e2,pdfs/SAT/Reading-and-Writing/part-001.pdf,121
SAT,Reading and Writing,640b60c2,pdfs/SAT/Reading-and-Writing/part-001.pdf,123
SAT,Reading and Writing,9731a22b,pdfs/SAT/Reading-and-Writing/part-001.pdf,124
SAT,Reading and Writing,2b252bbd,pdfs/SAT/Reading-and-Writing/part-001.pdf,125
SAT,Reading and Writing,0cf13ece,pdfs/SAT/Reading-and-Writing/part-001.pdf,126
SAT,Reading and Writing,81430e26,pdfs/SAT/Reading-and-Writing/part-001.pdf,127
SAT,Reading and Writing,db876fd5,pdfs/SAT/Reading-and-Writing/part-001.pdf,128
SAT,Reading and Writing,09f9edb0,pdfs/SAT/Reading-and-Writing/part-001.pdf,129
SAT,Reading and Writing,da438257,pdfs/SAT/Reading-and-Writing/part-001.pdf,130
SAT,Reading and Writing,f39507a3,pdfs/SAT/Reading-and-Writing/part-001.pdf,132
SAT,Reading and Writing,5325b3cc,pdfs/SAT/Reading-and-Writing/part-001.pdf,133
SAT,Reading and Writing,8e22efd9,pdfs/SAT/Reading-and-Writing/part-001.pdf,134
SAT,Reading and Writing,6bc0e595,pdfs/SAT/Reading-and-Writing/part-001.pdf,136
SAT,Reading and Writing,01f19bf3,pdfs/SAT/Reading-and-Writing/part-001.pdf,137
SAT,Reading and Writing,70aacc03,pdfs/SAT/Reading-and-Writing/part-001.pdf,139
SAT,Reading and Writing,0fc0a773,pdfs/SAT/Reading-and-Writing/part-001.pdf,140
SAT,Reading and Writing,57303718,pdfs/SAT/Reading-and-Writing/part-001.pdf,141
SAT,Reading and Writing,c538954d,pdfs/SAT/Reading-and-Writing/part-001.pdf,142
SAT,Reading and Writing,f8244f7c,pdfs/SAT/Reading-and-Writing/part-001.pdf,143
SAT,Reading and Writing,09d942c6,pdfs/SAT/Reading-and-Writing/part-001.pdf,145
SAT,Reading and Writing,9debe79a,pdfs/SAT/Reading-and-Writing/part-001.pdf,146
SAT,Reading and Writing,0a77c362,pdfs/SAT/Reading-and-Writing/part-001.pdf,147
SAT,Reading and Writing,f9bd4e61,pdfs/SAT/Reading-and-Writing/part-001.pdf,148
SAT,Reading and Writing,411739db,pdfs/SAT/Reading-and-Writing/part-001.pdf,149
SAT,Reading and Writing,82d2436a,pdfs/SAT/Reading-and-Writing/part-001.pdf,150
SAT,Reading and Writing,c5cba39c,pdfs/SAT/Reading-and-Writing/part-001.pdf,151
SAT,Reading and Writing,f7bd14de,pdfs/SAT/Reading-and-Writing/part-001.pdf,152
SAT,Reading and Writing,baef99a5,pdfs/SAT/Reading-and-Writing/part-001.pdf,153
SAT,Reading and Writing,3fc06a91,pdfs/SAT/Reading-and-Writing/part-001.pdf,154
SAT,Reading and Writing,96802cc0,pdfs/SAT/Reading-and-Writing/part-001.pdf,156
SAT,Reading and Writing,8a668840,pdfs/SAT/Reading-and-Writing/part-001.pdf,157
SAT,Reading and Writing,ec93e52c,pdfs/SAT/Reading-and-Writing/part-001.pdf,159
SAT,Reading and Writing,4889580c,pdfs/SAT/Reading-and-Writing/part-001.pdf,160
SAT,Reading and Writing,b7d51f84,pdfs/SAT/Reading-and-Writing/part-001.pdf,162
SAT,Reading and Writing,35b46381,pdfs/SAT/Reading-and-Writing/part-001.pdf,163
SAT,Reading and Writing,4ba0695d,pdfs/SAT/Reading-and-Writing/part-001.pdf,164
SAT,Reading and Writing,78b265b2,pdfs/SAT/Reading-and-Writing/part-001.pdf,165
SAT,Reading and Writing,aa0968dd,pdfs/SAT/Reading-and-Writing/part-001.pdf,166
SAT,Reading and Writing,e7dc27dc,pdfs/SAT/Reading-and-Writing/part-001.pdf,167
SAT,Reading and Writing,d95a0bb8,pdfs/SAT/Reading-and-Writing/part-001.pdf,168
SAT,Reading and Writing,b8199d5a,pdfs/SAT/Reading-and-Writing/part-001.pdf,169
SAT,Reading and Writing,30c3aa98,pdfs/SAT/Reading-and-Writing/part-001.pdf,170
SAT,Reading and Writing,d0f51067,pdfs/SAT/Reading-and-Writing/part-001.pdf,172
SAT,Reading and Writing,3cc2eacc,pdfs/SAT/Reading-and-Writing/part-001.pdf,173
SAT,Reading and Writing,5bcee487,pdfs/SAT/Reading-and-Writing/part-001.pdf,174
SAT,Reading and Writing,54057e3f,pdfs/SAT/Reading-and-Writing/part-001.pdf,175
SAT,Reading and Writing,487a05f8,pdfs/SAT/Reading-and-Writing/part-001.pdf,176
SAT,Reading and Writing,aaddd60f,pdfs/SAT/Reading-and-Writing/part-001.pdf,177
SAT,Reading and Writing,1c69ff20,pdfs/SAT/Reading-and-Writing/part-001.pdf,178
SAT,Reading and Writing,239d3535,pdfs/SAT/Reading-and-Writing/part-001.pdf,179
SAT,Reading and Writing,39e440e4,pdfs/SAT/Reading-and-Writing/part-001.pdf,181
SAT,Reading and Writing,29cde5fa,pdfs/SAT/Reading-and-Writing/part-001.pdf,182
SAT,Reading and Writing,c4d43991,pdfs/SAT/Reading-and-Writing/part-001.pdf,183
SAT,Reading and Writing,4042ff0b,pdfs/SAT/Reading-and-Writing/part-001.pdf,184
SAT,Reading and Writing,5f16d809,pdfs/SAT/Reading-and-Writing/part-001.pdf,185
SAT,Reading and Writing,d0fbf1ae,pdfs/SAT/Reading-and-Writing/part-001.pdf,186
SAT,Reading and Writing,d2c2a7ef,pdfs/SAT/Reading-and-Writing/part-001.pdf,187
SAT,Reading and Writing,b30a2613,pdfs/SAT/Reading-and-Writing/part-001.pdf,188
SAT,Reading and Writing,123bd312,pdfs/SAT/Reading-and-Writing/part-001.pdf,190
SAT,Reading and Writing,5f6adeee,pdfs/SAT/Reading-and-Writing/part-001.pdf,191
SAT,Reading and Writing,3f4ab688,pdfs/SAT/Reading-and-Writing/part-001.pdf,192
SAT,Reading and Writing,40630cef,pdfs/SAT/Reading-and-Writing/part-001.pdf,193
SAT,Reading and Writing,b71861fc,pdfs/SAT/Reading-and-Writing/part-001.pdf,194
SAT,Reading and Writing,08395130,pdfs/SAT/Reading-and-Writing/part-001.pdf,196
SAT,Reading and Writing,26f5c4ba,pdfs/SAT/Reading-and-Writing/part-001.pdf,197
SAT,Reading and Writing,14189fbb,pdfs/SAT/Reading-and-Writing/part-001.pdf,198
SAT,Reading and Writing,cef77aa7,pdfs/SAT/Reading-and-Writing/part-001.pdf,199
SAT,Reading and Writing,dc3ea63e,pdfs/SAT/Reading-and-Writing/part-001.pdf,200
SAT,Reading and Writing,9c591ff7,pdfs/SAT/Reading-and-Writing/part-001.pdf,201
SAT,Reading and Writing,5d122d45,pdfs/SAT/Reading-and-Writing/part-001.pdf,202
SAT,Reading and Writing,fd1095d7,pdfs/SAT/Reading-and-Writing/part-001.pdf,203
SAT,Reading and Writing,a95075c5,pdfs/SAT/Reading-and-Writing/part-001.pdf,204
SAT,Reading and Writing,742fd8ba,pdfs/SAT/Reading-and-Writing/part-001.pdf,205
SAT,Reading and Writing,03e5cf33,pdfs/SAT/Reading-and-Writing/part-001.pdf,207
SAT,Reading and Writing,156ff681,pdfs/SAT/Reading-and-Writing/part-001.pdf,208
SAT,Reading and Writing,b168ce48,pdfs/SAT/Reading-and-Writing/part-001.pdf,209
SAT,Reading and Writing,8545ccfe,pdfs/SAT/Reading-and-Writing/part-001.pdf,210
SAT,Reading and Writing,40578580,pdfs/SAT/Reading-and-Writing/part-001.pdf,211
SAT,Reading and Writing,a9ac31e4,pdfs/SAT/Reading-and-Writing/part-001.pdf,212
SAT,Reading and Writing,e1504a2a,pdfs/SAT/Reading-and-Writing/part-001.pdf,214
SAT,Reading and Writing,e946a32e,pdfs/SAT/Reading-and-Writing/part-001.pdf,215
SAT,Reading and Writing,df34b586,pdfs/SAT/Reading-and-Writing/part-001.pdf,216
SAT,Reading and Writing,b29c520a,pdfs/SAT/Reading-and-Writing/part-001.pdf,218
SAT,Reading and Writing,d696eafa,pdfs/SAT/Reading-and-Writing/part-001.pdf,220
SAT,Reading and Writing,36e2868f,pdfs/SAT/Reading-and-Writing/part-001.pdf,221
SAT,Reading and Writing,9fe7aafa,pdfs/SAT/Reading-and-Writing/part-001.pdf,223
SAT,Reading and Writing,dc87adf4,pdfs/SAT/Reading-and-Writing/part-001.pdf,224
SAT,Reading and Writing,4b8eda0a,pdfs/SAT/Reading-and-Writing/part-001.pdf,225
SAT,Reading and Writing,3bfcb73b,pdfs/SAT/Reading-and-Writing/part-001.pdf,227
SAT,Reading and Writing,55688b3c,pdfs/SAT/Reading-and-Writing/part-001.pdf,228
SAT,Reading and Writing,c9708e7d,pdfs/SAT/Reading-and-Writing/part-001.pdf,229
SAT,Reading and Writing,7c21b4b5,pdfs/SAT/Reading-and-Writing/part-001.pdf,230
SAT,Reading and Writing,ed586475,pdfs/SAT/Reading-and-Writing/part-001.pdf,231
SAT,Reading and Writing,1bf2173e,pdfs/SAT/Reading-and-Writing/part-001.pdf,232
SAT,Reading and Writing,7bdf094b,pdfs/SAT/Reading-and-Writing/part-001.pdf,233
SAT,Reading and Writing,df91532e,pdfs/SAT/Reading-and-Writing/part-001.pdf,234
SAT,Reading and Writing,81af81d4,pdfs/SAT/Reading-and-Writing/part-001.pdf,235
SAT,Reading and Writing,8af0c099,pdfs/SAT/Reading-and-Writing/part-001.pdf,236
SAT,Reading and Writing,8584f3ce,pdfs/SAT/Reading-and-Writing/part-001.pdf,237
SAT,Reading and Writing,f71802d6,pdfs/SAT/Reading-and-Writing/part-001.pdf,238
SAT,Reading and Writing,c95995bc,pdfs/SAT/Reading-and-Writing/part-001.pdf,240
SAT,Reading and Writing,dbbbc5dd,pdfs/SAT/Reading-and-Writing/part-001.pdf,241
SAT,Reading and Writing,2573d64b,pdfs/SAT/Reading-and-Writing/part-001.pdf,242
SAT,Reading and Writing,6409016a,pdfs/SAT/Reading-and-Writing/part-001.pdf,243
SAT,Reading and Writing,8d88740e,pdfs/SAT/Reading-and-Writing/part-001.pdf,244
SAT,Reading and Writing,dcca0dfc,pdfs/SAT/Reading-and-Writing/part-001.pdf,246
SAT,Reading and Writing,e1546fd6,pdfs/SAT/Reading-and-Writing/part-001.pdf,247
SAT,Reading and Writing,04dff083,pdfs/SAT/Reading-and-Writing/part-001.pdf,248
SAT,Reading and Writing,8a3ecac6,pdfs/SAT/Reading-and-Writing/part-001.pdf,249
SAT,Reading and Writing,4025e00c,pdfs/SAT/Reading-and-Writing/part-001.pdf,250
SAT,Reading and Writing,9391b7cc,pdfs/SAT/Reading-and-Writing/part-001.pdf,251
SAT,Reading and Writing,9452092c,pdfs/SAT/Reading-and-Writing/part-001.pdf,252
SAT,Reading and Writing,2a075bd1,pdfs/SAT/Reading-and-Writing/part-001.pdf,253
SAT,Reading and Writing,2a5aa08a,pdfs/SAT/Reading-and-Writing/part-001.pdf,254
SAT,Reading and Writing,23ecf625,pdfs/SAT/Reading-and-Writing/part-001.pdf,255
SAT,Reading and Writing,8fbed1cb,pdfs/SAT/Reading-and-Writing/part-001.pdf,256
SAT,Reading and Writing,2592e0de,pdfs/SAT/Reading-and-Writing/part-001.pdf,257
SAT,Reading and Writing,db57afa3,pdfs/SAT/Reading-and-Writing/part-001.pdf,258
SAT,Reading and Writing,69d662af,pdfs/SAT/Reading-and-Writing/part-001.pdf,259
SAT,Reading and Writing,f2b3b53b,pdfs/SAT/Reading-and-Writing/part-001.pdf,260
SAT,Reading and Writing,44da37eb,pdfs/SAT/Reading-and-Writing/part-001.pdf,261
SAT,Reading and Writing,5432d1de,pdfs/SAT/Reading-and-Writing/part-001.pdf,262
SAT,Reading and Writing,4e9afd7a,pdfs/SAT/Reading-and-Writing/part-001.pdf,263
SAT,Reading and Writing,8209f485,pdfs/SAT/Reading-and-Writing/part-001.pdf,264
SAT,Reading and Writing,3882ddf6,pdfs/SAT/Reading-and-Writing/part-001.pdf,266
SAT,Reading and Writing,626a1308,pdfs/SAT/Reading-and-Writing/part-001.pdf,267
SAT,Reading and Writing,3233c162,pdfs/SAT/Reading-and-Writing/part-001.pdf,269
SAT,Reading and Writing,e65dfc41,pdfs/SAT/Reading-and-Writing/part-001.pdf,271
SAT,Reading and Writing,d74b9bc6,pdfs/SAT/Reading-and-Writing/part-001.pdf,272
SAT,Reading and Writing,7f0be746,pdfs/SAT/Reading-and-Writing/part-001.pdf,274
SAT,Reading and Writing,a44bbd6b,pdfs/SAT/Reading-and-Writing/part-001.pdf,275
SAT,Reading and Writing,a2b0fc3b,pdfs/SAT/Reading-and-Writing/part-001.pdf,276
SAT,Reading and Writing,89961e26,pdfs/SAT/Reading-and-Writing/part-001.pdf,278
SAT,Reading and Writing,2584bcfb,pdfs/SAT/Reading-and-Writing/part-001.pdf,279
SAT,Reading and Writing,d5da74be,pdfs/SAT/Reading-and-Writing/part-001.pdf,280
SAT,Reading and Writing,a59245a1,pdfs/SAT/Reading-and-Writing/part-001.pdf,282
SAT,Reading and Writing,628e1305,pdfs/SAT/Reading-and-Writing/part-001.pdf,283
SAT,Reading and Writing,4411e15b,pdfs/SAT/Reading-and-Writing/part-001.pdf,284
SAT,Reading and Writing,3f236877,pdfs/SAT/Reading-and-Writing/part-001.pdf,286
SAT,Reading and Writing,5b74feb9,pdfs/SAT/Reading-and-Writing/part-001.pdf,287
SAT,Reading and Writing,0198240a,pdfs/SAT/Reading-and-Writing/part-001.pdf,288
SAT,Reading and Writing,c2c61e7d,pdfs/SAT/Reading-and-Writing/part-001.pdf,289
SAT,Reading and Writing,81498c6a,pdfs/SAT/Reading-and-Writing/part-001.pdf,290
SAT,Reading and Writing,38e79659,pdfs/SAT/Reading-and-Writing/part-001.pdf,291
SAT,Reading and Writing,825dc766,pdfs/SAT/Reading-and-Writing/part-001.pdf,292
SAT,Reading and Writing,0240d11c,pdfs/SAT/Reading-and-Writing/part-001.pdf,293
SAT,Reading and Writing,fc1259dd,pdfs/SAT/Reading-and-Writing/part-001.pdf,294
SAT,Reading and Writing,25290c8d,pdfs/SAT/Reading-and-Writing/part-001.pdf,295
SAT,Reading and Writing,4d3e3c52,pdfs/SAT/Reading-and-Writing/part-001.pdf,296
SAT,Reading and Writing,d1b8a9ad,pdfs/SAT/Reading-and-Writing/part-001.pdf,297
SAT,Reading and Writing,420b82e2,pdfs/SAT/Reading-and-Writing/part-001.pdf,298
SAT,Reading and Writing,d52fca9f,pdfs/SAT/Reading-and-Writing/part-001.pdf,299
SAT,Reading and Writing,64b6427a,pdfs/SAT/Reading-and-Writing/part-001.pdf,300
SAT,Reading and Writing,02848335,pdfs/SAT/Reading-and-Writing/part-001.pdf,301
SAT,Reading and Writing,b633cc4f,pdfs/SAT/Reading-and-Writing/part-001.pdf,303
SAT,Reading and Writing,95dbdf51,pdfs/SAT/Reading-and-Writing/part-001.pdf,304
SAT,Reading and Writing,7ae8065c,pdfs/SAT/Reading-and-Writing/part-001.pdf,305
SAT,Reading and Writing,25b70215,pdfs/SAT/Reading-and-Writing/part-001.pdf,306
SAT,Reading and Writing,9e5ce27c,pdfs/SAT/Reading-and-Writing/part-001.pdf,307
SAT,Reading and Writing,28dfc05a,pdfs/SAT/Reading-and-Writing/part-001.pdf,308
SAT,Reading and Writing,55df0275,pdfs/SAT/Reading-and-Writing/part-001.pdf,309
SAT,Reading and Writing,66bef967,pdfs/SAT/Reading-and-Writing/part-001.pdf,311
SAT,Reading and Writing,1703403b,pdfs/SAT/Reading-and-Writing/part-001.pdf,312
SAT,Reading and Writing,668f75cb,pdfs/SAT/Reading-and-Writing/part-001.pdf,314
SAT,Reading and Writing,cbecb873,pdfs/SAT/Reading-and-Writing/part-001.pdf,315
SAT,Reading and Writing,eb775f90,pdfs/SAT/Reading-and-Writing/part-001.pdf,316
SAT,Reading and Writing,80fd9454,pdfs/SAT/Reading-and-Writing/part-001.pdf,317
SAT,Reading and Writing,c4bee178,pdfs/SAT/Reading-and-Writing/part-001.pdf,319
SAT,Reading and Writing,63e7799d,pdfs/SAT/Reading-and-Writing/part-001.pdf,320
SAT,Reading and Writing,0dba14e6,pdfs/SAT/Reading-and-Writing/part-001.pdf,321
SAT,Reading and Writing,995d55fd,pdfs/SAT/Reading-and-Writing/part-001.pdf,322
SAT,Reading and Writing,860803dd,pdfs/SAT/Reading-and-Writing/part-001.pdf,323
SAT,Reading and Writing,8c39592a,pdfs/SAT/Reading-and-Writing/part-001.pdf,324
SAT,Reading and Writing,04bcb7a9,pdfs/SAT/Reading-and-Writing/part-001.pdf,326
SAT,Reading and Writing,10455a19,pdfs/SAT/Reading-and-Writing/part-001.pdf,327
SAT,Reading and Writing,12030076,pdfs/SAT/Reading-and-Writing/part-001.pdf,328
SAT,Reading and Writing,b470d853,pdfs/SAT/Reading-and-Writing/part-001.pdf,329
SAT,Reading and Writing,99fdf71c,pdfs/SAT/Reading-and-Writing/part-001.pdf,331
SAT,Reading and Writing,a44c7bd4,pdfs/SAT/Reading-and-Writing/part-001.pdf,332
SAT,Reading and Writing,ff18829b,pdfs/SAT/Reading-and-Writing/part-001.pdf,333
SAT,Reading and Writing,e80ba20d,pdfs/SAT/Reading-and-Writing/part-001.pdf,335
SAT,Reading and Writing,e2829dd7,pdfs/SAT/Reading-and-Writing/part-001.pdf,337
SAT,Reading and Writing,194dd448,pdfs/SAT/Reading-and-Writing/part-001.pdf,339
SAT,Reading and Writing,08b28c1a,pdfs/SAT/Reading-and-Writing/part-001.pdf,340
SAT,Reading and Writing,4a07be59,pdfs/SAT/Reading-and-Writing/part-001.pdf,341
SAT,Reading and Writing,a7c52fa4,pdfs/SAT/Reading-and-Writing/part-001.pdf,342
SAT,Reading and Writing,a13c1c66,pdfs/SAT/Reading-and-Writing/part-001.pdf,344
SAT,Reading and Writing,350e2336,pdfs/SAT/Reading-and-Writing/part-001.pdf,345
SAT,Reading and Writing,c6b470bb,pdfs/SAT/Reading-and-Writing/part-001.pdf,346
SAT,Reading and Writing,38d75269,pdfs/SAT/Reading-and-Writing/part-001.pdf,347
SAT,Reading and Writing,c889e52e,pdfs/SAT/Reading-and-Writing/part-001.pdf,348
SAT,Reading and Writing,f8befe75,pdfs/SAT/Reading-and-Writing/part-001.pdf,349
SAT,Reading and Writing,ccf414c9,pdfs/SAT/Reading-and-Writing/part-001.pdf,350
SAT,Reading and Writing,f942646f,pdfs/SAT/Reading-and-Writing/part-001.pdf,352
SAT,Reading and Writing,3cc7d73b,pdfs/SAT/Reading-and-Writing/part-001.pdf,353
SAT,Reading and Writing,3f05e40f,pdfs/SAT/Reading-and-Writing/part-001.pdf,354
SAT,Reading and Writing,4a85fea6,pdfs/SAT/Reading-and-Writing/part-001.pdf,355
SAT,Reading and Writing,4ef17800,pdfs/SAT/Reading-and-Writing/part-001.pdf,356
SAT,Reading and Writing,de0a5b4e,pdfs/SAT/Reading-and-Writing/part-002.pdf,1
SAT,Reading and Writing,e18d75ea,pdfs/SAT/Reading-and-Writing/part-002.pdf,2
SAT,Reading and Writing,a04807d8,pdfs/SAT/Reading-and-Writing/part-002.pdf,3
SAT,Reading and Writing,a0203977,pdfs/SAT/Reading-and-Writing/part-002.pdf,4
SAT,Reading and Writing,0992bd73,pdfs/SAT/Reading-and-Writing/part-002.pdf,5
SAT,Reading and Writing,6af80ff3,pdfs/SAT/Reading-and-Writing/part-002.pdf,7
SAT,Reading and Writing,1ffd60ce,pdfs/SAT/Reading-and-Writing/part-002.pdf,9
SAT,Reading and Writing,0ec15b5a,pdfs/SAT/Reading-and-Writing/part-002.pdf,10
SAT,Reading and Writing,a9390104,pdfs/SAT/Reading-and-Writing/part-002.pdf,11
SAT,Reading and Writing,16025337,pdfs/SAT/Reading-and-Writing/part-002.pdf,12
SAT,Reading and Writing,20583752,pdfs/SAT/Reading-and-Writing/part-002.pdf,13
SAT,Reading and Writing,b28dc26d,pdfs/SAT/Reading-and-Writing/part-002.pdf,14
SAT,Reading and Writing,659c6c1d,pdfs/SAT/Reading-and-Writing/part-002.pdf,15
SAT,Reading and Writing,fcae209f,pdfs/SAT/Reading-and-Writing/part-002.pdf,16
SAT,Reading and Writing,8f3a200e,pdfs/SAT/Reading-and-Writing/part-002.pdf,17
SAT,Reading and Writing,db2da2bf,pdfs/SAT/Reading-and-Writing/part-002.pdf,18
SAT,Reading and Writing,39de2206,pdfs/SAT/Reading-and-Writing/part-002.pdf,19
SAT,Reading and Writing,72cbdbc6,pdfs/SAT/Reading-and-Writing/part-002.pdf,20
SAT,Reading and Writing,2287b040,pdfs/SAT/Reading-and-Writing/part-002.pdf,21
SAT,Reading and Writing,d5c2a4d4,pdfs/SAT/Reading-and-Writing/part-002.pdf,22
SAT,Reading and Writing,6abe5e3c,pdfs/SAT/Reading-and-Writing/part-002.pdf,23
SAT,Reading and Writing,cf7491c1,pdfs/SAT/Reading-and-Writing/part-002.pdf,24
SAT,Reading and Writing,df37c087,pdfs/SAT/Reading-and-Writing/part-002.pdf,26
SAT,Reading and Writing,5d6ab069,pdfs/SAT/Reading-and-Writing/part-002.pdf,28
SAT,Reading and Writing,e6e6be2d,pdfs/SAT/Reading-and-Writing/part-002.pdf,29
SAT,Reading and Writing,6675c5c3,pdfs/SAT/Reading-and-Writing/part-002.pdf,30
SAT,Reading and Writing,0dccbf17,pdfs/SAT/Reading-and-Writing/part-002.pdf,31
SAT,Reading and Writing,37e15265,pdfs/SAT/Reading-and-Writing/part-002.pdf,32
SAT,Reading and Writing,f9c4bdab,pdfs/SAT/Reading-and-Writing/part-002.pdf,33
SAT,Reading and Writing,25893fc7,pdfs/SAT/Reading-and-Writing/part-002.pdf,34
SAT,Reading and Writing,5632ffb4,pdfs/SAT/Reading-and-Writing/part-002.pdf,35
SAT,Reading and Writing,6eb0223c,pdfs/SAT/Reading-and-Writing/part-002.pdf,36
SAT,Reading and Writing,5d453dcc,pdfs/SAT/Reading-and-Writing/part-002.pdf,37
SAT,Reading and Writing,b238a07a,pdfs/SAT/Reading-and-Writing/part-002.pdf,39
SAT,Reading and Writing,b32c4b3a,pdfs/SAT/Reading-and-Writing/part-002.pdf,40
SAT,Reading and Writing,d102706f,pdfs/SAT/Reading-and-Writing/part-002.pdf,41
SAT,Reading and Writing,3d505895,pdfs/SAT/Reading-and-Writing/part-002.pdf,43
SAT,Reading and Writing,23b5cb59,pdfs/SAT/Reading-and-Writing/part-002.pdf,44
SAT,Reading and Writing,ac7166f7,pdfs/SAT/Reading-and-Writing/part-002.pdf,45
SAT,Reading and Writing,2ef8e367,pdfs/SAT/Reading-and-Writing/part-002.pdf,46
SAT,Reading and Writing,1b9b29f1,pdfs/SAT/Reading-and-Writing/part-002.pdf,47
SAT,Reading and Writing,61228830,pdfs/SAT/Reading-and-Writing/part-002.pdf,48
SAT,Reading and Writing,ad680167,pdfs/SAT/Reading-and-Writing/part-002.pdf,49
SAT,Reading and Writing,34c2e387,pdfs/SAT/Reading-and-Writing/part-002.pdf,50
SAT,Reading and Writing,2df56712,pdfs/SAT/Reading-and-Writing/part-002.pdf,51
SAT,Reading and Writing,cebfb2c6,pdfs/SAT/Reading-and-Writing/part-002.pdf,52
SAT,Reading and Writing,af9e3240,pdfs/SAT/Reading-and-Writing/part-002.pdf,53
SAT,Reading and Writing,71c2cea9,pdfs/SAT/Reading-and-Writing/part-002.pdf,54
SAT,Reading and Writing,0fd96039,pdfs/SAT/Reading-and-Writing/part-002.pdf,55
SAT,Reading and Writing,75208874,pdfs/SAT/Reading-and-Writing/part-002.pdf,56
SAT,Reading and Writing,787729be,pdfs/SAT/Reading-and-Writing/part-002.pdf,57
SAT,Reading and Writing,e441da80,pdfs/SAT/Reading-and-Writing/part-002.pdf,58
SAT,Reading and Writing,45c03837,pdfs/SAT/Reading-and-Writing/part-002.pdf,60
SAT,Reading and Writing,575e67df,pdfs/SAT/Reading-and-Writing/part-002.pdf,61
SAT,Reading and Writing,2398ffbf,pdfs/SAT/Reading-and-Writing/part-002.pdf,62
SAT,Reading and Writing,1d08c7ee,pdfs/SAT/Reading-and-Writing/part-002.pdf,63
SAT,Reading and Writing,e37f79a7,pdfs/SAT/Reading-and-Writing/part-002.pdf,64
SAT,Reading and Writing,adbcbce0,pdfs/SAT/Reading-and-Writing/part-002.pdf,65
SAT,Reading and Writing,e9521fd1,pdfs/SAT/Reading-and-Writing/part-002.pdf,66
SAT,Reading and Writing,82bdf676,pdfs/SAT/Reading-and-Writing/part-002.pdf,67
SAT,Reading and Writing,881ba6f1,pdfs/SAT/Reading-and-Writing/part-002.pdf,69
SAT,Reading and Writing,0b634641,pdfs/SAT/Reading-and-Writing/part-002.pdf,70
SAT,Reading and Writing,73caa3ab,pdfs/SAT/Reading-and-Writing/part-002.pdf,72
SAT,Reading and Writing,6536183b,pdfs/SAT/Reading-and-Writing/part-002.pdf,73
SAT,Reading and Writing,96d1c1fe,pdfs/SAT/Reading-and-Writing/part-002.pdf,74
SAT,Reading and Writing,2644644a,pdfs/SAT/Reading-and-Writing/part-002.pdf,75
SAT,Reading and Writing,08ff903e,pdfs/SAT/Reading-and-Writing/part-002.pdf,77
SAT,Reading and Writing,47f2cddd,pdfs/SAT/Reading-and-Writing/part-002.pdf,78
SAT,Reading and Writing,7812801f,pdfs/SAT/Reading-and-Writing/part-002.pdf,79
SAT,Reading and Writing,e35aa99b,pdfs/SAT/Reading-and-Writing/part-002.pdf,80
SAT,Reading and Writing,dd349efc,pdfs/SAT/Reading-and-Writing/part-002.pdf,82
SAT,Reading and Writing,e1ee5f5c,pdfs/SAT/Reading-and-Writing/part-002.pdf,84
SAT,Reading and Writing,b7f79059,pdfs/SAT/Reading-and-Writing/part-002.pdf,85
SAT,Reading and Writing,b5e9f3c2,pdfs/SAT/Reading-and-Writing/part-002.pdf,86
SAT,Reading and Writing,629fb8a9,pdfs/SAT/Reading-and-Writing/part-002.pdf,87
SAT,Reading and Writing,7aa510fb,pdfs/SAT/Reading-and-Writing/part-002.pdf,89
SAT,Reading and Writing,5eda42a3,pdfs/SAT/Reading-and-Writing/part-002.pdf,90
SAT,Reading and Writing,010fa3f0,pdfs/SAT/Reading-and-Writing/part-002.pdf,91
SAT,Reading and Writing,8fb67890,pdfs/SAT/Reading-and-Writing/part-002.pdf,93
SAT,Reading and Writing,251e5281,pdfs/SAT/Reading-and-Writing/part-002.pdf,94
SAT,Reading and Writing,6540a976,pdfs/SAT/Reading-and-Writing/part-002.pdf,95
SAT,Reading and Writing,4f9f8ea6,pdfs/SAT/Reading-and-Writing/part-002.pdf,96
SAT,Reading and Writing,2edd7ffe,pdfs/SAT/Reading-and-Writing/part-002.pdf,97
SAT,Reading and Writing,2c06139b,pdfs/SAT/Reading-and-Writing/part-002.pdf,98
SAT,Reading and Writing,e99a38ec,pdfs/SAT/Reading-and-Writing/part-002.pdf,99
SAT,Reading and Writing,01c1d9ee,pdfs/SAT/Reading-and-Writing/part-002.pdf,101
SAT,Reading and Writing,e47d2524,pdfs/SAT/Reading-and-Writing/part-002.pdf,103
SAT,Reading and Writing,b603f00b,pdfs/SAT/Reading-and-Writing/part-002.pdf,104
SAT,Reading and Writing,26ee16ba,pdfs/SAT/Reading-and-Writing/part-002.pdf,105
SAT,Reading and Writing,024eb2ec,pdfs/SAT/Reading-and-Writing/part-002.pdf,106
SAT,Reading and Writing,31ad8024,pdfs/SAT/Reading-and-Writing/part-002.pdf,107
SAT,Reading and Writing,4a5bda7a,pdfs/SAT/Reading-and-Writing/part-002.pdf,108
SAT,Reading and Writing,f2250478,pdfs/SAT/Reading-and-Writing/part-002.pdf,109
SAT,Reading and Writing,0b96fa93,pdfs/SAT/Reading-and-Writing/part-002.pdf,110
SAT,Reading and Writing,d5d3ea31,pdfs/SAT/Reading-and-Writing/part-002.pdf,111
SAT,Reading and Writing,6e0e0de1,pdfs/SAT/Reading-and-Writing/part-002.pdf,112
SAT,Reading and Writing,493c46bc,pdfs/SAT/Reading-and-Writing/part-002.pdf,113
SAT,Reading and Writing,b074cc05,pdfs/SAT/Reading-and-Writing/part-002.pdf,114
SAT,Reading and Writing,1db1a9a6,pdfs/SAT/Reading-and-Writing/part-002.pdf,116
SAT,Reading and Writing,16a4a83b,pdfs/SAT/Reading-and-Writing/part-002.pdf,118
SAT,Reading and Writing,0b696a0c,pdfs/SAT/Reading-and-Writing/part-002.pdf,119
SAT,Reading and Writing,37a49687,pdfs/SAT/Reading-and-Writing/part-002.pdf,120
SAT,Reading and Writing,0113152f,pdfs/SAT/Reading-and-Writing/part-002.pdf,122
SAT,Reading and Writing,3a1f02b0,pdfs/SAT/Reading-and-Writing/part-002.pdf,123
SAT,Reading and Writing,f38b40ac,pdfs/SAT/Reading-and-Writing/part-002.pdf,124
SAT,Reading and Writing,a0b58ef0,pdfs/SAT/Reading-and-Writing/part-002.pdf,125
SAT,Reading and Writing,89f71526,pdfs/SAT/Reading-and-Writing/part-002.pdf,126
SAT,Reading and Writing,3430be35,pdfs/SAT/Reading-and-Writing/part-002.pdf,127
SAT,Reading and Writing,7f293254,pdfs/SAT/Reading-and-Writing/part-002.pdf,129
SAT,Reading and Writing,3ae2638c,pdfs/SAT/Reading-and-Writing/part-002.pdf,130
SAT,Reading and Writing,23a7038f,pdfs/SAT/Reading-and-Writing/part-002.pdf,131
SAT,Reading and Writing,4d38c2ea,pdfs/SAT/Reading-and-Writing/part-002.pdf,132
SAT,Reading and Writing,7a895def,pdfs/SAT/Reading-and-Writing/part-002.pdf,133
SAT,Reading and Writing,5cf5c0d3,pdfs/SAT/Reading-and-Writing/part-002.pdf,134
SAT,Reading and Writing,f3f444bc,pdfs/SAT/Reading-and-Writing/part-002.pdf,136
SAT,Reading and Writing,a12a83ce,pdfs/SAT/Reading-and-Writing/part-002.pdf,137
SAT,Reading and Writing,5cd55c77,pdfs/SAT/Reading-and-Writing/part-002.pdf,139
SAT,Reading and Writing,9aa5efc4,pdfs/SAT/Reading-and-Writing/part-002.pdf,140
SAT,Reading and Writing,b2e54b50,pdfs/SAT/Reading-and-Writing/part-002.pdf,141
SAT,Reading and Writing,cca6fae9,pdfs/SAT/Reading-and-Writing/part-002.pdf,142
SAT,Reading and Writing,8af28416,pdfs/SAT/Reading-and-Writing/part-002.pdf,144
SAT,Reading and Writing,f495b554,pdfs/SAT/Reading-and-Writing/part-002.pdf,146
SAT,Reading and Writing,73c091d2,pdfs/SAT/Reading-and-Writing/part-002.pdf,147
SAT,Reading and Writing,303bcc41,pdfs/SAT/Reading-and-Writing/part-002.pdf,148
SAT,Reading and Writing,16ce90d9,pdfs/SAT/Reading-and-Writing/part-002.pdf,150
SAT,Reading and Writing,25fc2534,pdfs/SAT/Reading-and-Writing/part-002.pdf,151
SAT,Reading and Writing,145da981,pdfs/SAT/Reading-and-Writing/part-002.pdf,152
SAT,Reading and Writing,2d2983b3,pdfs/SAT/Reading-and-Writing/part-002.pdf,153
SAT,Reading and Writing,224428ac,pdfs/SAT/Reading-and-Writing/part-002.pdf,154
SAT,Reading and Writing,eca09a92,pdfs/SAT/Reading-and-Writing/part-002.pdf,156
SAT,Reading and Writing,ede3f942,pdfs/SAT/Reading-and-Writing/part-002.pdf,157
SAT,Reading and Writing,7dab4d5d,pdfs/SAT/Reading-and-Writing/part-002.pdf,158
SAT,Reading and Writing,014b3394,pdfs/SAT/Reading-and-Writing/part-002.pdf,160
SAT,Reading and Writing,d76ea360,pdfs/SAT/Reading-and-Writing/part-002.pdf,162
SAT,Reading and Writing,66fd248a,pdfs/SAT/Reading-and-Writing/part-002.pdf,163
SAT,Reading and Writing,5869a196,pdfs/SAT/Reading-and-Writing/part-002.pdf,164
SAT,Reading and Writing,ead0fd9b,pdfs/SAT/Reading-and-Writing/part-002.pdf,166
SAT,Reading and Writing,7921b86b,pdfs/SAT/Reading-and-Writing/part-002.pdf,167
SAT,Reading and Writing,46e45728,pdfs/SAT/Reading-and-Writing/part-002.pdf,168
SAT,Reading and Writing,9c407117,pdfs/SAT/Reading-and-Writing/part-002.pdf,169
SAT,Reading and Writing,6d69ab93,pdfs/SAT/Reading-and-Writing/part-002.pdf,170
SAT,Reading and Writing,84136d69,pdfs/SAT/Reading-and-Writing/part-002.pdf,172
SAT,Reading and Writing,95146ebb,pdfs/SAT/Reading-and-Writing/part-002.pdf,174
SAT,Reading and Writing,9077be25,pdfs/SAT/Reading-and-Writing/part-002.pdf,175
SAT,Reading and Writing,f27559d4,pdfs/SAT/Reading-and-Writing/part-002.pdf,176
SAT,Reading and Writing,43f4013a,pdfs/SAT/Reading-and-Writing/part-002.pdf,177
SAT,Reading and Writing,eaf22802,pdfs/SAT/Reading-and-Writing/part-002.pdf,179
SAT,Reading and Writing,d1539546,pdfs/SAT/Reading-and-Writing/part-002.pdf,180
SAT,Reading and Writing,faaf484f,pdfs/SAT/Reading-and-Writing/part-002.pdf,181
SAT,Reading and Writing,627d93e3,pdfs/SAT/Reading-and-Writing/part-002.pdf,182
SAT,Reading and Writing,bbfa2bb6,pdfs/SAT/Reading-and-Writing/part-002.pdf,184
SAT,Reading and Writing,df9c5a1d,pdfs/SAT/Reading-and-Writing/part-002.pdf,185
SAT,Reading and Writing,df654a2b,pdfs/SAT/Reading-and-Writing/part-002.pdf,187
SAT,Reading and Writing,daa90829,pdfs/SAT/Reading-and-Writing/part-002.pdf,188
SAT,Reading and Writing,1d0b5bf4,pdfs/SAT/Reading-and-Writing/part-002.pdf,189
SAT,Reading and Writing,dc47c2ac,pdfs/SAT/Reading-and-Writing/part-002.pdf,190
SAT,Reading and Writing,7fdba7ad,pdfs/SAT/Reading-and-Writing/part-002.pdf,191
SAT,Reading and Writing,485962a6,pdfs/SAT/Reading-and-Writing/part-002.pdf,192
SAT,Reading and Writing,d2e0cba5,pdfs/SAT/Reading-and-Writing/part-002.pdf,193
SAT,Reading and Writing,bcbcc43f,pdfs/SAT/Reading-and-Writing/part-002.pdf,194
SAT,Reading and Writing,d8b78a2b,pdfs/SAT/Reading-and-Writing/part-002.pdf,195
SAT,Reading and Writing,33b1b285,pdfs/SAT/Reading-and-Writing/part-002.pdf,196
SAT,Reading and Writing,cf3acc50,pdfs/SAT/Reading-and-Writing/part-002.pdf,197
SAT,Reading and Writing,7254379e,pdfs/SAT/Reading-and-Writing/part-002.pdf,198
SAT,Reading and Writing,4802f6a5,pdfs/SAT/Reading-and-Writing/part-002.pdf,199
SAT,Reading and Writing,46a31ca1,pdfs/SAT/Reading-and-Writing/part-002.pdf,200
SAT,Reading and Writing,23e2421a,pdfs/SAT/Reading-and-Writing/part-002.pdf,202
SAT,Reading and Writing,d047abca,pdfs/SAT/Reading-and-Writing/part-002.pdf,204
SAT,Reading and Writing,df8caadd,pdfs/SAT/Reading-and-Writing/part-002.pdf,205
SAT,Reading and Writing,9abc3ba5,pdfs/SAT/Reading-and-Writing/part-002.pdf,207
SAT,Reading and Writing,94c726fb,pdfs/SAT/Reading-and-Writing/part-002.pdf,208
SAT,Reading and Writing,98fd50f2,pdfs/SAT/Reading-and-Writing/part-002.pdf,209
SAT,Reading and Writing,fc57d569,pdfs/SAT/Reading-and-Writing/part-002.pdf,210
SAT,Reading and Writing,5ff1ba73,pdfs/SAT/Reading-and-Writing/part-002.pdf,211
SAT,Reading and Writing,94978129,pdfs/SAT/Reading-and-Writing/part-002.pdf,212
SAT,Reading and Writing,38facbad,pdfs/SAT/Reading-and-Writing/part-002.pdf,214
SAT,Reading and Writing,abbea24d,pdfs/SAT/Reading-and-Writing/part-002.pdf,215
SAT,Reading and Writing,0014477f,pdfs/SAT/Reading-and-Writing/part-002.pdf,216
SAT,Reading and Writing,6ca4f991,pdfs/SAT/Reading-and-Writing/part-002.pdf,217
SAT,Reading and Writing,5c73f0cc,pdfs/SAT/Reading-and-Writing/part-002.pdf,218
SAT,Reading and Writing,b4cda84d,pdfs/SAT/Reading-and-Writing/part-002.pdf,220
SAT,Reading and Writing,5b4829d2,pdfs/SAT/Reading-and-Writing/part-002.pdf,221
SAT,Reading and Writing,805bd1d6,pdfs/SAT/Reading-and-Writing/part-002.pdf,222
SAT,Reading and Writing,7ffae38a,pdfs/SAT/Reading-and-Writing/part-002.pdf,224
SAT,Reading and Writing,706046f7,pdfs/SAT/Reading-and-Writing/part-002.pdf,225
SAT,Reading and Writing,409058ee,pdfs/SAT/Reading-and-Writing/part-002.pdf,226
SAT,Reading and Writing,7c9a65bb,pdfs/SAT/Reading-and-Writing/part-002.pdf,227
SAT,Reading and Writing,5c7e0d62,pdfs/SAT/Reading-and-Writing/part-002.pdf,228
SAT,Reading and Writing,299c5303,pdfs/SAT/Reading-and-Writing/part-002.pdf,229
SAT,Reading and Writing,378c66d5,pdfs/SAT/Reading-and-Writing/part-002.pdf,230
SAT,Reading and Writing,6762772f,pdfs/SAT/Reading-and-Writing/part-002.pdf,231
SAT,Reading and Writing,b62cb782,pdfs/SAT/Reading-and-Writing/part-002.pdf,232
SAT,Reading and Writing,dc5edbf6,pdfs/SAT/Reading-and-Writing/part-002.pdf,233
SAT,Reading and Writing,800771e5,pdfs/SAT/Reading-and-Writing/part-002.pdf,234
SAT,Reading and Writing,5105ca38,pdfs/SAT/Reading-and-Writing/part-002.pdf,236
SAT,Reading and Writing,d8758c3b,pdfs/SAT/Reading-and-Writing/part-002.pdf,237
SAT,Reading and Writing,72c7dafd,pdfs/SAT/Reading-and-Writing/part-002.pdf,238
SAT,Reading and Writing,22b3da87,pdfs/SAT/Reading-and-Writing/part-002.pdf,239
SAT,Reading and Writing,ca9dc00f,pdfs/SAT/Reading-and-Writing/part-002.pdf,240
SAT,Reading and Writing,0021d326,pdfs/SAT/Reading-and-Writing/part-002.pdf,242
SAT,Reading and Writing,303537cf,pdfs/SAT/Reading-and-Writing/part-002.pdf,243
SAT,Reading and Writing,bcf2f169,pdfs/SAT/Reading-and-Writing/part-002.pdf,244
SAT,Reading and Writing,35ec767c,pdfs/SAT/Reading-and-Writing/part-002.pdf,245
SAT,Reading and Writing,0e3b4967,pdfs/SAT/Reading-and-Writing/part-002.pdf,246
SAT,Reading and Writing,b4da6aaf,pdfs/SAT/Reading-and-Writing/part-002.pdf,247
SAT,Reading and Writing,24c1b7e4,pdfs/SAT/Reading-and-Writing/part-002.pdf,248
SAT,Reading and Writing,c188a397,pdfs/SAT/Reading-and-Writing/part-002.pdf,249
SAT,Reading and Writing,ee41d7e0,pdfs/SAT/Reading-and-Writing/part-002.pdf,250
SAT,Reading and Writing,fbb84fb0,pdfs/SAT/Reading-and-Writing/part-002.pdf,251
SAT,Reading and Writing,11c00ab9,pdfs/SAT/Reading-and-Writing/part-002.pdf,252
SAT,Reading and Writing,73d457b6,pdfs/SAT/Reading-and-Writing/part-002.pdf,253
SAT,Reading and Writing,41d5c33e,pdfs/SAT/Reading-and-Writing/part-002.pdf,254
SAT,Reading and Writing,56f477fb,pdfs/SAT/Reading-and-Writing/part-002.pdf,255
SAT,Reading and Writing,cac82f9b,pdfs/SAT/Reading-and-Writing/part-002.pdf,256
SAT,Reading and Writing,7afdcca2,pdfs/SAT/Reading-and-Writing/part-002.pdf,257
SAT,Reading and Writing,783d1388,pdfs/SAT/Reading-and-Writing/part-002.pdf,258
SAT,Reading and Writing,af125459,pdfs/SAT/Reading-and-Writing/part-002.pdf,259
SAT,Reading and Writing,b69d821d,pdfs/SAT/Reading-and-Writing/part-002.pdf,260
SAT,Reading and Writing,cbdd5287,pdfs/SAT/Reading-and-Writing/part-002.pdf,262
SAT,Reading and Writing,0045c234,pdfs/SAT/Reading-and-Writing/part-002.pdf,264
SAT,Reading and Writing,f9884b7a,pdfs/SAT/Reading-and-Writing/part-002.pdf,265
SAT,Reading and Writing,923ebfe3,pdfs/SAT/Reading-and-Writing/part-002.pdf,266
SAT,Reading and Writing,b9a3941b,pdfs/SAT/Reading-and-Writing/part-002.pdf,267
SAT,Reading and Writing,09775cbf,pdfs/SAT/Reading-and-Writing/part-002.pdf,269
SAT,Reading and Writing,45f66433,pdfs/SAT/Reading-and-Writing/part-002.pdf,271
SAT,Reading and Writing,f64ff4fb,pdfs/SAT/Reading-and-Writing/part-002.pdf,272
SAT,Reading and Writing,e503ae04,pdfs/SAT/Reading-and-Writing/part-002.pdf,273
SAT,Reading and Writing,f2208f98,pdfs/SAT/Reading-and-Writing/part-002.pdf,274
SAT,Reading and Writing,dd412b31,pdfs/SAT/Reading-and-Writing/part-002.pdf,275
SAT,Reading and Writing,a3fb5e77,pdfs/SAT/Reading-and-Writing/part-002.pdf,276
SAT,Reading and Writing,3f7f35ea,pdfs/SAT/Reading-and-Writing/part-002.pdf,277
SAT,Reading and Writing,87023f34,pdfs/SAT/Reading-and-Writing/part-002.pdf,278
SAT,Reading and Writing,4fc9a13a,pdfs/SAT/Reading-and-Writing/part-002.pdf,279
SAT,Reading and Writing,5d20f560,pdfs/SAT/Reading-and-Writing/part-002.pdf,280
SAT,Reading and Writing,cae97f58,pdfs/SAT/Reading-and-Writing/part-002.pdf,281
SAT,Reading and Writing,c088a9a9,pdfs/SAT/Reading-and-Writing/part-002.pdf,282
SAT,Reading and Writing,748995b3,pdfs/SAT/Reading-and-Writing/part-002.pdf,283
SAT,Reading and Writing,9c199797,pdfs/SAT/Reading-and-Writing/part-002.pdf,284
SAT,Reading and Writing,8391a002,pdfs/SAT/Reading-and-Writing/part-002.pdf,285
SAT,Reading and Writing,65502c46,pdfs/SAT/Reading-and-Writing/part-002.pdf,286
SAT,Reading and Writing,6317295c,pdfs/SAT/Reading-and-Writing/part-002.pdf,287
SAT,Reading and Writing,ab94d40a,pdfs/SAT/Reading-and-Writing/part-002.pdf,288
SAT,Reading and Writing,4987f743,pdfs/SAT/Reading-and-Writing/part-002.pdf,289
SAT,Reading and Writing,835545cd,pdfs/SAT/Reading-and-Writing/part-002.pdf,291
SAT,Reading and Writing,a842db60,pdfs/SAT/Reading-and-Writing/part-002.pdf,292
SAT,Reading and Writing,c384987b,pdfs/SAT/Reading-and-Writing/part-002.pdf,293
SAT,Reading and Writing,9869c261,pdfs/SAT/Reading-and-Writing/part-002.pdf,294
SAT,Reading and Writing,a66f9b8d,pdfs/SAT/Reading-and-Writing/part-002.pdf,295
SAT,Reading and Writing,1e85caa9,pdfs/SAT/Reading-and-Writing/part-002.pdf,296
SAT,Reading and Writing,124fdcd7,pdfs/SAT/Reading-and-Writing/part-002.pdf,297
SAT,Reading and Writing,93cad661,pdfs/SAT/Reading-and-Writing/part-002.pdf,298
SAT,Reading and Writing,03701ef3,pdfs/SAT/Reading-and-Writing/part-002.pdf,299
SAT,Reading and Writing,54be8f96,pdfs/SAT/Reading-and-Writing/part-002.pdf,300
SAT,Reading and Writing,27ea642e,pdfs/SAT/Reading-and-Writing/part-002.pdf,302
SAT,Reading and Writing,b1fab3e1,pdfs/SAT/Reading-and-Writing/part-002.pdf,303
SAT,Reading and Writing,84b5125b,pdfs/SAT/Reading-and-Writing/part-002.pdf,304
SAT,Reading and Writing,dd0aada1,pdfs/SAT/Reading-and-Writing/part-002.pdf,305
SAT,Reading and Writing,fa014d2d,pdfs/SAT/Reading-and-Writing/part-002.pdf,306
SAT,Reading and Writing,5fe53347,pdfs/SAT/Reading-and-Writing/part-002.pdf,307
SAT,Reading and Writing,359902ae,pdfs/SAT/Reading-and-Writing/part-002.pdf,308
SAT,Reading and Writing,22a41819,pdfs/SAT/Reading-and-Writing/part-002.pdf,309
SAT,Reading and Writing,ca50de52,pdfs/SAT/Reading-and-Writing/part-002.pdf,310
SAT,Reading and Writing,82cb7dda,pdfs/SAT/Reading-and-Writing/part-002.pdf,311
SAT,Reading and Writing,f0be91b2,pdfs/SAT/Reading-and-Writing/part-002.pdf,312
SAT,Reading and Writing,c977cfcf,pdfs/SAT/Reading-and-Writing/part-002.pdf,313
SAT,Reading and Writing,e35d481c,pdfs/SAT/Reading-and-Writing/part-002.pdf,314
SAT,Reading and Writing,45a109a3,pdfs/SAT/Reading-and-Writing/part-002.pdf,315
SAT,Reading and Writing,5e57efec,pdfs/SAT/Reading-and-Writing/part-002.pdf,316
SAT,Reading and Writing,1c7fe9be,pdfs/SAT/Reading-and-Writing/part-002.pdf,317
SAT,Reading and Writing,c966ad55,pdfs/SAT/Reading-and-Writing/part-002.pdf,318
SAT,Reading and Writing,757077f9,pdfs/SAT/Reading-and-Writing/part-002.pdf,319
SAT,Reading and Writing,eb89dcc8,pdfs/SAT/Reading-and-Writing/part-002.pdf,320
SAT,Reading and Writing,2af2016f,pdfs/SAT/Reading-and-Writing/part-002.pdf,321
SAT,Reading and Writing,b13378c8,pdfs/SAT/Reading-and-Writing/part-002.pdf,322
SAT,Reading and Writing,97e5bf55,pdfs/SAT/Reading-and-Writing/part-002.pdf,323
SAT,Reading and Writing,d4a8f7cb,pdfs/SAT/Reading-and-Writing/part-002.pdf,324
SAT,Reading and Writing,84ece3f6,pdfs/SAT/Reading-and-Writing/part-002.pdf,325
SAT,Reading and Writing,1917ba9a,pdfs/SAT/Reading-and-Writing/part-002.pdf,326
SAT,Reading and Writing,95f037ad,pdfs/SAT/Reading-and-Writing/part-002.pdf,328
SAT,Reading and Writing,d4732483,pdfs/SAT/Reading-and-Writing/part-002.pdf,329
SAT,Reading and Writing,d9915c15,pdfs/SAT/Reading-and-Writing/part-002.pdf,330
SAT,Reading and Writing,e386a11d,pdfs/SAT/Reading-and-Writing/part-002.pdf,331
SAT,Reading and Writing,e818241b,pdfs/SAT/Reading-and-Writing/part-002.pdf,332
SAT,Reading and Writing,a1139ff8,pdfs/SAT/Reading-and-Writing/part-002.pdf,333
SAT,Reading and Writing,d5ad34f0,pdfs/SAT/Reading-and-Writing/part-002.pdf,334
SAT,Reading and Writing,6c086e70,pdfs/SAT/Reading-and-Writing/part-002.pdf,335
SAT,Reading and Writing,236fee8e,pdfs/SAT/Reading-and-Writing/part-002.pdf,336
SAT,Reading and Writing,97ab5669,pdfs/SAT/Reading-and-Writing/part-002.pdf,337
SAT,Reading and Writing,be612a26,pdfs/SAT/Reading-and-Writing/part-002.pdf,338
SAT,Reading and Writing,a0777403,pdfs/SAT/Reading-and-Writing/part-002.pdf,339
SAT,Reading and Writing,02fd3da7,pdfs/SAT/Reading-and-Writing/part-002.pdf,340
SAT,Reading and Writing,6c9f1727,pdfs/SAT/Reading-and-Writing/part-002.pdf,341
SAT,Reading and Writing,06b96bfc,pdfs/SAT/Reading-and-Writing/part-002.pdf,342
SAT,Reading and Writing,4d13a0c0,pdfs/SAT/Reading-and-Writing/part-002.pdf,343
SAT,Reading and Writing,3f37eb3b,pdfs/SAT/Reading-and-Writing/part-002.pdf,344
SAT,Reading and Writing,93665100,pdfs/SAT/Reading-and-Writing/part-002.pdf,345
SAT,Reading and Writing,0f040c50,pdfs/SAT/Reading-and-Writing/part-002.pdf,346
SAT,Reading and Writing,994be036,pdfs/SAT/Reading-and-Writing/part-002.pdf,347
SAT,Reading and Writing,e1d5d5df,pdfs/SAT/Reading-and-Writing/part-002.pdf,348
SAT,Reading and Writing,cef79fb9,pdfs/SAT/Reading-and-Writing/part-002.pdf,349
SAT,Reading and Writing,9e501aaf,pdfs/SAT/Reading-and-Writing/part-003.pdf,1
SAT,Reading and Writing,9cdcd902,pdfs/SAT/Reading-and-Writing/part-003.pdf,2
SAT,Reading and Writing,e459076b,pdfs/SAT/Reading-and-Writing/part-003.pdf,3
SAT,Reading and Writing,0462dac3,pdfs/SAT/Reading-and-Writing/part-003.pdf,4
SAT,Reading and Writing,eaea6f8f,pdfs/SAT/Reading-and-Writing/part-003.pdf,5
SAT,Reading and Writing,4974b053,pdfs/SAT/Reading-and-Writing/part-003.pdf,6
SAT,Reading and Writing,3ec184af,pdfs/SAT/Reading-and-Writing/part-003.pdf,7
SAT,Reading and Writing,105ea6de,pdfs/SAT/Reading-and-Writing/part-003.pdf,8
SAT,Reading and Writing,5f56fdec,pdfs/SAT/Reading-and-Writing/part-003.pdf,9
SAT,Reading and Writing,7d8224f9,pdfs/SAT/Reading-and-Writing/part-003.pdf,10
SAT,Reading and Writing,2903a041,pdfs/SAT/Reading-and-Writing/part-003.pdf,11
SAT,Reading and Writing,49d3dc62,pdfs/SAT/Reading-and-Writing/part-003.pdf,12
SAT,Reading and Writing,066a3295,pdfs/SAT/Reading-and-Writing/part-003.pdf,13
SAT,Reading and Writing,153aaae2,pdfs/SAT/Reading-and-Writing/part-003.pdf,14
SAT,Reading and Writing,ac9a3a26,pdfs/SAT/Reading-and-Writing/part-003.pdf,15
SAT,Reading and Writing,03c9f327,pdfs/SAT/Reading-and-Writing/part-003.pdf,16
SAT,Reading and Writing,e3f05561,pdfs/SAT/Reading-and-Writing/part-003.pdf,17
SAT,Reading and Writing,662ebff2,pdfs/SAT/Reading-and-Writing/part-003.pdf,18
SAT,Reading and Writing,c4737d6a,pdfs/SAT/Reading-and-Writing/part-003.pdf,19
SAT,Reading and Writing,47598085,pdfs/SAT/Reading-and-Writing/part-003.pdf,20
SAT,Reading and Writing,710799ae,pdfs/SAT/Reading-and-Writing/part-003.pdf,21
SAT,Reading and Writing,5a97d9cd,pdfs/SAT/Reading-and-Writing/part-003.pdf,22
SAT,Reading and Writing,a87c3925,pdfs/SAT/Reading-and-Writing/part-003.pdf,23
SAT,Reading and Writing,4a2b2535,pdfs/SAT/Reading-and-Writing/part-003.pdf,24
SAT,Reading and Writing,b0f7541b,pdfs/SAT/Reading-and-Writing/part-003.pdf,25
SAT,Reading and Writing,8d802289,pdfs/SAT/Reading-and-Writing/part-003.pdf,26
SAT,Reading and Writing,37c481f8,pdfs/SAT/Reading-and-Writing/part-003.pdf,27
SAT,Reading and Writing,0e033f9b,pdfs/SAT/Reading-and-Writing/part-003.pdf,28
SAT,Reading and Writing,7bf79a90,pdfs/SAT/Reading-and-Writing/part-003.pdf,29
SAT,Reading and Writing,9ccf463e,pdfs/SAT/Reading-and-Writing/part-003.pdf,31
SAT,Reading and Writing,835d1ae6,pdfs/SAT/Reading-and-Writing/part-003.pdf,32
SAT,Reading and Writing,af4300b0,pdfs/SAT/Reading-and-Writing/part-003.pdf,33
SAT,Reading and Writing,ca47273b,pdfs/SAT/Reading-and-Writing/part-003.pdf,34
SAT,Reading and Writing,4c4db685,pdfs/SAT/Reading-and-Writing/part-003.pdf,35
SAT,Reading and Writing,cf46f239,pdfs/SAT/Reading-and-Writing/part-003.pdf,36
SAT,Reading and Writing,15daaded,pdfs/SAT/Reading-and-Writing/part-003.pdf,37
SAT,Reading and Writing,69a6d050,pdfs/SAT/Reading-and-Writing/part-003.pdf,38
SAT,Reading and Writing,805e361d,pdfs/SAT/Reading-and-Writing/part-003.pdf,39
SAT,Reading and Writing,8af926b1,pdfs/SAT/Reading-and-Writing/part-003.pdf,40
SAT,Reading and Writing,81da17d3,pdfs/SAT/Reading-and-Writing/part-003.pdf,41
SAT,Reading and Writing,7d60a322,pdfs/SAT/Reading-and-Writing/part-003.pdf,42
SAT,Reading and Writing,617a8a10,pdfs/SAT/Reading-and-Writing/part-003.pdf,43
SAT,Reading and Writing,23974d6c,pdfs/SAT/Reading-and-Writing/part-003.pdf,44
SAT,Reading and Writing,e41dfaab,pdfs/SAT/Reading-and-Writing/part-003.pdf,45
SAT,Reading and Writing,e13171c4,pdfs/SAT/Reading-and-Writing/part-003.pdf,46
SAT,Reading and Writing,190857f0,pdfs/SAT/Reading-and-Writing/part-003.pdf,47
SAT,Reading and Writing,4d1a9c0d,pdfs/SAT/Reading-and-Writing/part-003.pdf,48
SAT,Reading and Writing,b5898291,pdfs/SAT/Reading-and-Writing/part-003.pdf,49
SAT,Reading and Writing,5effa190,pdfs/SAT/Reading-and-Writing/part-003.pdf,50
SAT,Reading and Writing,a49500cc,pdfs/SAT/Reading-and-Writing/part-003.pdf,51
SAT,Reading and Writing,f3fac04f,pdfs/SAT/Reading-and-Writing/part-003.pdf,52
SAT,Reading and Writing,d6c77ae5,pdfs/SAT/Reading-and-Writing/part-003.pdf,53
SAT,Reading and Writing,6d5ddea4,pdfs/SAT/Reading-and-Writing/part-003.pdf,54
SAT,Reading and Writing,df46a2ee,pdfs/SAT/Reading-and-Writing/part-003.pdf,55
SAT,Reading and Writing,5a278f24,pdfs/SAT/Reading-and-Writing/part-003.pdf,56
SAT,Reading and Writing,76e4c51d,pdfs/SAT/Reading-and-Writing/part-003.pdf,57
SAT,Reading and Writing,4b8244ca,pdfs/SAT/Reading-and-Writing/part-003.pdf,58
SAT,Reading and Writing,a2835734,pdfs/SAT/Reading-and-Writing/part-003.pdf,59
SAT,Reading and Writing,ff97fd53,pdfs/SAT/Reading-and-Writing/part-003.pdf,60
SAT,Reading and Writing,c61a7c4a,pdfs/SAT/Reading-and-Writing/part-003.pdf,61
SAT,Reading and Writing,d529c1ad,pdfs/SAT/Reading-and-Writing/part-003.pdf,63
SAT,Reading and Writing,37219ba2,pdfs/SAT/Reading-and-Writing/part-003.pdf,64
SAT,Reading and Writing,a2f64e58,pdfs/SAT/Reading-and-Writing/part-003.pdf,65
SAT,Reading and Writing,e26d23c4,pdfs/SAT/Reading-and-Writing/part-003.pdf,66
SAT,Reading and Writing,acb852e7,pdfs/SAT/Reading-and-Writing/part-003.pdf,67
SAT,Reading and Writing,089b0b41,pdfs/SAT/Reading-and-Writing/part-003.pdf,68
SAT,Reading and Writing,98364791,pdfs/SAT/Reading-and-Writing/part-003.pdf,69
SAT,Reading and Writing,adc8ea28,pdfs/SAT/Reading-and-Writing/part-003.pdf,70
SAT,Reading and Writing,9107ad5c,pdfs/SAT/Reading-and-Writing/part-003.pdf,71
SAT,Reading and Writing,aa5897b8,pdfs/SAT/Reading-and-Writing/part-003.pdf,72
SAT,Reading and Writing,a4ca92fd,pdfs/SAT/Reading-and-Writing/part-003.pdf,73
SAT,Reading and Writing,7f935017,pdfs/SAT/Reading-and-Writing/part-003.pdf,74
SAT,Reading and Writing,8de51658,pdfs/SAT/Reading-and-Writing/part-003.pdf,75
SAT,Reading and Writing,e0656211,pdfs/SAT/Reading-and-Writing/part-003.pdf,76
SAT,Reading and Writing,d91e5499,pdfs/SAT/Reading-and-Writing/part-003.pdf,77
SAT,Reading and Writing,9421ed62,pdfs/SAT/Reading-and-Writing/part-003.pdf,78
SAT,Reading and Writing,059f7201,pdfs/SAT/Reading-and-Writing/part-003.pdf,79
SAT,Reading and Writing,c502943e,pdfs/SAT/Reading-and-Writing/part-003.pdf,81
SAT,Reading and Writing,7d84fe2b,pdfs/SAT/Reading-and-Writing/part-003.pdf,82
SAT,Reading and Writing,d2eb1df1,pdfs/SAT/Reading-and-Writing/part-003.pdf,83
SAT,Reading and Writing,be94c9fc,pdfs/SAT/Reading-and-Writing/part-003.pdf,84
SAT,Reading and Writing,d72b325e,pdfs/SAT/Reading-and-Writing/part-003.pdf,85
SAT,Reading and Writing,cb526866,pdfs/SAT/Reading-and-Writing/part-003.pdf,86
SAT,Reading and Writing,4b4ab04e,pdfs/SAT/Reading-and-Writing/part-003.pdf,87
SAT,Reading and Writing,fb8b56bc,pdfs/SAT/Reading-and-Writing/part-003.pdf,89
SAT,Reading and Writing,83687083,pdfs/SAT/Reading-and-Writing/part-003.pdf,90
SAT,Reading and Writing,637d0878,pdfs/SAT/Reading-and-Writing/part-003.pdf,91
SAT,Reading and Writing,39857700,pdfs/SAT/Reading-and-Writing/part-003.pdf,92
SAT,Reading and Writing,2ec0e43e,pdfs/SAT/Reading-and-Writing/part-003.pdf,93
SAT,Reading and Writing,ed52a093,pdfs/SAT/Reading-and-Writing/part-003.pdf,94
SAT,Reading and Writing,70e6af39,pdfs/SAT/Reading-and-Writing/part-003.pdf,96
SAT,Reading and Writing,e929fe98,pdfs/SAT/Reading-and-Writing/part-003.pdf,97
SAT,Reading and Writing,2aaee77f,pdfs/SAT/Reading-and-Writing/part-003.pdf,98
SAT,Reading and Writing,f61c22f3,pdfs/SAT/Reading-and-Writing/part-003.pdf,99
SAT,Reading and Writing,54804e10,pdfs/SAT/Reading-and-Writing/part-003.pdf,100
SAT,Reading and Writing,6557f7fc,pdfs/SAT/Reading-and-Writing/part-003.pdf,101
SAT,Reading and Writing,6cf906fc,pdfs/SAT/Reading-and-Writing/part-003.pdf,102
SAT,Reading and Writing,4480fae9,pdfs/SAT/Reading-and-Writing/part-003.pdf,104
SAT,Reading and Writing,5d2fd27d,pdfs/SAT/Reading-and-Writing/part-003.pdf,105
SAT,Reading and Writing,2e744883,pdfs/SAT/Reading-and-Writing/part-003.pdf,106
SAT,Reading and Writing,0f2933b9,pdfs/SAT/Reading-and-Writing/part-003.pdf,107
SAT,Reading and Writing,e3ffb854,pdfs/SAT/Reading-and-Writing/part-003.pdf,109
SAT,Reading and Writing,9aa44886,pdfs/SAT/Reading-and-Writing/part-003.pdf,110
SAT,Reading and Writing,e1befb41,pdfs/SAT/Reading-and-Writing/part-003.pdf,111
SAT,Reading and Writing,afd48140,pdfs/SAT/Reading-and-Writing/part-003.pdf,113
SAT,Reading and Writing,1eeb9bb8,pdfs/SAT/Reading-and-Writing/part-003.pdf,114
SAT,Reading and Writing,ab1bd603,pdfs/SAT/Reading-and-Writing/part-003.pdf,115
SAT,Reading and Writing,b4887dae,pdfs/SAT/Reading-and-Writing/part-003.pdf,116
SAT,Reading and Writing,c68ceeff,pdfs/SAT/Reading-and-Writing/part-003.pdf,117
SAT,Reading and Writing,cf9a00e0,pdfs/SAT/Reading-and-Writing/part-003.pdf,118
SAT,Reading and Writing,29741ebc,pdfs/SAT/Reading-and-Writing/part-003.pdf,119
SAT,Reading and Writing,6e3fdd1a,pdfs/SAT/Reading-and-Writing/part-003.pdf,120
SAT,Reading and Writing,9b22bf7b,pdfs/SAT/Reading-and-Writing/part-003.pdf,121
SAT,Reading and Writing,daaed806,pdfs/SAT/Reading-and-Writing/part-003.pdf,122
SAT,Reading and Writing,d2a90d4f,pdfs/SAT/Reading-and-Writing/part-003.pdf,123
SAT,Reading and Writing,84f9b577,pdfs/SAT/Reading-and-Writing/part-003.pdf,124
SAT,Reading and Writing,5514fd1f,pdfs/SAT/Reading-and-Writing/part-003.pdf,125
SAT,Reading and Writing,3e6ad72d,pdfs/SAT/Reading-and-Writing/part-003.pdf,126
SAT,Reading and Writing,735b0776,pdfs/SAT/Reading-and-Writing/part-003.pdf,127
SAT,Reading and Writing,f3c45b4f,pdfs/SAT/Reading-and-Writing/part-003.pdf,128
SAT,Reading and Writing,bdab32fc,pdfs/SAT/Reading-and-Writing/part-003.pdf,129
SAT,Reading and Writing,e8c26398,pdfs/SAT/Reading-and-Writing/part-003.pdf,130
SAT,Reading and Writing,4830ab87,pdfs/SAT/Reading-and-Writing/part-003.pdf,131
SAT,Reading and Writing,5336f2e4,pdfs/SAT/Reading-and-Writing/part-003.pdf,132
SAT,Reading and Writing,6f5fc289,pdfs/SAT/Reading-and-Writing/part-003.pdf,133
SAT,Reading and Writing,1455b754,pdfs/SAT/Reading-and-Writing/part-003.pdf,134
SAT,Reading and Writing,631a1b64,pdfs/SAT/Reading-and-Writing/part-003.pdf,135
SAT,Reading and Writing,7bc05fa2,pdfs/SAT/Reading-and-Writing/part-003.pdf,136
SAT,Reading and Writing,65406d2c,pdfs/SAT/Reading-and-Writing/part-003.pdf,137
SAT,Reading and Writing,10c236ce,pdfs/SAT/Reading-and-Writing/part-003.pdf,138
SAT,Reading and Writing,b92c13fa,pdfs/SAT/Reading-and-Writing/part-003.pdf,139
SAT,Reading and Writing,f7c02e89,pdfs/SAT/Reading-and-Writing/part-003.pdf,140
SAT,Reading and Writing,b44066dc,pdfs/SAT/Reading-and-Writing/part-003.pdf,142
SAT,Reading and Writing,74ee7737,pdfs/SAT/Reading-and-Writing/part-003.pdf,143
SAT,Reading and Writing,c762ca58,pdfs/SAT/Reading-and-Writing/part-003.pdf,144
SAT,Reading and Writing,809addda,pdfs/SAT/Reading-and-Writing/part-003.pdf,145
SAT,Reading and Writing,82c05b34,pdfs/SAT/Reading-and-Writing/part-003.pdf,146
SAT,Reading and Writing,849bf8d7,pdfs/SAT/Reading-and-Writing/part-003.pdf,147
SAT,Reading and Writing,f7d58b53,pdfs/SAT/Reading-and-Writing/part-003.pdf,148
SAT,Reading and Writing,6286dd96,pdfs/SAT/Reading-and-Writing/part-003.pdf,149
SAT,Reading and Writing,8b46bb51,pdfs/SAT/Reading-and-Writing/part-003.pdf,150
SAT,Reading and Writing,44cc5f75,pdfs/SAT/Reading-and-Writing/part-003.pdf,151
SAT,Reading and Writing,aaa3ee7c,pdfs/SAT/Reading-and-Writing/part-003.pdf,152
SAT,Reading and Writing,afd2a9eb,pdfs/SAT/Reading-and-Writing/part-003.pdf,153
SAT,Reading and Writing,4ed09415,pdfs/SAT/Reading-and-Writing/part-003.pdf,154
SAT,Reading and Writing,3654202f,pdfs/SAT/Reading-and-Writing/part-003.pdf,156
SAT,Reading and Writing,644f59cd,pdfs/SAT/Reading-and-Writing/part-003.pdf,157
SAT,Reading and Writing,ea971260,pdfs/SAT/Reading-and-Writing/part-003.pdf,158
SAT,Reading and Writing,975b0602,pdfs/SAT/Reading-and-Writing/part-003.pdf,159
SAT,Reading and Writing,2b085bc6,pdfs/SAT/Reading-and-Writing/part-003.pdf,160
SAT,Reading and Writing,03f5a9b7,pdfs/SAT/Reading-and-Writing/part-003.pdf,161
SAT,Reading and Writing,edd64a4a,pdfs/SAT/Reading-and-Writing/part-003.pdf,162
SAT,Reading and Writing,f8ca5766,pdfs/SAT/Reading-and-Writing/part-003.pdf,163
SAT,Reading and Writing,271a5017,pdfs/SAT/Reading-and-Writing/part-003.pdf,164
SAT,Reading and Writing,9671d61d,pdfs/SAT/Reading-and-Writing/part-003.pdf,165
SAT,Reading and Writing,0b5ecf0e,pdfs/SAT/Reading-and-Writing/part-003.pdf,166
SAT,Reading and Writing,213a25d1,pdfs/SAT/Reading-and-Writing/part-003.pdf,167
SAT,Reading and Writing,a06c434d,pdfs/SAT/Reading-and-Writing/part-003.pdf,168
SAT,Reading and Writing,ea9dfe27,pdfs/SAT/Reading-and-Writing/part-003.pdf,169
SAT,Reading and Writing,ba974387,pdfs/SAT/Reading-and-Writing/part-003.pdf,170
SAT,Reading and Writing,c8603ed7,pdfs/SAT/Reading-and-Writing/part-003.pdf,171
SAT,Reading and Writing,9c759a09,pdfs/SAT/Reading-and-Writing/part-003.pdf,172
SAT,Reading and Writing,ce8c03a8,pdfs/SAT/Reading-and-Writing/part-003.pdf,173
SAT,Reading and Writing,177ed7dc,pdfs/SAT/Reading-and-Writing/part-003.pdf,174
SAT,Reading and Writing,05575bca,pdfs/SAT/Reading-and-Writing/part-003.pdf,175
SAT,Reading and Writing,c7265342,pdfs/SAT/Reading-and-Writing/part-003.pdf,176
SAT,Reading and Writing,5a4b147c,pdfs/SAT/Reading-and-Writing/part-003.pdf,177
SAT,Reading and Writing,c6bd3447,pdfs/SAT/Reading-and-Writing/part-003.pdf,178
SAT,Reading and Writing,b411eb09,pdfs/SAT/Reading-and-Writing/part-003.pdf,179
SAT,Reading and Writing,8963273a,pdfs/SAT/Reading-and-Writing/part-003.pdf,180
SAT,Reading and Writing,c4900368,pdfs/SAT/Reading-and-Writing/part-003.pdf,181
SAT,Reading and Writing,1ad04ea0,pdfs/SAT/Reading-and-Writing/part-003.pdf,182
SAT,Reading and Writing,a68239ed,pdfs/SAT/Reading-and-Writing/part-003.pdf,183
SAT,Reading and Writing,592f94c2,pdfs/SAT/Reading-and-Writing/part-003.pdf,184
SAT,Reading and Writing,04e4c51d,pdfs/SAT/Reading-and-Writing/part-003.pdf,186
SAT,Reading and Writing,422c5068,pdfs/SAT/Reading-and-Writing/part-003.pdf,187
SAT,Reading and Writing,479c7e82,pdfs/SAT/Reading-and-Writing/part-003.pdf,188
SAT,Reading and Writing,52fe862a,pdfs/SAT/Reading-and-Writing/part-003.pdf,189
SAT,Reading and Writing,dbb56a02,pdfs/SAT/Reading-and-Writing/part-003.pdf,190
SAT,Reading and Writing,74446089,pdfs/SAT/Reading-and-Writing/part-003.pdf,191
SAT,Reading and Writing,2e8ab360,pdfs/SAT/Reading-and-Writing/part-003.pdf,192
SAT,Reading and Writing,c14daa3c,pdfs/SAT/Reading-and-Writing/part-003.pdf,193
SAT,Reading and Writing,d3ca5d59,pdfs/SAT/Reading-and-Writing/part-003.pdf,194
SAT,Reading and Writing,7a327791,pdfs/SAT/Reading-and-Writing/part-003.pdf,195
SAT,Reading and Writing,0ee67e09,pdfs/SAT/Reading-and-Writing/part-003.pdf,196
SAT,Reading and Writing,760ee1db,pdfs/SAT/Reading-and-Writing/part-003.pdf,197
SAT,Reading and Writing,417f8dfa,pdfs/SAT/Reading-and-Writing/part-003.pdf,198
SAT,Reading and Writing,e5ca7687,pdfs/SAT/Reading-and-Writing/part-003.pdf,199
SAT,Reading and Writing,c5b1afe5,pdfs/SAT/Reading-and-Writing/part-003.pdf,200
SAT,Reading and Writing,84dbd633,pdfs/SAT/Reading-and-Writing/part-003.pdf,201
SAT,Reading and Writing,97ca2cda,pdfs/SAT/Reading-and-Writing/part-003.pdf,203
SAT,Reading and Writing,a2dd51c1,pdfs/SAT/Reading-and-Writing/part-003.pdf,204
SAT,Reading and Writing,9d73c9eb,pdfs/SAT/Reading-and-Writing/part-003.pdf,205
SAT,Reading and Writing,81a3a607,pdfs/SAT/Reading-and-Writing/part-003.pdf,206
SAT,Reading and Writing,96f3accc,pdfs/SAT/Reading-and-Writing/part-003.pdf,207
SAT,Reading and Writing,1695391a,pdfs/SAT/Reading-and-Writing/part-003.pdf,209
SAT,Reading and Writing,995358b4,pdfs/SAT/Reading-and-Writing/part-003.pdf,210
SAT,Reading and Writing,48e4021d,pdfs/SAT/Reading-and-Writing/part-003.pdf,211
SAT,Reading and Writing,8d579825,pdfs/SAT/Reading-and-Writing/part-003.pdf,212
SAT,Reading and Writing,85083d4d,pdfs/SAT/Reading-and-Writing/part-003.pdf,213
SAT,Reading and Writing,3566120b,pdfs/SAT/Reading-and-Writing/part-003.pdf,214
SAT,Reading and Writing,f2c48e47,pdfs/SAT/Reading-and-Writing/part-003.pdf,215
SAT,Reading and Writing,79dec1e1,pdfs/SAT/Reading-and-Writing/part-003.pdf,216
SAT,Reading and Writing,bcc91b1e,pdfs/SAT/Reading-and-Writing/part-003.pdf,217
SAT,Reading and Writing,7d075fc5,pdfs/SAT/Reading-and-Writing/part-003.pdf,218
SAT,Reading and Writing,9645f55e,pdfs/SAT/Reading-and-Writing/part-003.pdf,219
SAT,Reading and Writing,f1c9d2c1,pdfs/SAT/Reading-and-Writing/part-003.pdf,220
SAT,Reading and Writing,31d0bd9a,pdfs/SAT/Reading-and-Writing/part-003.pdf,221
SAT,Reading and Writing,dc043599,pdfs/SAT/Reading-and-Writing/part-003.pdf,222
SAT,Reading and Writing,cf9a3f34,pdfs/SAT/Reading-and-Writing/part-003.pdf,223
SAT,Reading and Writing,70612a79,pdfs/SAT/Reading-and-Writing/part-003.pdf,224
SAT,Reading and Writing,1b5d4e3e,pdfs/SAT/Reading-and-Writing/part-003.pdf,225
SAT,Reading and Writing,dc234d74,pdfs/SAT/Reading-and-Writing/part-003.pdf,226
SAT,Reading and Writing,47955354,pdfs/SAT/Reading-and-Writing/part-003.pdf,227
SAT,Reading and Writing,a3761c7e,pdfs/SAT/Reading-and-Writing/part-003.pdf,228
SAT,Reading and Writing,34d7bb25,pdfs/SAT/Reading-and-Writing/part-003.pdf,229
SAT,Reading and Writing,a086c2cb,pdfs/SAT/Reading-and-Writing/part-003.pdf,230
SAT,Reading and Writing,c0e1b70a,pdfs/SAT/Reading-and-Writing/part-003.pdf,231
SAT,Reading and Writing,a20b7511,pdfs/SAT/Reading-and-Writing/part-003.pdf,232
SAT,Reading and Writing,bce4d106,pdfs/SAT/Reading-and-Writing/part-003.pdf,233
SAT,Reading and Writing,bbb77c84,pdfs/SAT/Reading-and-Writing/part-003.pdf,234
SAT,Reading and Writing,f631132b,pdfs/SAT/Reading-and-Writing/part-003.pdf,235
SAT,Reading and Writing,80ebb189,pdfs/SAT/Reading-and-Writing/part-003.pdf,236
SAT,Reading and Writing,47904792,pdfs/SAT/Reading-and-Writing/part-003.pdf,237
SAT,Reading and Writing,e7d37666,pdfs/SAT/Reading-and-Writing/part-003.pdf,238
SAT,Reading and Writing,b940952c,pdfs/SAT/Reading-and-Writing/part-003.pdf,239
SAT,Reading and Writing,570970cd,pdfs/SAT/Reading-and-Writing/part-003.pdf,240
SAT,Reading and Writing,683f66c9,pdfs/SAT/Reading-and-Writing/part-003.pdf,241
SAT,Reading and Writing,eae66bf9,pdfs/SAT/Reading-and-Writing/part-003.pdf,242
SAT,Reading and Writing,a1ff8ce3,pdfs/SAT/Reading-and-Writing/part-003.pdf,243
SAT,Reading and Writing,9a94eb77,pdfs/SAT/Reading-and-Writing/part-003.pdf,244
SAT,Reading and Writing,5e4e082c,pdfs/SAT/Reading-and-Writing/part-003.pdf,245
SAT,Reading and Writing,7b4dde72,pdfs/SAT/Reading-and-Writing/part-003.pdf,247
SAT,Reading and Writing,35fd0eb4,pdfs/SAT/Reading-and-Writing/part-003.pdf,248
SAT,Reading and Writing,c8a2af72,pdfs/SAT/Reading-and-Writing/part-003.pdf,249
SAT,Reading and Writing,10a409bd,pdfs/SAT/Reading-and-Writing/part-003.pdf,251
SAT,Reading and Writing,a60b0004,pdfs/SAT/Reading-and-Writing/part-003.pdf,252
SAT,Reading and Writing,a5e747f0,pdfs/SAT/Reading-and-Writing/part-003.pdf,253
SAT,Reading and Writing,03080769,pdfs/SAT/Reading-and-Writing/part-003.pdf,254
SAT,Reading and Writing,b0ea8c28,pdfs/SAT/Reading-and-Writing/part-003.pdf,255
SAT,Reading and Writing,749f3334,pdfs/SAT/Reading-and-Writing/part-003.pdf,256
SAT,Reading and Writing,5ccbfe22,pdfs/SAT/Reading-and-Writing/part-003.pdf,257
SAT,Reading and Writing,fce80a36,pdfs/SAT/Reading-and-Writing/part-003.pdf,258
SAT,Reading and Writing,e5e7f264,pdfs/SAT/Reading-and-Writing/part-003.pdf,259
SAT,Reading and Writing,e4e2aeb3,pdfs/SAT/Reading-and-Writing/part-003.pdf,260
SAT,Reading and Writing,0d402146,pdfs/SAT/Reading-and-Writing/part-003.pdf,261
SAT,Reading and Writing,e5da61f1,pdfs/SAT/Reading-and-Writing/part-003.pdf,262
SAT,Reading and Writing,ac5bf490,pdfs/SAT/Reading-and-Writing/part-003.pdf,263
SAT,Reading and Writing,6a1dc7c5,pdfs/SAT/Reading-and-Writing/part-003.pdf,264
SAT,Reading and Writing,5dce6cab,pdfs/SAT/Reading-and-Writing/part-003.pdf,265
SAT,Reading and Writing,edbc6cca,pdfs/SAT/Reading-and-Writing/part-003.pdf,266
SAT,Reading and Writing,d4e8662d,pdfs/SAT/Reading-and-Writing/part-003.pdf,268
SAT,Reading and Writing,8a47383f,pdfs/SAT/Reading-and-Writing/part-003.pdf,269
SAT,Reading and Writing,f99847ed,pdfs/SAT/Reading-and-Writing/part-003.pdf,270
SAT,Reading and Writing,bcd924a5,pdfs/SAT/Reading-and-Writing/part-003.pdf,271
SAT,Reading and Writing,83fd3cf4,pdfs/SAT/Reading-and-Writing/part-003.pdf,272
SAT,Reading and Writing,5e101c70,pdfs/SAT/Reading-and-Writing/part-003.pdf,273
SAT,Reading and Writing,df45f0eb,pdfs/SAT/Reading-and-Writing/part-003.pdf,275
SAT,Reading and Writing,2d77660e,pdfs/SAT/Reading-and-Writing/part-003.pdf,276
SAT,Reading and Writing,12d81fc1,pdfs/SAT/Reading-and-Writing/part-003.pdf,277
SAT,Reading and Writing,af43b0bd,pdfs/SAT/Reading-and-Writing/part-003.pdf,278
SAT,Reading and Writing,be069e38,pdfs/SAT/Reading-and-Writing/part-003.pdf,279
SAT,Reading and Writing,5127fc1e,pdfs/SAT/Reading-and-Writing/part-003.pdf,280
SAT,Reading and Writing,6ae393f7,pdfs/SAT/Reading-and-Writing/part-003.pdf,281
SAT,Reading and Writing,16f2d678,pdfs/SAT/Reading-and-Writing/part-003.pdf,282
SAT,Reading and Writing,e4f312c5,pdfs/SAT/Reading-and-Writing/part-003.pdf,283
SAT,Reading and Writing,a4f50d30,pdfs/SAT/Reading-and-Writing/part-003.pdf,284
SAT,Reading and Writing,fa7a89f1,pdfs/SAT/Reading-and-Writing/part-003.pdf,285
SAT,Reading and Writing,e37b9e34,pdfs/SAT/Reading-and-Writing/part-003.pdf,286
SAT,Reading and Writing,faa5696c,pdfs/SAT/Reading-and-Writing/part-003.pdf,287
SAT,Reading and Writing,f0ae0da3,pdfs/SAT/Reading-and-Writing/part-003.pdf,288
SAT,Reading and Writing,b3e145e4,pdfs/SAT/Reading-and-Writing/part-003.pdf,289
SAT,Reading and Writing,54c6128b,pdfs/SAT/Reading-and-Writing/part-003.pdf,290
SAT,Reading and Writing,2c50ed1a,pdfs/SAT/Reading-and-Writing/part-003.pdf,291
SAT,Reading and Writing,0ed94d4c,pdfs/SAT/Reading-and-Writing/part-003.pdf,292
SAT,Reading and Writing,9ff88d6b,pdfs/SAT/Reading-and-Writing/part-003.pdf,293
SAT,Reading and Writing,d8d33cc5,pdfs/SAT/Reading-and-Writing/part-003.pdf,294
SAT,Reading and Writing,79fe7550,pdfs/SAT/Reading-and-Writing/part-003.pdf,295
SAT,Reading and Writing,0a04cac5,pdfs/SAT/Reading-and-Writing/part-003.pdf,296
SAT,Reading and Writing,1fa751f1,pdfs/SAT/Reading-and-Writing/part-003.pdf,297
SAT,Reading and Writing,1d9a09c0,pdfs/SAT/Reading-and-Writing/part-003.pdf,298
SAT,Reading and Writing,49bbe4d7,pdfs/SAT/Reading-and-Writing/part-003.pdf,299
SAT,Reading and Writing,f6d1f735,pdfs/SAT/Reading-and-Writing/part-003.pdf,300
SAT,Reading and Writing,fcc328c6,pdfs/SAT/Reading-and-Writing/part-003.pdf,301
SAT,Reading and Writing,01de46bb,pdfs/SAT/Reading-and-Writing/part-003.pdf,302
SAT,Reading and Writing,aa7ae735,pdfs/SAT/Reading-and-Writing/part-003.pdf,303
SAT,Reading and Writing,a7991da1,pdfs/SAT/Reading-and-Writing/part-003.pdf,304
SAT,Reading and Writing,84a7fbca,pdfs/SAT/Reading-and-Writing/part-003.pdf,305
SAT,Reading and Writing,5179fd36,pdfs/SAT/Reading-and-Writing/part-003.pdf,306
SAT,Reading and Writing,1f2d6173,pdfs/SAT/Reading-and-Writing/part-003.pdf,307
SAT,Reading and Writing,428cd2c1,pdfs/SAT/Reading-and-Writing/part-003.pdf,308
SAT,Reading and Writing,62a18353,pdfs/SAT/Reading-and-Writing/part-003.pdf,309
SAT,Reading and Writing,4eee64fa,pdfs/SAT/Reading-and-Writing/part-003.pdf,310
SAT,Reading and Writing,c2c26e20,pdfs/SAT/Reading-and-Writing/part-003.pdf,311
SAT,Reading and Writing,4b54bbf0,pdfs/SAT/Reading-and-Writing/part-003.pdf,312
SAT,Reading and Writing,1374a9fa,pdfs/SAT/Reading-and-Writing/part-003.pdf,313
SAT,Reading and Writing,a70cbc53,pdfs/SAT/Reading-and-Writing/part-003.pdf,314
SAT,Reading and Writing,3d658a5a,pdfs/SAT/Reading-and-Writing/part-003.pdf,315
SAT,Reading and Writing,cd2ce51f,pdfs/SAT/Reading-and-Writing/part-003.pdf,316
SAT,Reading and Writing,17bf10de,pdfs/SAT/Reading-and-Writing/part-003.pdf,317
SAT,Reading and Writing,b4c6cff6,pdfs/SAT/Reading-and-Writing/part-004.pdf,1
SAT,Reading and Writing,d8d1ecaa,pdfs/SAT/Reading-and-Writing/part-004.pdf,2
SAT,Reading and Writing,d0198544,pdfs/SAT/Reading-and-Writing/part-004.pdf,3
SAT,Reading and Writing,de059199,pdfs/SAT/Reading-and-Writing/part-004.pdf,5
SAT,Reading and Writing,a2be625e,pdfs/SAT/Reading-and-Writing/part-004.pdf,6
SAT,Reading and Writing,ab56a107,pdfs/SAT/Reading-and-Writing/part-004.pdf,7
SAT,Reading and Writing,f773a56b,pdfs/SAT/Reading-and-Writing/part-004.pdf,8
SAT,Reading and Writing,f653b273,pdfs/SAT/Reading-and-Writing/part-004.pdf,9
SAT,Reading and Writing,7afb470b,pdfs/SAT/Reading-and-Writing/part-004.pdf,10
SAT,Reading and Writing,5e732e67,pdfs/SAT/Reading-and-Writing/part-004.pdf,11
SAT,Reading and Writing,d9e55268,pdfs/SAT/Reading-and-Writing/part-004.pdf,12
SAT,Reading and Writing,93ce86d0,pdfs/SAT/Reading-and-Writing/part-004.pdf,13
SAT,Reading and Writing,faee8ec7,pdfs/SAT/Reading-and-Writing/part-004.pdf,14
SAT,Reading and Writing,c19b2f77,pdfs/SAT/Reading-and-Writing/part-004.pdf,16
SAT,Reading and Writing,14b7dced,pdfs/SAT/Reading-and-Writing/part-004.pdf,18
SAT,Reading and Writing,3118ca93,pdfs/SAT/Reading-and-Writing/part-004.pdf,19
SAT,Reading and Writing,21d95d1d,pdfs/SAT/Reading-and-Writing/part-004.pdf,20
SAT,Reading and Writing,b622fb78,pdfs/SAT/Reading-and-Writing/part-004.pdf,21
SAT,Reading and Writing,56ec23a0,pdfs/SAT/Reading-and-Writing/part-004.pdf,22
SAT,Reading and Writing,a318c1ef,pdfs/SAT/Reading-and-Writing/part-004.pdf,23
SAT,Reading and Writing,e56b66e5,pdfs/SAT/Reading-and-Writing/part-004.pdf,24
SAT,Reading and Writing,bce627d9,pdfs/SAT/Reading-and-Writing/part-004.pdf,25
SAT,Reading and Writing,f83f0aab,pdfs/SAT/Reading-and-Writing/part-004.pdf,26
SAT,Reading and Writing,be947479,pdfs/SAT/Reading-and-Writing/part-004.pdf,27
SAT,Reading and Writing,d5235d39,pdfs/SAT/Reading-and-Writing/part-004.pdf,28
SAT,Reading and Writing,3021d9ef,pdfs/SAT/Reading-and-Writing/part-004.pdf,29
SAT,Reading and Writing,1fbf276a,pdfs/SAT/Reading-and-Writing/part-004.pdf,30
SAT,Reading and Writing,1c6b1fa0,pdfs/SAT/Reading-and-Writing/part-004.pdf,31
SAT,Reading and Writing,f4166aae,pdfs/SAT/Reading-and-Writing/part-004.pdf,32
SAT,Reading and Writing,9b2fbb2e,pdfs/SAT/Reading-and-Writing/part-004.pdf,33
SAT,Reading and Writing,1782cdd7,pdfs/SAT/Reading-and-Writing/part-004.pdf,34
SAT,Reading and Writing,d74788e1,pdfs/SAT/Reading-and-Writing/part-004.pdf,35
SAT,Reading and Writing,6d44060a,pdfs/SAT/Reading-and-Writing/part-004.pdf,36
SAT,Reading and Writing,590f0ad2,pdfs/SAT/Reading-and-Writing/part-004.pdf,37
SAT,Reading and Writing,19688783,pdfs/SAT/Reading-and-Writing/part-004.pdf,38
SAT,Reading and Writing,1107e7dc,pdfs/SAT/Reading-and-Writing/part-004.pdf,39
SAT,Reading and Writing,d7dccee7,pdfs/SAT/Reading-and-Writing/part-004.pdf,40
SAT,Reading and Writing,d69bc408,pdfs/SAT/Reading-and-Writing/part-004.pdf,41
SAT,Reading and Writing,22105871,pdfs/SAT/Reading-and-Writing/part-004.pdf,42
SAT,Reading and Writing,a1d2c4d0,pdfs/SAT/Reading-and-Writing/part-004.pdf,43
SAT,Reading and Writing,02e49a0c,pdfs/SAT/Reading-and-Writing/part-004.pdf,44
SAT,Reading and Writing,27d9bb69,pdfs/SAT/Reading-and-Writing/part-004.pdf,45
SAT,Reading and Writing,c885c38b,pdfs/SAT/Reading-and-Writing/part-004.pdf,46
SAT,Reading and Writing,de2c2f57,pdfs/SAT/Reading-and-Writing/part-004.pdf,48
SAT,Reading and Writing,3f753a8e,pdfs/SAT/Reading-and-Writing/part-004.pdf,49
SAT,Reading and Writing,53542eb5,pdfs/SAT/Reading-and-Writing/part-004.pdf,50
SAT,Reading and Writing,3bd32343,pdfs/SAT/Reading-and-Writing/part-004.pdf,51
SAT,Reading and Writing,6c64a8f3,pdfs/SAT/Reading-and-Writing/part-004.pdf,52
SAT,Reading and Writing,82b7c3b2,pdfs/SAT/Reading-and-Writing/part-004.pdf,53
SAT,Reading and Writing,662892ad,pdfs/SAT/Reading-and-Writing/part-004.pdf,54
SAT,Reading and Writing,d563bf65,pdfs/SAT/Reading-and-Writing/part-004.pdf,55
SAT,Reading and Writing,159ef46d,pdfs/SAT/Reading-and-Writing/part-004.pdf,56
SAT,Reading and Writing,d7807ec8,pdfs/SAT/Reading-and-Writing/part-004.pdf,57
SAT,Reading and Writing,e1e89221,pdfs/SAT/Reading-and-Writing/part-004.pdf,58
SAT,Reading and Writing,b11bb2a3,pdfs/SAT/Reading-and-Writing/part-004.pdf,59
SAT,Reading and Writing,97360a00,pdfs/SAT/Reading-and-Writing/part-004.pdf,60
SAT,Reading and Writing,9c35759f,pdfs/SAT/Reading-and-Writing/part-004.pdf,61
SAT,Reading and Writing,dd19befa,pdfs/SAT/Reading-and-Writing/part-004.pdf,62
SAT,Reading and Writing,0afb2ac4,pdfs/SAT/Reading-and-Writing/part-004.pdf,63
SAT,Reading and Writing,6a1194e8,pdfs/SAT/Reading-and-Writing/part-004.pdf,64
SAT,Reading and Writing,490b205f,pdfs/SAT/Reading-and-Writing/part-004.pdf,65
SAT,Reading and Writing,051d3065,pdfs/SAT/Reading-and-Writing/part-004.pdf,66
SAT,Reading and Writing,4fa7e50e,pdfs/SAT/Reading-and-Writing/part-004.pdf,67
SAT,Reading and Writing,aa7fc89b,pdfs/SAT/Reading-and-Writing/part-004.pdf,68
SAT,Reading and Writing,72bae7f4,pdfs/SAT/Reading-and-Writing/part-004.pdf,69
SAT,Reading and Writing,e23f50b9,pdfs/SAT/Reading-and-Writing/part-004.pdf,70
SAT,Reading and Writing,359b891c,pdfs/SAT/Reading-and-Writing/part-004.pdf,71
SAT,Reading and Writing,aad56f2b,pdfs/SAT/Reading-and-Writing/part-004.pdf,72
SAT,Reading and Writing,48555763,pdfs/SAT/Reading-and-Writing/part-004.pdf,73
SAT,Reading and Writing,e19e8478,pdfs/SAT/Reading-and-Writing/part-004.pdf,74
SAT,Reading and Writing,e7247766,pdfs/SAT/Reading-and-Writing/part-004.pdf,75
SAT,Reading and Writing,ae2b3112,pdfs/SAT/Reading-and-Writing/part-004.pdf,76
SAT,Reading and Writing,e7b709fc,pdfs/SAT/Reading-and-Writing/part-004.pdf,77
SAT,Reading and Writing,94eb800d,pdfs/SAT/Reading-and-Writing/part-004.pdf,78
SAT,Reading and Writing,3cfbf077,pdfs/SAT/Reading-and-Writing/part-004.pdf,79
SAT,Reading and Writing,dc0bca21,pdfs/SAT/Reading-and-Writing/part-004.pdf,81
SAT,Reading and Writing,c218cd98,pdfs/SAT/Reading-and-Writing/part-004.pdf,82
SAT,Reading and Writing,7b55e895,pdfs/SAT/Reading-and-Writing/part-004.pdf,83
SAT,Reading and Writing,8bc66f89,pdfs/SAT/Reading-and-Writing/part-004.pdf,84
SAT,Reading and Writing,2c82068f,pdfs/SAT/Reading-and-Writing/part-004.pdf,85
SAT,Reading and Writing,b93428a6,pdfs/SAT/Reading-and-Writing/part-004.pdf,86
SAT,Reading and Writing,c106b9f7,pdfs/SAT/Reading-and-Writing/part-004.pdf,87
SAT,Reading and Writing,7a0e31ea,pdfs/SAT/Reading-and-Writing/part-004.pdf,88
SAT,Reading and Writing,cce2f8dc,pdfs/SAT/Reading-and-Writing/part-004.pdf,89
SAT,Reading and Writing,7b43c0cc,pdfs/SAT/Reading-and-Writing/part-004.pdf,90
SAT,Reading and Writing,6977d22b,pdfs/SAT/Reading-and-Writing/part-004.pdf,91
SAT,Reading and Writing,213248f7,pdfs/SAT/Reading-and-Writing/part-004.pdf,92
SAT,Reading and Writing,6bc0ba75,pdfs/SAT/Reading-and-Writing/part-004.pdf,93
SAT,Reading and Writing,b4d29611,pdfs/SAT/Reading-and-Writing/part-004.pdf,94
SAT,Reading and Writing,fdca960a,pdfs/SAT/Reading-and-Writing/part-004.pdf,95
SAT,Reading and Writing,d3104a68,pdfs/SAT/Reading-and-Writing/part-004.pdf,96
SAT,Reading and Writing,4ce8e2fa,pdfs/SAT/Reading-and-Writing/part-004.pdf,97
SAT,Reading and Writing,f6352bd3,pdfs/SAT/Reading-and-Writing/part-004.pdf,98
SAT,Reading and Writing,5fa165f7,pdfs/SAT/Reading-and-Writing/part-004.pdf,99
SAT,Reading and Writing,3e63fce0,pdfs/SAT/Reading-and-Writing/part-004.pdf,100
SAT,Reading and Writing,d5600e74,pdfs/SAT/Reading-and-Writing/part-004.pdf,101
SAT,Reading and Writing,86fbc64d,pdfs/SAT/Reading-and-Writing/part-004.pdf,102
SAT,Reading and Writing,5444db38,pdfs/SAT/Reading-and-Writing/part-004.pdf,103
SAT,Reading and Writing,6017ae31,pdfs/SAT/Reading-and-Writing/part-004.pdf,104
SAT,Reading and Writing,571cf537,pdfs/SAT/Reading-and-Writing/part-004.pdf,105
SAT,Reading and Writing,764331f8,pdfs/SAT/Reading-and-Writing/part-004.pdf,106
SAT,Reading and Writing,dba9eaf8,pdfs/SAT/Reading-and-Writing/part-004.pdf,107
SAT,Reading and Writing,a756aa95,pdfs/SAT/Reading-and-Writing/part-004.pdf,108
SAT,Reading and Writing,0ed8f24f,pdfs/SAT/Reading-and-Writing/part-004.pdf,109
SAT,Reading and Writing,8889d6e2,pdfs/SAT/Reading-and-Writing/part-004.pdf,110
SAT,Reading and Writing,03eeecf3,pdfs/SAT/Reading-and-Writing/part-004.pdf,112
SAT,Reading and Writing,441e2b9e,pdfs/SAT/Reading-and-Writing/part-004.pdf,113
SAT,Reading and Writing,88bb0f6f,pdfs/SAT/Reading-and-Writing/part-004.pdf,114
SAT,Reading and Writing,f878693b,pdfs/SAT/Reading-and-Writing/part-004.pdf,115
SAT,Reading and Writing,ad4f7362,pdfs/SAT/Reading-and-Writing/part-004.pdf,116
SAT,Reading and Writing,35e21b06,pdfs/SAT/Reading-and-Writing/part-004.pdf,118
SAT,Reading and Writing,9b01bcf4,pdfs/SAT/Reading-and-Writing/part-004.pdf,120
SAT,Reading and Writing,f52cc78c,pdfs/SAT/Reading-and-Writing/part-004.pdf,121
SAT,Reading and Writing,8634bf4a,pdfs/SAT/Reading-and-Writing/part-004.pdf,122
SAT,Reading and Writing,b35e2fdc,pdfs/SAT/Reading-and-Writing/part-004.pdf,123
SAT,Reading and Writing,9828ab3d,pdfs/SAT/Reading-and-Writing/part-004.pdf,124
SAT,Reading and Writing,1090b367,pdfs/SAT/Reading-and-Writing/part-004.pdf,126
SAT,Reading and Writing,40270820,pdfs/SAT/Reading-and-Writing/part-004.pdf,127
SAT,Reading and Writing,b507f90f,pdfs/SAT/Reading-and-Writing/part-004.pdf,128
SAT,Reading and Writing,dcd9ad50,pdfs/SAT/Reading-and-Writing/part-004.pdf,129
SAT,Reading and Writing,5d48f889,pdfs/SAT/Reading-and-Writing/part-004.pdf,131
SAT,Reading and Writing,d168e7c5,pdfs/SAT/Reading-and-Writing/part-004.pdf,132
SAT,Reading and Writing,e8fb0744,pdfs/SAT/Reading-and-Writing/part-004.pdf,133
SAT,Reading and Writing,c843d63c,pdfs/SAT/Reading-and-Writing/part-004.pdf,134
SAT,Reading and Writing,2390e956,pdfs/SAT/Reading-and-Writing/part-004.pdf,135
SAT,Reading and Writing,2a6c71a4,pdfs/SAT/Reading-and-Writing/part-004.pdf,136
SAT,Reading and Writing,de55ec71,pdfs/SAT/Reading-and-Writing/part-004.pdf,137
SAT,Reading and Writing,c3397d25,pdfs/SAT/Reading-and-Writing/part-004.pdf,138
SAT,Reading and Writing,e38b3e4f,pdfs/SAT/Reading-and-Writing/part-004.pdf,139
SAT,Reading and Writing,89fbc3eb,pdfs/SAT/Reading-and-Writing/part-004.pdf,140
SAT,Reading and Writing,960dec02,pdfs/SAT/Reading-and-Writing/part-004.pdf,141
SAT,Reading and Writing,37e5c794,pdfs/SAT/Reading-and-Writing/part-004.pdf,142
SAT,Reading and Writing,4b0c7b62,pdfs/SAT/Reading-and-Writing/part-004.pdf,143
SAT,Reading and Writing,6f08641e,pdfs/SAT/Reading-and-Writing/part-004.pdf,144
SAT,Reading and Writing,3a1239d2,pdfs/SAT/Reading-and-Writing/part-004.pdf,145
SAT,Reading and Writing,3580533b,pdfs/SAT/Reading-and-Writing/part-004.pdf,146
SAT,Reading and Writing,2c49940e,pdfs/SAT/Reading-and-Writing/part-004.pdf,147
SAT,Reading and Writing,e62241b7,pdfs/SAT/Reading-and-Writing/part-004.pdf,148
SAT,Reading and Writing,7f226b4b,pdfs/SAT/Reading-and-Writing/part-004.pdf,149
SAT,Reading and Writing,74ce2f05,pdfs/SAT/Reading-and-Writing/part-004.pdf,150
SAT,Reading and Writing,a2816c7f,pdfs/SAT/Reading-and-Writing/part-004.pdf,151
SAT,Reading and Writing,a7c85001,pdfs/SAT/Reading-and-Writing/part-004.pdf,152
SAT,Reading and Writing,eb95235b,pdfs/SAT/Reading-and-Writing/part-004.pdf,153
SAT,Reading and Writing,adf210e7,pdfs/SAT/Reading-and-Writing/part-004.pdf,154
SAT,Reading and Writing,b7363ba2,pdfs/SAT/Reading-and-Writing/part-004.pdf,155
SAT,Reading and Writing,908a76b8,pdfs/SAT/Reading-and-Writing/part-004.pdf,156
SAT,Reading and Writing,707461d8,pdfs/SAT/Reading-and-Writing/part-004.pdf,157
SAT,Reading and Writing,1ee7b429,pdfs/SAT/Reading-and-Writing/part-004.pdf,158
SAT,Reading and Writing,13fcf575,pdfs/SAT/Reading-and-Writing/part-004.pdf,159
SAT,Reading and Writing,940ff6f7,pdfs/SAT/Reading-and-Writing/part-004.pdf,160
SAT,Reading and Writing,333b2b65,pdfs/SAT/Reading-and-Writing/part-004.pdf,161
SAT,Reading and Writing,81f43b85,pdfs/SAT/Reading-and-Writing/part-004.pdf,162
SAT,Reading and Writing,4c335aea,pdfs/SAT/Reading-and-Writing/part-004.pdf,163
SAT,Reading and Writing,8b017d4e,pdfs/SAT/Reading-and-Writing/part-004.pdf,164
SAT,Reading and Writing,9127635a,pdfs/SAT/Reading-and-Writing/part-004.pdf,165
SAT,Reading and Writing,aaa1907f,pdfs/SAT/Reading-and-Writing/part-004.pdf,166
SAT,Reading and Writing,7f48b098,pdfs/SAT/Reading-and-Writing/part-004.pdf,167
SAT,Reading and Writing,626a1642,pdfs/SAT/Reading-and-Writing/part-004.pdf,168
SAT,Reading and Writing,36e89f74,pdfs/SAT/Reading-and-Writing/part-004.pdf,169
SAT,Reading and Writing,035fd57e,pdfs/SAT/Reading-and-Writing/part-004.pdf,170
SAT,Reading and Writing,148be4da,pdfs/SAT/Reading-and-Writing/part-004.pdf,171
SAT,Reading and Writing,9df6da04,pdfs/SAT/Reading-and-Writing/part-004.pdf,172
SAT,Reading and Writing,0f39b19c,pdfs/SAT/Reading-and-Writing/part-004.pdf,173
SAT,Reading and Writing,ae439895,pdfs/SAT/Reading-and-Writing/part-004.pdf,174
SAT,Reading and Writing,83617355,pdfs/SAT/Reading-and-Writing/part-004.pdf,175
SAT,Reading and Writing,16740ab4,pdfs/SAT/Reading-and-Writing/part-004.pdf,176
SAT,Reading and Writing,f78997cf,pdfs/SAT/Reading-and-Writing/part-004.pdf,177
SAT,Reading and Writing,f0864217,pdfs/SAT/Reading-and-Writing/part-004.pdf,178
SAT,Reading and Writing,c91ef0f0,pdfs/SAT/Reading-and-Writing/part-004.pdf,179
SAT,Reading and Writing,7b419faf,pdfs/SAT/Reading-and-Writing/part-004.pdf,180
SAT,Reading and Writing,29c9be28,pdfs/SAT/Reading-and-Writing/part-004.pdf,181
SAT,Reading and Writing,983d33fa,pdfs/SAT/Reading-and-Writing/part-004.pdf,182
SAT,Reading and Writing,6e193b19,pdfs/SAT/Reading-and-Writing/part-004.pdf,183
SAT,Reading and Writing,fced396a,pdfs/SAT/Reading-and-Writing/part-004.pdf,184
SAT,Reading and Writing,e6f2dba6,pdfs/SAT/Reading-and-Writing/part-004.pdf,185
SAT,Reading and Writing,52b61716,pdfs/SAT/Reading-and-Writing/part-004.pdf,186
SAT,Reading and Writing,4dcedc31,pdfs/SAT/Reading-and-Writing/part-004.pdf,187
SAT,Reading and Writing,96c720af,pdfs/SAT/Reading-and-Writing/part-004.pdf,188
SAT,Reading and Writing,dbd78791,pdfs/SAT/Reading-and-Writing/part-004.pdf,189
SAT,Reading and Writing,819c443d,pdfs/SAT/Reading-and-Writing/part-004.pdf,190
SAT,Reading and Writing,100269ad,pdfs/SAT/Reading-and-Writing/part-004.pdf,191
SAT,Reading and Writing,674e59a3,pdfs/SAT/Reading-and-Writing/part-004.pdf,192
SAT,Reading and Writing,0aebdf5f,pdfs/SAT/Reading-and-Writing/part-004.pdf,193
SAT,Reading and Writing,f10b7ce4,pdfs/SAT/Reading-and-Writing/part-004.pdf,194
SAT,Reading and Writing,155239cf,pdfs/SAT/Reading-and-Writing/part-004.pdf,195
SAT,Reading and Writing,82a76537,pdfs/SAT/Reading-and-Writing/part-004.pdf,196
SAT,Reading and Writing,e2f77ae7,pdfs/SAT/Reading-and-Writing/part-004.pdf,197
SAT,Reading and Writing,9091458d,pdfs/SAT/Reading-and-Writing/part-004.pdf,198
SAT,Reading and Writing,ac5536c1,pdfs/SAT/Reading-and-Writing/part-004.pdf,199
SAT,Reading and Writing,5bed774c,pdfs/SAT/Reading-and-Writing/part-004.pdf,200
SAT,Reading and Writing,4aa28ac3,pdfs/SAT/Reading-and-Writing/part-004.pdf,201
SAT,Reading and Writing,9c3630b9,pdfs/SAT/Reading-and-Writing/part-004.pdf,202
SAT,Reading and Writing,8df848c1,pdfs/SAT/Reading-and-Writing/part-004.pdf,203
SAT,Reading and Writing,77bf77cd,pdfs/SAT/Reading-and-Writing/part-004.pdf,204
SAT,Reading and Writing,74253458,pdfs/SAT/Reading-and-Writing/part-004.pdf,205
SAT,Reading and Writing,3a2d77d7,pdfs/SAT/Reading-and-Writing/part-004.pdf,206
SAT,Reading and Writing,435809d8,pdfs/SAT/Reading-and-Writing/part-004.pdf,207
SAT,Reading and Writing,ea0aa676,pdfs/SAT/Reading-and-Writing/part-004.pdf,208
SAT,Reading and Writing,353890a1,pdfs/SAT/Reading-and-Writing/part-004.pdf,209
SAT,Reading and Writing,b0115ef6,pdfs/SAT/Reading-and-Writing/part-004.pdf,210
SAT,Reading and Writing,ee4aa2aa,pdfs/SAT/Reading-and-Writing/part-004.pdf,211
SAT,Reading and Writing,83898524,pdfs/SAT/Reading-and-Writing/part-004.pdf,212
SAT,Reading and Writing,fba5d8d1,pdfs/SAT/Reading-and-Writing/part-004.pdf,213
SAT,Reading and Writing,57998dd3,pdfs/SAT/Reading-and-Writing/part-004.pdf,214
SAT,Reading and Writing,dc645172,pdfs/SAT/Reading-and-Writing/part-004.pdf,215
SAT,Reading and Writing,6fece68e,pdfs/SAT/Reading-and-Writing/part-004.pdf,216
SAT,Reading and Writing,886dc9f9,pdfs/SAT/Reading-and-Writing/part-004.pdf,217
SAT,Reading and Writing,166efaa2,pdfs/SAT/Reading-and-Writing/part-004.pdf,218
SAT,Reading and Writing,59a246dc,pdfs/SAT/Reading-and-Writing/part-004.pdf,219
SAT,Reading and Writing,a153ad6a,pdfs/SAT/Reading-and-Writing/part-004.pdf,220
SAT,Reading and Writing,e060dd6b,pdfs/SAT/Reading-and-Writing/part-004.pdf,221
SAT,Reading and Writing,35ae047d,pdfs/SAT/Reading-and-Writing/part-004.pdf,222
SAT,Reading and Writing,9eb43963,pdfs/SAT/Reading-and-Writing/part-004.pdf,223
SAT,Reading and Writing,5ef9fc48,pdfs/SAT/Reading-and-Writing/part-004.pdf,224
SAT,Reading and Writing,eeb14722,pdfs/SAT/Reading-and-Writing/part-004.pdf,225
SAT,Reading and Writing,6e071432,pdfs/SAT/Reading-and-Writing/part-004.pdf,226
SAT,Reading and Writing,db4e3819,pdfs/SAT/Reading-and-Writing/part-004.pdf,227
SAT,Reading and Writing,20ea68b7,pdfs/SAT/Reading-and-Writing/part-004.pdf,228
SAT,Reading and Writing,77e06a09,pdfs/SAT/Reading-and-Writing/part-004.pdf,229
SAT,Reading and Writing,6ea8c23f,pdfs/SAT/Reading-and-Writing/part-004.pdf,230
SAT,Reading and Writing,aab74a3b,pdfs/SAT/Reading-and-Writing/part-004.pdf,231
SAT,Reading and Writing,1724dac2,pdfs/SAT/Reading-and-Writing/part-004.pdf,232
SAT,Reading and Writing,512f0ac9,pdfs/SAT/Reading-and-Writing/part-004.pdf,233
SAT,Reading and Writing,4320b4ad,pdfs/SAT/Reading-and-Writing/part-004.pdf,234
SAT,Reading and Writing,e67f9967,pdfs/SAT/Reading-and-Writing/part-004.pdf,235
SAT,Reading and Writing,1aa3f174,pdfs/SAT/Reading-and-Writing/part-004.pdf,236
SAT,Reading and Writing,a9e5b788,pdfs/SAT/Reading-and-Writing/part-004.pdf,237
SAT,Reading and Writing,cdbbbf94,pdfs/SAT/Reading-and-Writing/part-004.pdf,238
SAT,Reading and Writing,a3e87535,pdfs/SAT/Reading-and-Writing/part-004.pdf,239
SAT,Reading and Writing,d47bb0a4,pdfs/SAT/Reading-and-Writing/part-004.pdf,240
SAT,Reading and Writing,e3b72630,pdfs/SAT/Reading-and-Writing/part-004.pdf,241
SAT,Reading and Writing,0560b2b8,pdfs/SAT/Reading-and-Writing/part-004.pdf,242
SAT,Reading and Writing,d2b81427,pdfs/SAT/Reading-and-Writing/part-004.pdf,243
SAT,Reading and Writing,56315bd0,pdfs/SAT/Reading-and-Writing/part-004.pdf,244
SAT,Reading and Writing,ffea47e1,pdfs/SAT/Reading-and-Writing/part-004.pdf,245
SAT,Reading and Writing,a1e0c981,pdfs/SAT/Reading-and-Writing/part-004.pdf,246
SAT,Reading and Writing,b35cefb7,pdfs/SAT/Reading-and-Writing/part-004.pdf,247
SAT,Reading and Writing,e76e74e8,pdfs/SAT/Reading-and-Writing/part-004.pdf,248
SAT,Reading and Writing,b74f676f,pdfs/SAT/Reading-and-Writing/part-004.pdf,249
SAT,Reading and Writing,1a61e2ae,pdfs/SAT/Reading-and-Writing/part-004.pdf,250
SAT,Reading and Writing,2d6f8304,pdfs/SAT/Reading-and-Writing/part-004.pdf,251
SAT,Reading and Writing,3a35ddd1,pdfs/SAT/Reading-and-Writing/part-004.pdf,252
SAT,Reading and Writing,69f031ab,pdfs/SAT/Reading-and-Writing/part-004.pdf,253
SAT,Reading and Writing,083a35dc,pdfs/SAT/Reading-and-Writing/part-004.pdf,254
SAT,Reading and Writing,486f03da,pdfs/SAT/Reading-and-Writing/part-004.pdf,255
SAT,Reading and Writing,003f22c8,pdfs/SAT/Reading-and-Writing/part-004.pdf,256
SAT,Reading and Writing,aab78b25,pdfs/SAT/Reading-and-Writing/part-004.pdf,257
SAT,Reading and Writing,8b002b08,pdfs/SAT/Reading-and-Writing/part-004.pdf,258
SAT,Reading and Writing,145d5ca7,pdfs/SAT/Reading-and-Writing/part-004.pdf,259
SAT,Reading and Writing,843f92af,pdfs/SAT/Reading-and-Writing/part-004.pdf,260
SAT,Reading and Writing,430d929a,pdfs/SAT/Reading-and-Writing/part-004.pdf,261
SAT,Reading and Writing,1684b237,pdfs/SAT/Reading-and-Writing/part-004.pdf,262
SAT,Reading and Writing,be34a3df,pdfs/SAT/Reading-and-Writing/part-004.pdf,263
SAT,Reading and Writing,1f8cd95f,pdfs/SAT/Reading-and-Writing/part-004.pdf,264
SAT,Reading and Writing,73a6603c,pdfs/SAT/Reading-and-Writing/part-004.pdf,265
SAT,Reading and Writing,70ced8dc,pdfs/SAT/Reading-and-Writing/part-004.pdf,266
SAT,Reading and Writing,3bceeb93,pdfs/SAT/Reading-and-Writing/part-004.pdf,267
SAT,Reading and Writing,6fac7f45,pdfs/SAT/Reading-and-Writing/part-004.pdf,268
SAT,Reading and Writing,aecdb820,pdfs/SAT/Reading-and-Writing/part-004.pdf,269
SAT,Reading and Writing,2c9c6ca9,pdfs/SAT/Reading-and-Writing/part-004.pdf,270
SAT,Reading and Writing,8a3998f1,pdfs/SAT/Reading-and-Writing/part-004.pdf,271
SAT,Reading and Writing,dab8b8ee,pdfs/SAT/Reading-and-Writing/part-004.pdf,272
SAT,Reading and Writing,4bed4658,pdfs/SAT/Reading-and-Writing/part-004.pdf,273
SAT,Reading and Writing,96953201,pdfs/SAT/Reading-and-Writing/part-004.pdf,274
SAT,Reading and Writing,acf454af,pdfs/SAT/Reading-and-Writing/part-004.pdf,275
SAT,Reading and Writing,6fdddabf,pdfs/SAT/Reading-and-Writing/part-004.pdf,276
SAT,Reading and Writing,8f6d6ae6,pdfs/SAT/Reading-and-Writing/part-004.pdf,277
SAT,Reading and Writing,26c8c88c,pdfs/SAT/Reading-and-Writing/part-004.pdf,278
SAT,Reading and Writing,c06af4d8,pdfs/SAT/Reading-and-Writing/part-004.pdf,279
SAT,Reading and Writing,f4fd123c,pdfs/SAT/Reading-and-Writing/part-004.pdf,280
SAT,Reading and Writing,e8926747,pdfs/SAT/Reading-and-Writing/part-004.pdf,281
SAT,Reading and Writing,e9aee0d8,pdfs/SAT/Reading-and-Writing/part-004.pdf,282
SAT,Reading and Writing,97df6650,pdfs/SAT/Reading-and-Writing/part-004.pdf,283
SAT,Reading and Writing,d198997b,pdfs/SAT/Reading-and-Writing/part-004.pdf,284
SAT,Reading and Writing,9579581e,pdfs/SAT/Reading-and-Writing/part-004.pdf,285
SAT,Reading and Writing,60713427,pdfs/SAT/Reading-and-Writing/part-004.pdf,286
SAT,Reading and Writing,7f1df833,pdfs/SAT/Reading-and-Writing/part-004.pdf,287
SAT,Reading and Writing,2ee50d41,pdfs/SAT/Reading-and-Writing/part-004.pdf,288
SAT,Reading and Writing,15d6d837,pdfs/SAT/Reading-and-Writing/part-004.pdf,289
SAT,Reading and Writing,59209b6d,pdfs/SAT/Reading-and-Writing/part-004.pdf,290
SAT,Reading and Writing,a75d5984,pdfs/SAT/Reading-and-Writing/part-004.pdf,291
SAT,Reading and Writing,2b512e65,pdfs/SAT/Reading-and-Writing/part-004.pdf,292
SAT,Reading and Writing,e41018de,pdfs/SAT/Reading-and-Writing/part-004.pdf,293
SAT,Reading and Writing,856b495d,pdfs/SAT/Reading-and-Writing/part-004.pdf,294
SAT,Reading and Writing,870ae7ec,pdfs/SAT/Reading-and-Writing/part-004.pdf,295
SAT,Reading and Writing,cfe23776,pdfs/SAT/Reading-and-Writing/part-004.pdf,296
SAT,Reading and Writing,4f2ff5f2,pdfs/SAT/Reading-and-Writing/part-004.pdf,297
SAT,Reading and Writing,2784cbaf,pdfs/SAT/Reading-and-Writing/part-004.pdf,298
SAT,Reading and Writing,863065c7,pdfs/SAT/Reading-and-Writing/part-004.pdf,299
SAT,Reading and Writing,872a002e,pdfs/SAT/Reading-and-Writing/part-004.pdf,300
SAT,Reading and Writing,fcaff694,pdfs/SAT/Reading-and-Writing/part-004.pdf,301
SAT,Reading and Writing,0fe5ce68,pdfs/SAT/Reading-and-Writing/part-004.pdf,302
SAT,Reading and Writing,b369d54c,pdfs/SAT/Reading-and-Writing/part-004.pdf,303
SAT,Reading and Writing,790fc366,pdfs/SAT/Reading-and-Writing/part-004.pdf,304
SAT,Reading and Writing,62120607,pdfs/SAT/Reading-and-Writing/part-004.pdf,305
SAT,Reading and Writing,c437dd53,pdfs/SAT/Reading-and-Writing/part-004.pdf,306
SAT,Reading and Writing,2bb7416a,pdfs/SAT/Reading-and-Writing/part-004.pdf,307
SAT,Reading and Writing,97b62fab,pdfs/SAT/Reading-and-Writing/part-004.pdf,308
SAT,Reading and Writing,a05cc490,pdfs/SAT/Reading-and-Writing/part-004.pdf,309
SAT,Reading and Writing,89ab0d46,pdfs/SAT/Reading-and-Writing/part-004.pdf,310
SAT,Reading and Writing,85b8b9c5,pdfs/SAT/Reading-and-Writing/part-005.pdf,1
SAT,Reading and Writing,b0a525be,pdfs/SAT/Reading-and-Writing/part-005.pdf,2
SAT,Reading and Writing,eef91a50,pdfs/SAT/Reading-and-Writing/part-005.pdf,3
SAT,Reading and Writing,01a32c84,pdfs/SAT/Reading-and-Writing/part-005.pdf,4
SAT,Reading and Writing,548f4956,pdfs/SAT/Reading-and-Writing/part-005.pdf,5
SAT,Reading and Writing,9d4a701b,pdfs/SAT/Reading-and-Writing/part-005.pdf,6
SAT,Reading and Writing,2c84f96a,pdfs/SAT/Reading-and-Writing/part-005.pdf,7
SAT,Reading and Writing,6181924a,pdfs/SAT/Reading-and-Writing/part-005.pdf,8
SAT,Reading and Writing,d4f173ec,pdfs/SAT/Reading-and-Writing/part-005.pdf,9
SAT,Reading and Writing,dd6a0326,pdfs/SAT/Reading-and-Writing/part-005.pdf,10
SAT,Reading and Writing,4ba99a6f,pdfs/SAT/Reading-and-Writing/part-005.pdf,11
SAT,Reading and Writing,ce81d0b7,pdfs/SAT/Reading-and-Writing/part-005.pdf,12
SAT,Reading and Writing,db24ecc9,pdfs/SAT/Reading-and-Writing/part-005.pdf,13
SAT,Reading and Writing,35360da9,pdfs/SAT/Reading-and-Writing/part-005.pdf,14
SAT,Reading and Writing,0fa289a7,pdfs/SAT/Reading-and-Writing/part-005.pdf,15
SAT,Reading and Writing,f0f9bf8f,pdfs/SAT/Reading-and-Writing/part-005.pdf,16
SAT,Reading and Writing,ace95f84,pdfs/SAT/Reading-and-Writing/part-005.pdf,17
SAT,Reading and Writing,6df020e6,pdfs/SAT/Reading-and-Writing/part-005.pdf,18
SAT,Reading and Writing,684b8bd2,pdfs/SAT/Reading-and-Writing/part-005.pdf,19
SAT,Reading and Writing,f30a478e,pdfs/SAT/Reading-and-Writing/part-005.pdf,20
SAT,Reading and Writing,67667d72,pdfs/SAT/Reading-and-Writing/part-005.pdf,21
SAT,Reading and Writing,80aa7690,pdfs/SAT/Reading-and-Writing/part-005.pdf,22
SAT,Reading and Writing,cd4b1a7e,pdfs/SAT/Reading-and-Writing/part-005.pdf,23
SAT,Reading and Writing,60a4c088,pdfs/SAT/Reading-and-Writing/part-005.pdf,24
SAT,Reading and Writing,75eb5242,pdfs/SAT/Reading-and-Writing/part-005.pdf,25
SAT,Reading and Writing,dd428136,pdfs/SAT/Reading-and-Writing/part-005.pdf,26
SAT,Reading and Writing,a94b7fd6,pdfs/SAT/Reading-and-Writing/part-005.pdf,27
SAT,Reading and Writing,c7cb5186,pdfs/SAT/Reading-and-Writing/part-005.pdf,28
SAT,Reading and Writing,6bc907c9,pdfs/SAT/Reading-and-Writing/part-005.pdf,29
SAT,Reading and Writing,04bfd364,pdfs/SAT/Reading-and-Writing/part-005.pdf,30
SAT,Reading and Writing,1e274153,pdfs/SAT/Reading-and-Writing/part-005.pdf,31
SAT,Reading and Writing,36868920,pdfs/SAT/Reading-and-Writing/part-005.pdf,32
SAT,Reading and Writing,772835db,pdfs/SAT/Reading-and-Writing/part-005.pdf,33
SAT,Reading and Writing,f339ee39,pdfs/SAT/Reading-and-Writing/part-005.pdf,34
SAT,Reading and Writing,ea8f4658,pdfs/SAT/Reading-and-Writing/part-005.pdf,35
SAT,Reading and Writing,f768090a,pdfs/SAT/Reading-and-Writing/part-005.pdf,36
SAT,Reading and Writing,775f3eb9,pdfs/SAT/Reading-and-Writing/part-005.pdf,37
SAT,Reading and Writing,5670a657,pdfs/SAT/Reading-and-Writing/part-005.pdf,38
SAT,Reading and Writing,b6560e5a,pdfs/SAT/Reading-and-Writing/part-005.pdf,39
SAT,Reading and Writing,5aa171de,pdfs/SAT/Reading-and-Writing/part-005.pdf,40
SAT,Reading and Writing,5b8f9cf2,pdfs/SAT/Reading-and-Writing/part-005.pdf,41
SAT,Reading and Writing,b5b74c3f,pdfs/SAT/Reading-and-Writing/part-005.pdf,42
SAT,Reading and Writing,432b1ede,pdfs/SAT/Reading-and-Writing/part-005.pdf,43
SAT,Reading and Writing,c21df211,pdfs/SAT/Reading-and-Writing/part-005.pdf,44
SAT,Reading and Writing,50445680,pdfs/SAT/Reading-and-Writing/part-005.pdf,45
SAT,Reading and Writing,267a13e2,pdfs/SAT/Reading-and-Writing/part-005.pdf,46
SAT,Reading and Writing,403d7bb5,pdfs/SAT/Reading-and-Writing/part-005.pdf,47
SAT,Reading and Writing,fcab3630,pdfs/SAT/Reading-and-Writing/part-005.pdf,48
SAT,Reading and Writing,a7fdf862,pdfs/SAT/Reading-and-Writing/part-005.pdf,49
SAT,Reading and Writing,21e58a83,pdfs/SAT/Reading-and-Writing/part-005.pdf,50
SAT,Reading and Writing,de3dd17d,pdfs/SAT/Reading-and-Writing/part-005.pdf,51
SAT,Reading and Writing,c102f9b0,pdfs/SAT/Reading-and-Writing/part-005.pdf,52
SAT,Reading and Writing,6b49f5f1,pdfs/SAT/Reading-and-Writing/part-005.pdf,53
SAT,Reading and Writing,ecba68b5,pdfs/SAT/Reading-and-Writing/part-005.pdf,54
SAT,Reading and Writing,2dd1b8bf,pdfs/SAT/Reading-and-Writing/part-005.pdf,55
SAT,Reading and Writing,577b09fa,pdfs/SAT/Reading-and-Writing/part-005.pdf,56
SAT,Reading and Writing,59094d87,pdfs/SAT/Reading-and-Writing/part-005.pdf,57
SAT,Reading and Writing,235c8338,pdfs/SAT/Reading-and-Writing/part-005.pdf,58
SAT,Reading and Writing,b771d175,pdfs/SAT/Reading-and-Writing/part-005.pdf,59
SAT,Reading and Writing,8772475b,pdfs/SAT/Reading-and-Writing/part-005.pdf,60
SAT,Reading and Writing,eee7536f,pdfs/SAT/Reading-and-Writing/part-005.pdf,61
SAT,Reading and Writing,0ff8477b,pdfs/SAT/Reading-and-Writing/part-005.pdf,62
SAT,Reading and Writing,b260c65a,pdfs/SAT/Reading-and-Writing/part-005.pdf,63
SAT,Reading and Writing,83c9c503,pdfs/SAT/Reading-and-Writing/part-005.pdf,64
SAT,Reading and Writing,05a14e18,pdfs/SAT/Reading-and-Writing/part-005.pdf,65
SAT,Reading and Writing,9f737b2a,pdfs/SAT/Reading-and-Writing/part-005.pdf,66
SAT,Reading and Writing,c52652c9,pdfs/SAT/Reading-and-Writing/part-005.pdf,67
SAT,Reading and Writing,ba8ebf49,pdfs/SAT/Reading-and-Writing/part-005.pdf,68
SAT,Reading and Writing,188f7e3c,pdfs/SAT/Reading-and-Writing/part-005.pdf,69
SAT,Reading and Writing,36944347,pdfs/SAT/Reading-and-Writing/part-005.pdf,70
SAT,Reading and Writing,a466679a,pdfs/SAT/Reading-and-Writing/part-005.pdf,71
SAT,Reading and Writing,a8fa749a,pdfs/SAT/Reading-and-Writing/part-005.pdf,72
SAT,Reading and Writing,898f182c,pdfs/SAT/Reading-and-Writing/part-005.pdf,73
SAT,Reading and Writing,6e5bf3a8,pdfs/SAT/Reading-and-Writing/part-005.pdf,74
SAT,Reading and Writing,fa36d803,pdfs/SAT/Reading-and-Writing/part-005.pdf,75
SAT,Reading and Writing,84658166,pdfs/SAT/Reading-and-Writing/part-005.pdf,76
SAT,Reading and Writing,7c48a6dd,pdfs/SAT/Reading-and-Writing/part-005.pdf,77
SAT,Reading and Writing,e3c1b4f7,pdfs/SAT/Reading-and-Writing/part-005.pdf,78
SAT,Reading and Writing,5cc85f01,pdfs/SAT/Reading-and-Writing/part-005.pdf,79
SAT,Reading and Writing,8d53e7a0,pdfs/SAT/Reading-and-Writing/part-005.pdf,80
SAT,Reading and Writing,43b88827,pdfs/SAT/Reading-and-Writing/part-005.pdf,81
SAT,Reading and Writing,cabe71d4,pdfs/SAT/Reading-and-Writing/part-005.pdf,82
SAT,Reading and Writing,9994ae0d,pdfs/SAT/Reading-and-Writing/part-005.pdf,83
SAT,Reading and Writing,99dedf36,pdfs/SAT/Reading-and-Writing/part-005.pdf,84
SAT,Reading and Writing,61160f0a,pdfs/SAT/Reading-and-Writing/part-005.pdf,85
SAT,Reading and Writing,7b950fc2,pdfs/SAT/Reading-and-Writing/part-005.pdf,86
SAT,Reading and Writing,75f49353,pdfs/SAT/Reading-and-Writing/part-005.pdf,87
SAT,Reading and Writing,20a6a4ed,pdfs/SAT/Reading-and-Writing/part-005.pdf,88
SAT,Reading and Writing,2cb1ee22,pdfs/SAT/Reading-and-Writing/part-005.pdf,89
SAT,Reading and Writing,a03008de,pdfs/SAT/Reading-and-Writing/part-005.pdf,90
SAT,Reading and Writing,c88ba1b7,pdfs/SAT/Reading-and-Writing/part-005.pdf,91
SAT,Reading and Writing,e7afd0a1,pdfs/SAT/Reading-and-Writing/part-005.pdf,92
SAT,Reading and Writing,1b97cce9,pdfs/SAT/Reading-and-Writing/part-005.pdf,93
SAT,Reading and Writing,952fd392,pdfs/SAT/Reading-and-Writing/part-005.pdf,94
SAT,Reading and Writing,fff4c7f4,pdfs/SAT/Reading-and-Writing/part-005.pdf,95
SAT,Reading and Writing,40c3589d,pdfs/SAT/Reading-and-Writing/part-005.pdf,96
SAT,Reading and Writing,b15724fc,pdfs/SAT/Reading-and-Writing/part-005.pdf,97
SAT,Reading and Writing,c5d39bc7,pdfs/SAT/Reading-and-Writing/part-005.pdf,98
SAT,Reading and Writing,e2759b92,pdfs/SAT/Reading-and-Writing/part-005.pdf,99
SAT,Reading and Writing,72b3db98,pdfs/SAT/Reading-and-Writing/part-005.pdf,100
SAT,Reading and Writing,a872c60a,pdfs/SAT/Reading-and-Writing/part-005.pdf,101
SAT,Reading and Writing,615f001e,pdfs/SAT/Reading-and-Writing/part-005.pdf,102
SAT,Reading and Writing,594b4a94,pdfs/SAT/Reading-and-Writing/part-005.pdf,103
SAT,Reading and Writing,5ad2a12c,pdfs/SAT/Reading-and-Writing/part-005.pdf,104
SAT,Reading and Writing,02871a0d,pdfs/SAT/Reading-and-Writing/part-005.pdf,105
SAT,Reading and Writing,2fd05c15,pdfs/SAT/Reading-and-Writing/part-005.pdf,106
SAT,Reading and Writing,1448f43f,pdfs/SAT/Reading-and-Writing/part-005.pdf,107
SAT,Reading and Writing,175df826,pdfs/SAT/Reading-and-Writing/part-005.pdf,108
SAT,Reading and Writing,bce9910f,pdfs/SAT/Reading-and-Writing/part-005.pdf,109
SAT,Reading and Writing,c88d6301,pdfs/SAT/Reading-and-Writing/part-005.pdf,110
SAT,Reading and Writing,aacddbd8,pdfs/SAT/Reading-and-Writing/part-005.pdf,111
SAT,Reading and Writing,97e7bedc,pdfs/SAT/Reading-and-Writing/part-005.pdf,112
SAT,Reading and Writing,c8540a5b,pdfs/SAT/Reading-and-Writing/part-005.pdf,113
SAT,Reading and Writing,e15c50b2,pdfs/SAT/Reading-and-Writing/part-005.pdf,114
SAT,Reading and Writing,988c78eb,pdfs/SAT/Reading-and-Writing/part-005.pdf,115
SAT,Reading and Writing,261f4ca6,pdfs/SAT/Reading-and-Writing/part-005.pdf,116
SAT,Reading and Writing,96499989,pdfs/SAT/Reading-and-Writing/part-005.pdf,117
SAT,Reading and Writing,fdb16e20,pdfs/SAT/Reading-and-Writing/part-005.pdf,118
SAT,Reading and Writing,7e37affc,pdfs/SAT/Reading-and-Writing/part-005.pdf,119
SAT,Reading and Writing,28166dc6,pdfs/SAT/Reading-and-Writing/part-005.pdf,120
SAT,Reading and Writing,4565a53c,pdfs/SAT/Reading-and-Writing/part-005.pdf,121
SAT,Reading and Writing,f40b447c,pdfs/SAT/Reading-and-Writing/part-005.pdf,122
SAT,Reading and Writing,7a0d9031,pdfs/SAT/Reading-and-Writing/part-005.pdf,123
SAT,Reading and Writing,91fbd59d,pdfs/SAT/Reading-and-Writing/part-005.pdf,124
SAT,Reading and Writing,a421f749,pdfs/SAT/Reading-and-Writing/part-005.pdf,125
SAT,Reading and Writing,d46ac7e7,pdfs/SAT/Reading-and-Writing/part-005.pdf,126
SAT,Reading and Writing,b1e8b87f,pdfs/SAT/Reading-and-Writing/part-005.pdf,127
SAT,Reading and Writing,2b6e1c06,pdfs/SAT/Reading-and-Writing/part-005.pdf,128
SAT,Reading and Writing,3595a991,pdfs/SAT/Reading-and-Writing/part-005.pdf,129
SAT,Reading and Writing,f45ae404,pdfs/SAT/Reading-and-Writing/part-005.pdf,130
SAT,Reading and Writing,1ee4485c,pdfs/SAT/Reading-and-Writing/part-005.pdf,131
SAT,Reading and Writing,e31b0056,pdfs/SAT/Reading-and-Writing/part-005.pdf,132
SAT,Reading and Writing,8459dc2f,pdfs/SAT/Reading-and-Writing/part-005.pdf,133
SAT,Reading and Writing,31362d2d,pdfs/SAT/Reading-and-Writing/part-005.pdf,134
SAT,Reading and Writing,667a0587,pdfs/SAT/Reading-and-Writing/part-005.pdf,135
SAT,Reading and Writing,d2cf0e11,pdfs/SAT/Reading-and-Writing/part-005.pdf,136
SAT,Reading and Writing,1d971f75,pdfs/SAT/Reading-and-Writing/part-005.pdf,137
SAT,Reading and Writing,2bca654a,pdfs/SAT/Reading-and-Writing/part-005.pdf,138
SAT,Reading and Writing,f40ca576,pdfs/SAT/Reading-and-Writing/part-005.pdf,139
SAT,Reading and Writing,c101fc44,pdfs/SAT/Reading-and-Writing/part-005.pdf,140
SAT,Reading and Writing,0bcb4417,pdfs/SAT/Reading-and-Writing/part-005.pdf,141
SAT,Reading and Writing,dddfa043,pdfs/SAT/Reading-and-Writing/part-005.pdf,142
SAT,Reading and Writing,be37d4ae,pdfs/SAT/Reading-and-Writing/part-005.pdf,143
SAT,Reading and Writing,94de423a,pdfs/SAT/Reading-and-Writing/part-005.pdf,144
SAT,Reading and Writing,c8607bdf,pdfs/SAT/Reading-and-Writing/part-005.pdf,145
SAT,Reading and Writing,b6de636f,pdfs/SAT/Reading-and-Writing/part-005.pdf,146
SAT,Reading and Writing,c15069eb,pdfs/SAT/Reading-and-Writing/part-005.pdf,147
SAT,Reading and Writing,5aae2475,pdfs/SAT/Reading-and-Writing/part-005.pdf,148
SAT,Reading and Writing,db2e480a,pdfs/SAT/Reading-and-Writing/part-005.pdf,149
SAT,Reading and Writing,4c9a2aee,pdfs/SAT/Reading-and-Writing/part-005.pdf,150
SAT,Reading and Writing,b0fb36ad,pdfs/SAT/Reading-and-Writing/part-005.pdf,151
SAT,Reading and Writing,a30567fd,pdfs/SAT/Reading-and-Writing/part-005.pdf,152
SAT,Reading and Writing,12013e06,pdfs/SAT/Reading-and-Writing/part-005.pdf,153
SAT,Reading and Writing,f1c5157d,pdfs/SAT/Reading-and-Writing/part-005.pdf,154
SAT,Reading and Writing,96a904c5,pdfs/SAT/Reading-and-Writing/part-005.pdf,155
SAT,Reading and Writing,5cc69ee1,pdfs/SAT/Reading-and-Writing/part-005.pdf,156
SAT,Reading and Writing,329255db,pdfs/SAT/Reading-and-Writing/part-005.pdf,157
SAT,Reading and Writing,603755a5,pdfs/SAT/Reading-and-Writing/part-005.pdf,158
SAT,Reading and Writing,8999c0c5,pdfs/SAT/Reading-and-Writing/part-005.pdf,159
SAT,Reading and Writing,ad046778,pdfs/SAT/Reading-and-Writing/part-005.pdf,160
SAT,Reading and Writing,7ce4ee13,pdfs/SAT/Reading-and-Writing/part-005.pdf,161
SAT,Reading and Writing,aa443c4b,pdfs/SAT/Reading-and-Writing/part-005.pdf,162
SAT,Reading and Writing,0a114526,pdfs/SAT/Reading-and-Writing/part-005.pdf,163
SAT,Reading and Writing,a2293b3f,pdfs/SAT/Reading-and-Writing/part-005.pdf,164
SAT,Reading and Writing,5aa1fffd,pdfs/SAT/Reading-and-Writing/part-005.pdf,165
SAT,Reading and Writing,a5079e0d,pdfs/SAT/Reading-and-Writing/part-005.pdf,166
SAT,Reading and Writing,831b55ec,pdfs/SAT/Reading-and-Writing/part-005.pdf,167
SAT,Reading and Writing,42cc9236,pdfs/SAT/Reading-and-Writing/part-005.pdf,168
SAT,Reading and Writing,fa07bcb6,pdfs/SAT/Reading-and-Writing/part-005.pdf,169
SAT,Reading and Writing,81ac953e,pdfs/SAT/Reading-and-Writing/part-005.pdf,170
SAT,Reading and Writing,b32eab9f,pdfs/SAT/Reading-and-Writing/part-005.pdf,171
SAT,Reading and Writing,50801257,pdfs/SAT/Reading-and-Writing/part-005.pdf,172
SAT,Reading and Writing,028752cd,pdfs/SAT/Reading-and-Writing/part-005.pdf,173
SAT,Reading and Writing,c9a677e9,pdfs/SAT/Reading-and-Writing/part-005.pdf,174
SAT,Reading and Writing,1f39ab8b,pdfs/SAT/Reading-and-Writing/part-005.pdf,175
SAT,Reading and Writing,a14eef71,pdfs/SAT/Reading-and-Writing/part-005.pdf,176
SAT,Reading and Writing,5fd86f4b,pdfs/SAT/Reading-and-Writing/part-005.pdf,177
SAT,Reading and Writing,f868d438,pdfs/SAT/Reading-and-Writing/part-005.pdf,178
SAT,Reading and Writing,60dd03bc,pdfs/SAT/Reading-and-Writing/part-005.pdf,179
SAT,Reading and Writing,6d4b2e1e,pdfs/SAT/Reading-and-Writing/part-005.pdf,180
SAT,Reading and Writing,6205f7e4,pdfs/SAT/Reading-and-Writing/part-005.pdf,181
SAT,Reading and Writing,7c766ceb,pdfs/SAT/Reading-and-Writing/part-005.pdf,182
SAT,Reading and Writing,39ac6498,pdfs/SAT/Reading-and-Writing/part-005.pdf,183
SAT,Reading and Writing,8d00cd7c,pdfs/SAT/Reading-and-Writing/part-005.pdf,184
SAT,Reading and Writing,b85c19ed,pdfs/SAT/Reading-and-Writing/part-005.pdf,185
SAT,Reading and Writing,109d5bbb,pdfs/SAT/Reading-and-Writing/part-005.pdf,186
SAT,Reading and Writing,b5ff8f8e,pdfs/SAT/Reading-and-Writing/part-005.pdf,187
SAT,Reading and Writing,505054e3,pdfs/SAT/Reading-and-Writing/part-005.pdf,188
SAT,Reading and Writing,18382e67,pdfs/SAT/Reading-and-Writing/part-005.pdf,189
SAT,Reading and Writing,56770dda,pdfs/SAT/Reading-and-Writing/part-005.pdf,190
SAT,Reading and Writing,3fee46f2,pdfs/SAT/Reading-and-Writing/part-005.pdf,191
SAT,Reading and Writing,6174a5b6,pdfs/SAT/Reading-and-Writing/part-005.pdf,192
SAT,Reading and Writing,d073983d,pdfs/SAT/Reading-and-Writing/part-005.pdf,193
SAT,Reading and Writing,02913383,pdfs/SAT/Reading-and-Writing/part-005.pdf,194
SAT,Reading and Writing,e92a7ad3,pdfs/SAT/Reading-and-Writing/part-005.pdf,195
SAT,Reading and Writing,c468db1c,pdfs/SAT/Reading-and-Writing/part-005.pdf,196
SAT,Reading and Writing,ac7b8d04,pdfs/SAT/Reading-and-Writing/part-005.pdf,197
SAT,Reading and Writing,8a9d2f4e,pdfs/SAT/Reading-and-Writing/part-005.pdf,198
SAT,Reading and Writing,576b2c70,pdfs/SAT/Reading-and-Writing/part-005.pdf,199
SAT,Reading and Writing,78e978b5,pdfs/SAT/Reading-and-Writing/part-005.pdf,200
SAT,Reading and Writing,d4fe8f03,pdfs/SAT/Reading-and-Writing/part-005.pdf,201
SAT,Reading and Writing,dfbf5d33,pdfs/SAT/Reading-and-Writing/part-005.pdf,202
SAT,Reading and Writing,cf08e2fd,pdfs/SAT/Reading-and-Writing/part-005.pdf,203
SAT,Reading and Writing,bb4557cf,pdfs/SAT/Reading-and-Writing/part-005.pdf,204
SAT,Reading and Writing,da53d726,pdfs/SAT/Reading-and-Writing/part-005.pdf,205
SAT,Reading and Writing,f2eaaf5d,pdfs/SAT/Reading-and-Writing/part-005.pdf,206
SAT,Reading and Writing,ec08463d,pdfs/SAT/Reading-and-Writing/part-005.pdf,207
SAT,Reading and Writing,0b005ae2,pdfs/SAT/Reading-and-Writing/part-005.pdf,208
SAT,Reading and Writing,4a90a978,pdfs/SAT/Reading-and-Writing/part-005.pdf,209
SAT,Reading and Writing,59e41600,pdfs/SAT/Reading-and-Writing/part-005.pdf,210
SAT,Reading and Writing,eb03096e,pdfs/SAT/Reading-and-Writing/part-005.pdf,211
SAT,Reading and Writing,d75d57a0,pdfs/SAT/Reading-and-Writing/part-005.pdf,212
SAT,Reading and Writing,a427a52c,pdfs/SAT/Reading-and-Writing/part-005.pdf,213
SAT,Reading and Writing,6997261f,pdfs/SAT/Reading-and-Writing/part-005.pdf,214
SAT,Reading and Writing,3daf126e,pdfs/SAT/Reading-and-Writing/part-005.pdf,215
SAT,Reading and Writing,975eda7c,pdfs/SAT/Reading-and-Writing/part-005.pdf,216
SAT,Reading and Writing,5ee7fb04,pdfs/SAT/Reading-and-Writing/part-005.pdf,217
SAT,Reading and Writing,a12e3b8a,pdfs/SAT/Reading-and-Writing/part-005.pdf,218
SAT,Reading and Writing,c04e9136,pdfs/SAT/Reading-and-Writing/part-005.pdf,219
SAT,Reading and Writing,588887b9,pdfs/SAT/Reading-and-Writing/part-005.pdf,220
SAT,Reading and Writing,92f309b2,pdfs/SAT/Reading-and-Writing/part-005.pdf,221
SAT,Reading and Writing,c49e946e,pdfs/SAT/Reading-and-Writing/part-005.pdf,222
SAT,Reading and Writing,6d247c13,pdfs/SAT/Reading-and-Writing/part-005.pdf,223
SAT,Reading and Writing,fe41f258,pdfs/SAT/Reading-and-Writing/part-005.pdf,224
SAT,Reading and Writing,4c06427b,pdfs/SAT/Reading-and-Writing/part-005.pdf,225
SAT,Reading and Writing,81f09e07,pdfs/SAT/Reading-and-Writing/part-005.pdf,226
SAT,Reading and Writing,8790d061,pdfs/SAT/Reading-and-Writing/part-005.pdf,227
SAT,Reading and Writing,8a264a54,pdfs/SAT/Reading-and-Writing/part-005.pdf,228
SAT,Reading and Writing,9902d2de,pdfs/SAT/Reading-and-Writing/part-005.pdf,229
SAT,Reading and Writing,1c65db8f,pdfs/SAT/Reading-and-Writing/part-005.pdf,230
SAT,Reading and Writing,cd2443c0,pdfs/SAT/Reading-and-Writing/part-005.pdf,231
SAT,Reading and Writing,e44db0a0,pdfs/SAT/Reading-and-Writing/part-005.pdf,232
SAT,Reading and Writing,64a40675,pdfs/SAT/Reading-and-Writing/part-005.pdf,233
SAT,Reading and Writing,b8e13a74,pdfs/SAT/Reading-and-Writing/part-005.pdf,234
SAT,Reading and Writing,265e7f4c,pdfs/SAT/Reading-and-Writing/part-005.pdf,235
SAT,Reading and Writing,d222f7d9,pdfs/SAT/Reading-and-Writing/part-005.pdf,236
SAT,Reading and Writing,4b424102,pdfs/SAT/Reading-and-Writing/part-005.pdf,237
SAT,Reading and Writing,96e5da01,pdfs/SAT/Reading-and-Writing/part-005.pdf,238
SAT,Reading and Writing,2c4cd76d,pdfs/SAT/Reading-and-Writing/part-005.pdf,239
SAT,Reading and Writing,12bd5b75,pdfs/SAT/Reading-and-Writing/part-005.pdf,240
SAT,Reading and Writing,3ed5ebb4,pdfs/SAT/Reading-and-Writing/part-005.pdf,241
SAT,Reading and Writing,67614549,pdfs/SAT/Reading-and-Writing/part-005.pdf,242
SAT,Reading and Writing,78b88c04,pdfs/SAT/Reading-and-Writing/part-005.pdf,243
SAT,Reading and Writing,d1482e27,pdfs/SAT/Reading-and-Writing/part-005.pdf,244
SAT,Reading and Writing,9f0ac61d,pdfs/SAT/Reading-and-Writing/part-005.pdf,245
SAT,Reading and Writing,bd11fe93,pdfs/SAT/Reading-and-Writing/part-005.pdf,246
SAT,Reading and Writing,f570cece,pdfs/SAT/Reading-and-Writing/part-005.pdf,247
SAT,Reading and Writing,2b08f514,pdfs/SAT/Reading-and-Writing/part-005.pdf,248
SAT,Reading and Writing,afec1a70,pdfs/SAT/Reading-and-Writing/part-005.pdf,249
SAT,Reading and Writing,e0bd4f8a,pdfs/SAT/Reading-and-Writing/part-005.pdf,250
SAT,Reading and Writing,660d50dc,pdfs/SAT/Reading-and-Writing/part-005.pdf,251
SAT,Reading and Writing,4d2736f0,pdfs/SAT/Reading-and-Writing/part-005.pdf,252
SAT,Reading and Writing,d3b7d7a3,pdfs/SAT/Reading-and-Writing/part-005.pdf,253
SAT,Reading and Writing,39ccb463,pdfs/SAT/Reading-and-Writing/part-005.pdf,254
SAT,Reading and Writing,af76771f,pdfs/SAT/Reading-and-Writing/part-005.pdf,255
SAT,Reading and Writing,064c8999,pdfs/SAT/Reading-and-Writing/part-005.pdf,256
SAT,Reading and Writing,b46e0c8a,pdfs/SAT/Reading-and-Writing/part-005.pdf,257
SAT,Reading and Writing,48d0bb34,pdfs/SAT/Reading-and-Writing/part-005.pdf,258
SAT,Reading and Writing,aa7e10d0,pdfs/SAT/Reading-and-Writing/part-005.pdf,259
SAT,Reading and Writing,be44fea0,pdfs/SAT/Reading-and-Writing/part-005.pdf,260
SAT,Reading and Writing,264e7415,pdfs/SAT/Reading-and-Writing/part-005.pdf,261
SAT,Reading and Writing,25a197dd,pdfs/SAT/Reading-and-Writing/part-005.pdf,262
SAT,Reading and Writing,e3edc138,pdfs/SAT/Reading-and-Writing/part-005.pdf,263
SAT,Reading and Writing,cf11282b,pdfs/SAT/Reading-and-Writing/part-005.pdf,264
SAT,Reading and Writing,a40c7aa3,pdfs/SAT/Reading-and-Writing/part-005.pdf,265
SAT,Reading and Writing,e3bbf2bf,pdfs/SAT/Reading-and-Writing/part-005.pdf,266
SAT,Reading and Writing,00221c00,pdfs/SAT/Reading-and-Writing/part-005.pdf,267
SAT,Reading and Writing,8a1ad52b,pdfs/SAT/Reading-and-Writing/part-005.pdf,268
SAT,Reading and Writing,af89fa02,pdfs/SAT/Reading-and-Writing/part-005.pdf,269
SAT,Reading and Writing,4c43bf61,pdfs/SAT/Reading-and-Writing/part-005.pdf,270
SAT,Reading and Writing,16631d34,pdfs/SAT/Reading-and-Writing/part-005.pdf,271
SAT,Reading and Writing,d9dad012,pdfs/SAT/Reading-and-Writing/part-005.pdf,272
SAT,Reading and Writing,e2693197,pdfs/SAT/Reading-and-Writing/part-005.pdf,273
SAT,Reading and Writing,601b9d18,pdfs/SAT/Reading-and-Writing/part-005.pdf,274
SAT,Reading and Writing,60917233,pdfs/SAT/Reading-and-Writing/part-005.pdf,275
SAT,Reading and Writing,1d79a59d,pdfs/SAT/Reading-and-Writing/part-005.pdf,276
SAT,Reading and Writing,ec3d7605,pdfs/SAT/Reading-and-Writing/part-005.pdf,277
SAT,Reading and Writing,54227b8e,pdfs/SAT/Reading-and-Writing/part-005.pdf,278
SAT,Reading and Writing,a819d8b6,pdfs/SAT/Reading-and-Writing/part-005.pdf,279
SAT,Reading and Writing,84e108cf,pdfs/SAT/Reading-and-Writing/part-005.pdf,280
SAT,Reading and Writing,42e6cc83,pdfs/SAT/Reading-and-Writing/part-005.pdf,281
SAT,Reading and Writing,326017ce,pdfs/SAT/Reading-and-Writing/part-005.pdf,282
SAT,Reading and Writing,c78620ba,pdfs/SAT/Reading-and-Writing/part-005.pdf,283
SAT,Reading and Writing,20733eac,pdfs/SAT/Reading-and-Writing/part-005.pdf,284
SAT,Reading and Writing,94c9788e,pdfs/SAT/Reading-and-Writing/part-005.pdf,285
SAT,Reading and Writing,e1079609,pdfs/SAT/Reading-and-Writing/part-005.pdf,286
SAT,Reading and Writing,ca4ff52d,pdfs/SAT/Reading-and-Writing/part-005.pdf,287
SAT,Reading and Writing,7298633c,pdfs/SAT/Reading-and-Writing/part-005.pdf,288
SAT,Reading and Writing,441f0505,pdfs/SAT/Reading-and-Writing/part-005.pdf,289
SAT,Reading and Writing,6c9df5d1,pdfs/SAT/Reading-and-Writing/part-005.pdf,290
SAT,Reading and Writing,e6b1e12c,pdfs/SAT/Reading-and-Writing/part-005.pdf,291
SAT,Reading and Writing,f07570bb,pdfs/SAT/Reading-and-Writing/part-005.pdf,292
SAT,Reading and Writing,4b99b481,pdfs/SAT/Reading-and-Writing/part-005.pdf,293
SAT,Reading and Writing,221ecf0f,pdfs/SAT/Reading-and-Writing/part-005.pdf,294
SAT,Reading and Writing,a4366255,pdfs/SAT/Reading-and-Writing/part-005.pdf,295
SAT,Reading and Writing,296801d2,pdfs/SAT/Reading-and-Writing/part-005.pdf,296
SAT,Reading and Writing,92fe0ed7,pdfs/SAT/Reading-and-Writing/part-005.pdf,297
SAT,Reading and Writing,a965c6ed,pdfs/SAT/Reading-and-Writing/part-005.pdf,298
SAT,Reading and Writing,97e2e364,pdfs/SAT/Reading-and-Writing/part-005.pdf,299
SAT,Reading and Writing,7d5c32e6,pdfs/SAT/Reading-and-Writing/part-005.pdf,300
SAT,Reading and Writing,01c8c433,pdfs/SAT/Reading-and-Writing/part-006.pdf,1
SAT,Reading and Writing,883493d5,pdfs/SAT/Reading-and-Writing/part-006.pdf,2
SAT,Reading and Writing,1e655377,pdfs/SAT/Reading-and-Writing/part-006.pdf,3
SAT,Reading and Writing,b88dad9d,pdfs/SAT/Reading-and-Writing/part-006.pdf,4
SAT,Reading and Writing,b07a7634,pdfs/SAT/Reading-and-Writing/part-006.pdf,5
SAT,Reading and Writing,539abc58,pdfs/SAT/Reading-and-Writing/part-006.pdf,6
SAT,Reading and Writing,db8fe023,pdfs/SAT/Reading-and-Writing/part-006.pdf,7
SAT,Reading and Writing,04ad68ca,pdfs/SAT/Reading-and-Writing/part-006.pdf,8
SAT,Reading and Writing,fc2bcc79,pdfs/SAT/Reading-and-Writing/part-006.pdf,9
SAT,Reading and Writing,f735493e,pdfs/SAT/Reading-and-Writing/part-006.pdf,10
SAT,Reading and Writing,57bcd0d6,pdfs/SAT/Reading-and-Writing/part-006.pdf,11
SAT,Reading and Writing,11df9b99,pdfs/SAT/Reading-and-Writing/part-006.pdf,12
SAT,Reading and Writing,3fa48bf3,pdfs/SAT/Reading-and-Writing/part-006.pdf,13
SAT,Reading and Writing,2bf05ae9,pdfs/SAT/Reading-and-Writing/part-006.pdf,14
SAT,Reading and Writing,335bbe3e,pdfs/SAT/Reading-and-Writing/part-006.pdf,15
SAT,Reading and Writing,827afb27,pdfs/SAT/Reading-and-Writing/part-006.pdf,16
SAT,Reading and Writing,e876e395,pdfs/SAT/Reading-and-Writing/part-006.pdf,17
SAT,Reading and Writing,8fe4f4ab,pdfs/SAT/Reading-and-Writing/part-006.pdf,18
SAT,Reading and Writing,bb275f0d,pdfs/SAT/Reading-and-Writing/part-006.pdf,19
SAT,Reading and Writing,30438650,pdfs/SAT/Reading-and-Writing/part-006.pdf,20
SAT,Reading and Writing,a773f069,pdfs/SAT/Reading-and-Writing/part-006.pdf,21
SAT,Reading and Writing,6249b173,pdfs/SAT/Reading-and-Writing/part-006.pdf,22
SAT,Reading and Writing,1b219d14,pdfs/SAT/Reading-and-Writing/part-006.pdf,23
SAT,Reading and Writing,a3204ab0,pdfs/SAT/Reading-and-Writing/part-006.pdf,24
SAT,Reading and Writing,6a5939c2,pdfs/SAT/Reading-and-Writing/part-006.pdf,25
SAT,Reading and Writing,3b02e88a,pdfs/SAT/Reading-and-Writing/part-006.pdf,26
SAT,Reading and Writing,fd24f48f,pdfs/SAT/Reading-and-Writing/part-006.pdf,27
SAT,Reading and Writing,bc930940,pdfs/SAT/Reading-and-Writing/part-006.pdf,28
SAT,Reading and Writing,28c7a762,pdfs/SAT/Reading-and-Writing/part-006.pdf,29
SAT,Reading and Writing,c6645cab,pdfs/SAT/Reading-and-Writing/part-006.pdf,30
SAT,Reading and Writing,1a8126aa,pdfs/SAT/Reading-and-Writing/part-006.pdf,31
SAT,Reading and Writing,63a4fa29,pdfs/SAT/Reading-and-Writing/part-006.pdf,32
SAT,Reading and Writing,42301836,pdfs/SAT/Reading-and-Writing/part-006.pdf,33
SAT,Reading and Writing,0d3ebdce,pdfs/SAT/Reading-and-Writing/part-006.pdf,34
SAT,Reading and Writing,00460c13,pdfs/SAT/Reading-and-Writing/part-006.pdf,35
SAT,Reading and Writing,dd11e5ab,pdfs/SAT/Reading-and-Writing/part-006.pdf,36
SAT,Reading and Writing,8112b7e3,pdfs/SAT/Reading-and-Writing/part-006.pdf,37
SAT,Reading and Writing,964c6055,pdfs/SAT/Reading-and-Writing/part-006.pdf,38
SAT,Reading and Writing,fb56b593,pdfs/SAT/Reading-and-Writing/part-006.pdf,39
SAT,Reading and Writing,74149724,pdfs/SAT/Reading-and-Writing/part-006.pdf,40
SAT,Reading and Writing,080a7b51,pdfs/SAT/Reading-and-Writing/part-006.pdf,41
SAT,Reading and Writing,25361ec6,pdfs/SAT/Reading-and-Writing/part-006.pdf,42
SAT,Reading and Writing,7ce14583,pdfs/SAT/Reading-and-Writing/part-006.pdf,43
SAT,Reading and Writing,3fd0ab63,pdfs/SAT/Reading-and-Writing/part-006.pdf,44
SAT,Reading and Writing,f1d8550e,pdfs/SAT/Reading-and-Writing/part-006.pdf,45
SAT,Reading and Writing,ff8d2125,pdfs/SAT/Reading-and-Writing/part-006.pdf,46
SAT,Reading and Writing,5a2a4b36,pdfs/SAT/Reading-and-Writing/part-006.pdf,47
SAT,Reading and Writing,8b2636ee,pdfs/SAT/Reading-and-Writing/part-006.pdf,48
SAT,Reading and Writing,47547d07,pdfs/SAT/Reading-and-Writing/part-006.pdf,49
SAT,Reading and Writing,79c6a01e,pdfs/SAT/Reading-and-Writing/part-006.pdf,50
SAT,Reading and Writing,23da9791,pdfs/SAT/Reading-and-Writing/part-006.pdf,51
SAT,Reading and Writing,9f7ac40d,pdfs/SAT/Reading-and-Writing/part-006.pdf,52
SAT,Reading and Writing,878f835a,pdfs/SAT/Reading-and-Writing/part-006.pdf,53
SAT,Reading and Writing,8e9677e6,pdfs/SAT/Reading-and-Writing/part-006.pdf,54
SAT,Reading and Writing,31ac4d2c,pdfs/SAT/Reading-and-Writing/part-006.pdf,55
SAT,Reading and Writing,7dbcb7f4,pdfs/SAT/Reading-and-Writing/part-006.pdf,56
SAT,Reading and Writing,8432a140,pdfs/SAT/Reading-and-Writing/part-006.pdf,57
SAT,Reading and Writing,4b7a84b0,pdfs/SAT/Reading-and-Writing/part-006.pdf,58
SAT,Reading and Writing,f5959727,pdfs/SAT/Reading-and-Writing/part-006.pdf,59
SAT,Reading and Writing,6e0c60da,pdfs/SAT/Reading-and-Writing/part-006.pdf,60
SAT,Reading and Writing,94f48106,pdfs/SAT/Reading-and-Writing/part-006.pdf,61
SAT,Reading and Writing,146233fc,pdfs/SAT/Reading-and-Writing/part-006.pdf,62
SAT,Reading and Writing,c3b854fa,pdfs/SAT/Reading-and-Writing/part-006.pdf,63
SAT,Reading and Writing,7f20374f,pdfs/SAT/Reading-and-Writing/part-006.pdf,64
SAT,Reading and Writing,64e88c58,pdfs/SAT/Reading-and-Writing/part-006.pdf,65
SAT,Reading and Writing,2c61e0b9,pdfs/SAT/Reading-and-Writing/part-006.pdf,66
SAT,Reading and Writing,a1955620,pdfs/SAT/Reading-and-Writing/part-006.pdf,67
SAT,Reading and Writing,14037904,pdfs/SAT/Reading-and-Writing/part-006.pdf,68
SAT,Reading and Writing,9d4f331c,pdfs/SAT/Reading-and-Writing/part-006.pdf,69
SAT,Reading and Writing,29ae4d48,pdfs/SAT/Reading-and-Writing/part-006.pdf,70
SAT,Reading and Writing,9dc4e640,pdfs/SAT/Reading-and-Writing/part-006.pdf,71
SAT,Reading and Writing,113f16da,pdfs/SAT/Reading-and-Writing/part-006.pdf,72
SAT,Reading and Writing,6081831f,pdfs/SAT/Reading-and-Writing/part-006.pdf,73
SAT,Reading and Writing,0c0d50e1,pdfs/SAT/Reading-and-Writing/part-006.pdf,74
SAT,Reading and Writing,f5149550,pdfs/SAT/Reading-and-Writing/part-006.pdf,75
SAT,Reading and Writing,d436a2b2,pdfs/SAT/Reading-and-Writing/part-006.pdf,76
SAT,Reading and Writing,20e4ff59,pdfs/SAT/Reading-and-Writing/part-006.pdf,77
SAT,Reading and Writing,129089b5,pdfs/SAT/Reading-and-Writing/part-006.pdf,78
SAT,Reading and Writing,f4b63a04,pdfs/SAT/Reading-and-Writing/part-006.pdf,79
SAT,Reading and Writing,af88c47a,pdfs/SAT/Reading-and-Writing/part-006.pdf,80
SAT,Reading and Writing,d6dec50e,pdfs/SAT/Reading-and-Writing/part-006.pdf,81
SAT,Reading and Writing,94cb8720,pdfs/SAT/Reading-and-Writing/part-006.pdf,82
SAT,Reading and Writing,ddb77846,pdfs/SAT/Reading-and-Writing/part-006.pdf,83
SAT,Reading and Writing,a266d876,pdfs/SAT/Reading-and-Writing/part-006.pdf,84
SAT,Reading and Writing,9551ef8b,pdfs/SAT/Reading-and-Writing/part-006.pdf,85
SAT,Reading and Writing,9fe7315b,pdfs/SAT/Reading-and-Writing/part-006.pdf,86
SAT,Reading and Writing,fc5e83cc,pdfs/SAT/Reading-and-Writing/part-006.pdf,87
SAT,Reading and Writing,911c7a87,pdfs/SAT/Reading-and-Writing/part-006.pdf,88
SAT,Reading and Writing,9502ec65,pdfs/SAT/Reading-and-Writing/part-006.pdf,89
SAT,Reading and Writing,6de02dfa,pdfs/SAT/Reading-and-Writing/part-006.pdf,90
SAT,Reading and Writing,c92ea686,pdfs/SAT/Reading-and-Writing/part-006.pdf,91
SAT,Reading and Writing,2df7b582,pdfs/SAT/Reading-and-Writing/part-006.pdf,92
SAT,Reading and Writing,f8c4591b,pdfs/SAT/Reading-and-Writing/part-006.pdf,93
SAT,Reading and Writing,42870a4e,pdfs/SAT/Reading-and-Writing/part-006.pdf,94
SAT,Reading and Writing,49ecf985,pdfs/SAT/Reading-and-Writing/part-006.pdf,95
SAT,Reading and Writing,64bcdf3d,pdfs/SAT/Reading-and-Writing/part-006.pdf,96
SAT,Reading and Writing,1bb4aec8,pdfs/SAT/Reading-and-Writing/part-006.pdf,97
SAT,Reading and Writing,c7e85c0a,pdfs/SAT/Reading-and-Writing/part-006.pdf,98
SAT,Reading and Writing,85c0c0f0,pdfs/SAT/Reading-and-Writing/part-006.pdf,99
SAT,Reading and Writing,1792fa73,pdfs/SAT/Reading-and-Writing/part-006.pdf,100
SAT,Reading and Writing,f33f0892,pdfs/SAT/Reading-and-Writing/part-006.pdf,101
SAT,Reading and Writing,be3363dd,pdfs/SAT/Reading-and-Writing/part-006.pdf,102
SAT,Reading and Writing,7d56630a,pdfs/SAT/Reading-and-Writing/part-006.pdf,103
SAT,Reading and Writing,58281fc4,pdfs/SAT/Reading-and-Writing/part-006.pdf,104
SAT,Reading and Writing,a6155e60,pdfs/SAT/Reading-and-Writing/part-006.pdf,105
SAT,Reading and Writing,17ec916d,pdfs/SAT/Reading-and-Writing/part-006.pdf,106
SAT,Reading and Writing,459df2ba,pdfs/SAT/Reading-and-Writing/part-006.pdf,107
SAT,Reading and Writing,d8aa8ba2,pdfs/SAT/Reading-and-Writing/part-006.pdf,108
SAT,Reading and Writing,24014c3f,pdfs/SAT/Reading-and-Writing/part-006.pdf,109
SAT,Reading and Writing,3067723b,pdfs/SAT/Reading-and-Writing/part-006.pdf,110
SAT,Reading and Writing,8e9e473d,pdfs/SAT/Reading-and-Writing/part-006.pdf,111
SAT,Reading and Writing,07456405,pdfs/SAT/Reading-and-Writing/part-006.pdf,112
SAT,Reading and Writing,e2d97f10,pdfs/SAT/Reading-and-Writing/part-006.pdf,113
SAT,Reading and Writing,e1b00a70,pdfs/SAT/Reading-and-Writing/part-006.pdf,114
SAT,Reading and Writing,bce57278,pdfs/SAT/Reading-and-Writing/part-006.pdf,115
SAT,Reading and Writing,2b89bfe5,pdfs/SAT/Reading-and-Writing/part-006.pdf,116
SAT,Reading and Writing,7572131d,pdfs/SAT/Reading-and-Writing/part-006.pdf,117
SAT,Reading and Writing,74028acf,pdfs/SAT/Reading-and-Writing/part-006.pdf,118
SAT,Reading and Writing,54c1b2dd,pdfs/SAT/Reading-and-Writing/part-006.pdf,119
SAT,Reading and Writing,5fa51c86,pdfs/SAT/Reading-and-Writing/part-006.pdf,120
SAT,Reading and Writing,4e063114,pdfs/SAT/Reading-and-Writing/part-006.pdf,121
SAT,Reading and Writing,08be6347,pdfs/SAT/Reading-and-Writing/part-006.pdf,122
SAT,Reading and Writing,5d3177aa,pdfs/SAT/Reading-and-Writing/part-006.pdf,123
SAT,Reading and Writing,7c9d0e38,pdfs/SAT/Reading-and-Writing/part-006.pdf,124
SAT,Reading and Writing,ff3865b3,pdfs/SAT/Reading-and-Writing/part-006.pdf,125
SAT,Reading and Writing,35507eba,pdfs/SAT/Reading-and-Writing/part-006.pdf,126
SAT,Reading and Writing,3a715eca,pdfs/SAT/Reading-and-Writing/part-006.pdf,127
SAT,Reading and Writing,f1631638,pdfs/SAT/Reading-and-Writing/part-006.pdf,128
SAT,Reading and Writing,d10e46a2,pdfs/SAT/Reading-and-Writing/part-006.pdf,129
SAT,Reading and Writing,fdd9a360,pdfs/SAT/Reading-and-Writing/part-006.pdf,130
SAT,Reading and Writing,1b94a80a,pdfs/SAT/Reading-and-Writing/part-006.pdf,131
SAT,Reading and Writing,88308a39,pdfs/SAT/Reading-and-Writing/part-006.pdf,132
SAT,Reading and Writing,a0da8114,pdfs/SAT/Reading-and-Writing/part-006.pdf,133
SAT,Reading and Writing,0fab0c90,pdfs/SAT/Reading-and-Writing/part-006.pdf,134
SAT,Reading and Writing,00e0170f,pdfs/SAT/Reading-and-Writing/part-006.pdf,135
SAT,Reading and Writing,56cad44a,pdfs/SAT/Reading-and-Writing/part-006.pdf,136
SAT,Reading and Writing,c071eca2,pdfs/SAT/Reading-and-Writing/part-006.pdf,137
SAT,Reading and Writing,a7a944ed,pdfs/SAT/Reading-and-Writing/part-006.pdf,138
SAT,Reading and Writing,b5ed1a8b,pdfs/SAT/Reading-and-Writing/part-006.pdf,139
SAT,Reading and Writing,feb1e6da,pdfs/SAT/Reading-and-Writing/part-006.pdf,140
SAT,Reading and Writing,d2b52c50,pdfs/SAT/Reading-and-Writing/part-006.pdf,141
SAT,Reading and Writing,176edca6,pdfs/SAT/Reading-and-Writing/part-006.pdf,142
SAT,Reading and Writing,10cd0327,pdfs/SAT/Reading-and-Writing/part-006.pdf,143
SAT,Reading and Writing,4105f5ac,pdfs/SAT/Reading-and-Writing/part-006.pdf,144
SAT,Reading and Writing,388b45aa,pdfs/SAT/Reading-and-Writing/part-006.pdf,145
SAT,Reading and Writing,4b376902,pdfs/SAT/Reading-and-Writing/part-006.pdf,146
SAT,Reading and Writing,dede8260,pdfs/SAT/Reading-and-Writing/part-006.pdf,147
SAT,Reading and Writing,ee51ad04,pdfs/SAT/Reading-and-Writing/part-006.pdf,148
SAT,Reading and Writing,81315093,pdfs/SAT/Reading-and-Writing/part-006.pdf,149
SAT,Reading and Writing,1773fa73,pdfs/SAT/Reading-and-Writing/part-006.pdf,150
SAT,Reading and Writing,6b5bc97d,pdfs/SAT/Reading-and-Writing/part-006.pdf,151
SAT,Reading and Writing,5b8b69a2,pdfs/SAT/Reading-and-Writing/part-006.pdf,152
SAT,Reading and Writing,37ec26e7,pdfs/SAT/Reading-and-Writing/part-006.pdf,153
SAT,Reading and Writing,49fe306b,pdfs/SAT/Reading-and-Writing/part-006.pdf,154
SAT,Reading and Writing,b5cd28a7,pdfs/SAT/Reading-and-Writing/part-006.pdf,155
SAT,Reading and Writing,290a5d77,pdfs/SAT/Reading-and-Writing/part-006.pdf,156
SAT,Reading and Writing,5888712f,pdfs/SAT/Reading-and-Writing/part-006.pdf,157
SAT,Reading and Writing,0acc26b2,pdfs/SAT/Reading-and-Writing/part-006.pdf,158
SAT,Reading and Writing,1c6e1d55,pdfs/SAT/Reading-and-Writing/part-006.pdf,159
SAT,Reading and Writing,991e849a,pdfs/SAT/Reading-and-Writing/part-006.pdf,160
SAT,Reading and Writing,8622320e,pdfs/SAT/Reading-and-Writing/part-006.pdf,161
SAT,Reading and Writing,9336f63b,pdfs/SAT/Reading-and-Writing/part-006.pdf,162
SAT,Reading and Writing,9922b364,pdfs/SAT/Reading-and-Writing/part-006.pdf,163
SAT,Reading and Writing,04397a63,pdfs/SAT/Reading-and-Writing/part-006.pdf,164
SAT,Reading and Writing,de01ccef,pdfs/SAT/Reading-and-Writing/part-006.pdf,165
SAT,Reading and Writing,164a32e7,pdfs/SAT/Reading-and-Writing/part-006.pdf,166
SAT,Reading and Writing,0d088ae0,pdfs/SAT/Reading-and-Writing/part-006.pdf,167
SAT,Reading and Writing,fbffb352,pdfs/SAT/Reading-and-Writing/part-006.pdf,168
SAT,Reading and Writing,249508d9,pdfs/SAT/Reading-and-Writing/part-006.pdf,169
SAT,Reading and Writing,cfade68d,pdfs/SAT/Reading-and-Writing/part-006.pdf,170
SAT,Reading and Writing,d3725911,pdfs/SAT/Reading-and-Writing/part-006.pdf,171
SAT,Reading and Writing,9f1a0d91,pdfs/SAT/Reading-and-Writing/part-006.pdf,172
SAT,Reading and Writing,e225cf02,pdfs/SAT/Reading-and-Writing/part-006.pdf,173
SAT,Reading and Writing,a2bff07e,pdfs/SAT/Reading-and-Writing/part-006.pdf,174
SAT,Reading and Writing,804928b6,pdfs/SAT/Reading-and-Writing/part-006.pdf,175
SAT,Reading and Writing,3c925481,pdfs/SAT/Reading-and-Writing/part-006.pdf,176
SAT,Reading and Writing,17e49403,pdfs/SAT/Reading-and-Writing/part-006.pdf,177
SAT,Reading and Writing,25755def,pdfs/SAT/Reading-and-Writing/part-006.pdf,178
SAT,Reading and Writing,5222ffab,pdfs/SAT/Reading-and-Writing/part-006.pdf,179
SAT,Reading and Writing,4223d4a6,pdfs/SAT/Reading-and-Writing/part-006.pdf,180
SAT,Reading and Writing,7aac173e,pdfs/SAT/Reading-and-Writing/part-006.pdf,181
SAT,Reading and Writing,72ae9bca,pdfs/SAT/Reading-and-Writing/part-006.pdf,182
SAT,Reading and Writing,edf30612,pdfs/SAT/Reading-and-Writing/part-006.pdf,183
SAT,Reading and Writing,742695d7,pdfs/SAT/Reading-and-Writing/part-006.pdf,184
SAT,Reading and Writing,0a9b36f9,pdfs/SAT/Reading-and-Writing/part-006.pdf,185
SAT,Reading and Writing,974b5a8c,pdfs/SAT/Reading-and-Writing/part-006.pdf,186
SAT,Reading and Writing,3dcc7140,pdfs/SAT/Reading-and-Writing/part-006.pdf,187
SAT,Reading and Writing,b7571c0a,pdfs/SAT/Reading-and-Writing/part-006.pdf,188
SAT,Reading and Writing,1e31470f,pdfs/SAT/Reading-and-Writing/part-006.pdf,189
SAT,Reading and Writing,1ccfcea4,pdfs/SAT/Reading-and-Writing/part-006.pdf,190
SAT,Reading and Writing,45eaf7fb,pdfs/SAT/Reading-and-Writing/part-006.pdf,191
SAT,Reading and Writing,d54e16ee,pdfs/SAT/Reading-and-Writing/part-006.pdf,192
SAT,Reading and Writing,a1ca7ec4,pdfs/SAT/Reading-and-Writing/part-006.pdf,193
SAT,Reading and Writing,47e238be,pdfs/SAT/Reading-and-Writing/part-006.pdf,194
SAT,Reading and Writing,b98b8f64,pdfs/SAT/Reading-and-Writing/part-006.pdf,195
SAT,Reading and Writing,072666a3,pdfs/SAT/Reading-and-Writing/part-006.pdf,196
SAT,Reading and Writing,4c26f18a,pdfs/SAT/Reading-and-Writing/part-006.pdf,197
SAT,Reading and Writing,a064955f,pdfs/SAT/Reading-and-Writing/part-006.pdf,198
SAT,Reading and Writing,d7c5388f,pdfs/SAT/Reading-and-Writing/part-006.pdf,199
SAT,Reading and Writing,dd087f31,pdfs/SAT/Reading-and-Writing/part-006.pdf,200
SAT,Reading and Writing,6d883838,pdfs/SAT/Reading-and-Writing/part-006.pdf,201
SAT,Reading and Writing,e965fd73,pdfs/SAT/Reading-and-Writing/part-006.pdf,202
SAT,Reading and Writing,5c58cec0,pdfs/SAT/Reading-and-Writing/part-006.pdf,203
SAT,Reading and Writing,0778b4ac,pdfs/SAT/Reading-and-Writing/part-006.pdf,204
SAT,Reading and Writing,622a351d,pdfs/SAT/Reading-and-Writing/part-006.pdf,205
SAT,Reading and Writing,efa2be4f,pdfs/SAT/Reading-and-Writing/part-006.pdf,206
SAT,Reading and Writing,b4123d99,pdfs/SAT/Reading-and-Writing/part-006.pdf,207
SAT,Reading and Writing,5645f119,pdfs/SAT/Reading-and-Writing/part-006.pdf,208
SAT,Reading and Writing,0c13dea9,pdfs/SAT/Reading-and-Writing/part-006.pdf,209
SAT,Reading and Writing,4fde4454,pdfs/SAT/Reading-and-Writing/part-006.pdf,210
SAT,Reading and Writing,1872cd6d,pdfs/SAT/Reading-and-Writing/part-006.pdf,211
SAT,Reading and Writing,34e1124f,pdfs/SAT/Reading-and-Writing/part-006.pdf,212
SAT,Reading and Writing,7fd39a42,pdfs/SAT/Reading-and-Writing/part-006.pdf,213
SAT,Reading and Writing,96a86bce,pdfs/SAT/Reading-and-Writing/part-006.pdf,214
SAT,Reading and Writing,db3ad406,pdfs/SAT/Reading-and-Writing/part-006.pdf,215
SAT,Reading and Writing,0fd4df40,pdfs/SAT/Reading-and-Writing/part-006.pdf,216
SAT,Reading and Writing,973632d2,pdfs/SAT/Reading-and-Writing/part-006.pdf,217
SAT,Reading and Writing,e268c452,pdfs/SAT/Reading-and-Writing/part-006.pdf,218
SAT,Reading and Writing,f114cbf0,pdfs/SAT/Reading-and-Writing/part-006.pdf,219
SAT,Reading and Writing,b7c404d1,pdfs/SAT/Reading-and-Writing/part-006.pdf,220
SAT,Reading and Writing,d9d314d9,pdfs/SAT/Reading-and-Writing/part-006.pdf,221
SAT,Reading and Writing,ad729337,pdfs/SAT/Reading-and-Writing/part-006.pdf,222
SAT,Reading and Writing,5e93039f,pdfs/SAT/Reading-and-Writing/part-006.pdf,223
SAT,Reading and Writing,0f9ed134,pdfs/SAT/Reading-and-Writing/part-006.pdf,224
SAT,Reading and Writing,9e3a215b,pdfs/SAT/Reading-and-Writing/part-006.pdf,225
SAT,Reading and Writing,70c19cf6,pdfs/SAT/Reading-and-Writing/part-006.pdf,226
SAT,Reading and Writing,ce282575,pdfs/SAT/Reading-and-Writing/part-006.pdf,227
SAT,Reading and Writing,0ee64efc,pdfs/SAT/Reading-and-Writing/part-006.pdf,228
SAT,Reading and Writing,b8eec031,pdfs/SAT/Reading-and-Writing/part-006.pdf,229
SAT,Reading and Writing,56336696,pdfs/SAT/Reading-and-Writing/part-006.pdf,230
SAT,Reading and Writing,273c2f12,pdfs/SAT/Reading-and-Writing/part-006.pdf,231
SAT,Reading and Writing,e98b1690,pdfs/SAT/Reading-and-Writing/part-006.pdf,232
SAT,Reading and Writing,9e34720b,pdfs/SAT/Reading-and-Writing/part-006.pdf,233
SAT,Reading and Writing,6036ad0e,pdfs/SAT/Reading-and-Writing/part-006.pdf,234
SAT,Reading and Writing,63c73b50,pdfs/SAT/Reading-and-Writing/part-006.pdf,235
SAT,Reading and Writing,3831f2d7,pdfs/SAT/Reading-and-Writing/part-006.pdf,236
SAT,Reading and Writing,c4f7f726,pdfs/SAT/Reading-and-Writing/part-006.pdf,237
SAT,Reading and Writing,1469d23a,pdfs/SAT/Reading-and-Writing/part-006.pdf,238
SAT,Reading and Writing,1c60119d,pdfs/SAT/Reading-and-Writing/part-006.pdf,239
SAT,Reading and Writing,2b5e0731,pdfs/SAT/Reading-and-Writing/part-006.pdf,240
SAT,Reading and Writing,19b08ead,pdfs/SAT/Reading-and-Writing/part-006.pdf,241
SAT,Reading and Writing,3ea7372e,pdfs/SAT/Reading-and-Writing/part-006.pdf,242
SAT,Reading and Writing,1c36e3e1,pdfs/SAT/Reading-and-Writing/part-006.pdf,243
SAT,Reading and Writing,0839a4b9,pdfs/SAT/Reading-and-Writing/part-006.pdf,244
SAT,Reading and Writing,ab1f424a,pdfs/SAT/Reading-and-Writing/part-006.pdf,245
SAT,Reading and Writing,54f29331,pdfs/SAT/Reading-and-Writing/part-006.pdf,246
SAT,Reading and Writing,28a46cb0,pdfs/SAT/Reading-and-Writing/part-006.pdf,247
SAT,Reading and Writing,259d16ac,pdfs/SAT/Reading-and-Writing/part-006.pdf,248
SAT,Reading and Writing,f2f6009b,pdfs/SAT/Reading-and-Writing/part-006.pdf,249
SAT,Reading and Writing,8d1ddd1b,pdfs/SAT/Reading-and-Writing/part-006.pdf,250
SAT,Reading and Writing,ff1a2e5e,pdfs/SAT/Reading-and-Writing/part-006.pdf,251
SAT,Reading and Writing,b5972710,pdfs/SAT/Reading-and-Writing/part-006.pdf,252
SAT,Reading and Writing,82ec9628,pdfs/SAT/Reading-and-Writing/part-006.pdf,253
SAT,Reading and Writing,7c3f0145,pdfs/SAT/Reading-and-Writing/part-006.pdf,254
SAT,Reading and Writing,ba263620,pdfs/SAT/Reading-and-Writing/part-006.pdf,255
SAT,Reading and Writing,4f2710ab,pdfs/SAT/Reading-and-Writing/part-006.pdf,256
SAT,Reading and Writing,480ade7e,pdfs/SAT/Reading-and-Writing/part-006.pdf,257
SAT,Reading and Writing,c61fb134,pdfs/SAT/Reading-and-Writing/part-006.pdf,258
SAT,Reading and Writing,34a5ba1c,pdfs/SAT/Reading-and-Writing/part-006.pdf,259
SAT,Reading and Writing,b44141cf,pdfs/SAT/Reading-and-Writing/part-006.pdf,260
SAT,Reading and Writing,c34d6bff,pdfs/SAT/Reading-and-Writing/part-006.pdf,261
SAT,Reading and Writing,ac8eb085,pdfs/SAT/Reading-and-Writing/part-006.pdf,262
SAT,Reading and Writing,37957752,pdfs/SAT/Reading-and-Writing/part-006.pdf,263
SAT,Reading and Writing,2b5f4bdc,pdfs/SAT/Reading-and-Writing/part-006.pdf,264
SAT,Reading and Writing,90117366,pdfs/SAT/Reading-and-Writing/part-006.pdf,265
SAT,Reading and Writing,a204d618,pdfs/SAT/Reading-and-Writing/part-006.pdf,266
SAT,Reading and Writing,ed80971c,pdfs/SAT/Reading-and-Writing/part-006.pdf,267
SAT,Reading and Writing,8fbf206d,pdfs/SAT/Reading-and-Writing/part-006.pdf,268
SAT,Reading and Writing,114bbce6,pdfs/SAT/Reading-and-Writing/part-006.pdf,269
SAT,Reading and Writing,b6ebadf6,pdfs/SAT/Reading-and-Writing/part-006.pdf,270
SAT,Reading and Writing,13f36b03,pdfs/SAT/Reading-and-Writing/part-006.pdf,271
SAT,Reading and Writing,ec03f090,pdfs/SAT/Reading-and-Writing/part-006.pdf,272
SAT,Reading and Writing,52b31d7b,pdfs/SAT/Reading-and-Writing/part-006.pdf,273
SAT,Reading and Writing,a86c0b1b,pdfs/SAT/Reading-and-Writing/part-006.pdf,274
SAT,Reading and Writing,eaded344,pdfs/SAT/Reading-and-Writing/part-006.pdf,275
SAT,Reading and Writing,e2eb70b9,pdfs/SAT/Reading-and-Writing/part-006.pdf,276
SAT,Reading and Writing,c40a1964,pdfs/SAT/Reading-and-Writing/part-006.pdf,277
SAT,Reading and Writing,bfab730e,pdfs/SAT/Reading-and-Writing/part-006.pdf,278
SAT,Reading and Writing,86b78078,pdfs/SAT/Reading-and-Writing/part-006.pdf,279
SAT,Reading and Writing,4f9ee1dc,pdfs/SAT/Reading-and-Writing/part-006.pdf,280
SAT,Reading and Writing,1996c104,pdfs/SAT/Reading-and-Writing/part-006.pdf,281
SAT,Reading and Writing,bfb4e85e,pdfs/SAT/Reading-and-Writing/part-006.pdf,282
SAT,Reading and Writing,f5a00eff,pdfs/SAT/Reading-and-Writing/part-006.pdf,283
SAT,Reading and Writing,2bda9edb,pdfs/SAT/Reading-and-Writing/part-006.pdf,284
SAT,Reading and Writing,332e75bf,pdfs/SAT/Reading-and-Writing/part-006.pdf,285
SAT,Reading and Writing,bb43fc3c,pdfs/SAT/Reading-and-Writing/part-006.pdf,286
SAT,Reading and Writing,2c7dced2,pdfs/SAT/Reading-and-Writing/part-006.pdf,287
SAT,Reading and Writing,b0620764,pdfs/SAT/Reading-and-Writing/part-006.pdf,288
SAT,Reading and Writing,e3484c07,pdfs/SAT/Reading-and-Writing/part-006.pdf,289
SAT,Reading and Writing,fc95a352,pdfs/SAT/Reading-and-Writing/part-006.pdf,290
SAT,Reading and Writing,e887dab1,pdfs/SAT/Reading-and-Writing/part-006.pdf,291
SAT,Reading and Writing,5a5e22b5,pdfs/SAT/Reading-and-Writing/part-006.pdf,292
SAT,Reading and Writing,bc56170b,pdfs/SAT/Reading-and-Writing/part-006.pdf,293
SAT,Reading and Writing,d7f31e68,pdfs/SAT/Reading-and-Writing/part-006.pdf,294
SAT,Reading and Writing,6351062d,pdfs/SAT/Reading-and-Writing/part-006.pdf,295
SAT,Reading and Writing,5bb7dc03,pdfs/SAT/Reading-and-Writing/part-006.pdf,296
SAT,Reading and Writing,e6b57c9b,pdfs/SAT/Reading-and-Writing/part-006.pdf,297
SAT,Reading and Writing,9e2d4ef7,pdfs/SAT/Reading-and-Writing/part-006.pdf,298
SAT,Reading and Writing,42d92dea,pdfs/SAT/Reading-and-Writing/part-006.pdf,299
SAT,Reading and Writing,5803befc,pdfs/SAT/Reading-and-Writing/part-006.pdf,300
SAT,Reading and Writing,87d8a2ff,pdfs/SAT/Reading-and-Writing/part-006.pdf,301
SAT,Reading and Writing,855247c7,pdfs/SAT/Reading-and-Writing/part-006.pdf,302
SAT,Reading and Writing,94f4eecb,pdfs/SAT/Reading-and-Writing/part-006.pdf,303
SAT,Reading and Writing,7f5715e4,pdfs/SAT/Reading-and-Writing/part-006.pdf,304
SAT,Reading and Writing,00bb356a,pdfs/SAT/Reading-and-Writing/part-006.pdf,305
SAT,Reading and Writing,a3bf0a9d,pdfs/SAT/Reading-and-Writing/part-006.pdf,306
SAT,Reading and Writing,99183985,pdfs/SAT/Reading-and-Writing/part-006.pdf,307
SAT,Reading and Writing,70538b9a,pdfs/SAT/Reading-and-Writing/part-006.pdf,308
SAT,Reading and Writing,4154a7a3,pdfs/SAT/Reading-and-Writing/part-006.pdf,309
SAT,Reading and Writing,4703eafb,pdfs/SAT/Reading-and-Writing/part-006.pdf,310
SAT,Reading and Writing,b5a399f1,pdfs/SAT/Reading-and-Writing/part-006.pdf,311
SAT,Reading and Writing,9c78f702,pdfs/SAT/Reading-and-Writing/part-006.pdf,312
SAT,Reading and Writing,2ba97187,pdfs/SAT/Reading-and-Writing/part-006.pdf,313
SAT,Reading and Writing,25adba4e,pdfs/SAT/Reading-and-Writing/part-006.pdf,314
SAT,Reading and Writing,b6d9068e,pdfs/SAT/Reading-and-Writing/part-006.pdf,315
SAT,Reading and Writing,d3898d32,pdfs/SAT/Reading-and-Writing/part-006.pdf,316
SAT,Reading and Writing,0f64ded3,pdfs/SAT/Reading-and-Writing/part-006.pdf,317
SAT,Reading and Writing,fb3abe38,pdfs/SAT/Reading-and-Writing/part-006.pdf,318
SAT,Reading and Writing,de0bcf4f,pdfs/SAT/Reading-and-Writing/part-006.pdf,319
SAT,Reading and Writing,ecb31049,pdfs/SAT/Reading-and-Writing/part-006.pdf,320
SAT,Reading and Writing,d4b07ce6,pdfs/SAT/Reading-and-Writing/part-006.pdf,321
SAT,Reading and Writing,578ca79a,pdfs/SAT/Reading-and-Writing/part-006.pdf,322
SAT,Reading and Writing,7f2781fd,pdfs/SAT/Reading-and-Writing/part-006.pdf,323
SAT,Reading and Writing,eea351c4,pdfs/SAT/Reading-and-Writing/part-006.pdf,324
SAT,Reading and Writing,570dd854,pdfs/SAT/Reading-and-Writing/part-006.pdf,325
SAT,Reading and Writing,3150021d,pdfs/SAT/Reading-and-Writing/part-006.pdf,326
SAT,Reading and Writing,0205e563,pdfs/SAT/Reading-and-Writing/part-006.pdf,327
SAT,Reading and Writing,02527f43,pdfs/SAT/Reading-and-Writing/part-006.pdf,328
SAT,Reading and Writing,e8494245,pdfs/SAT/Reading-and-Writing/part-006.pdf,329
SAT,Reading and Writing,efc19153,pdfs/SAT/Reading-and-Writing/part-006.pdf,330
SAT,Reading and Writing,eae29760,pdfs/SAT/Reading-and-Writing/part-006.pdf,331
SAT,Reading and Writing,835b101b,pdfs/SAT/Reading-and-Writing/part-006.pdf,332
SAT,Reading and Writing,39d1a519,pdfs/SAT/Reading-and-Writing/part-006.pdf,333
SAT,Reading and Writing,420dea42,pdfs/SAT/Reading-and-Writing/part-006.pdf,334
SAT,Reading and Writing,aec8d3e8,pdfs/SAT/Reading-and-Writing/part-006.pdf,335
SAT,Reading and Writing,6916c8e5,pdfs/SAT/Reading-and-Writing/part-006.pdf,336
SAT,Reading and Writing,61c0f7b3,pdfs/SAT/Reading-and-Writing/part-006.pdf,337
SAT,Reading and Writing,77e3b3b3,pdfs/SAT/Reading-and-Writing/part-006.pdf,338
SAT,Reading and Writing,7fa2b1ee,pdfs/SAT/Reading-and-Writing/part-006.pdf,339
SAT,Reading and Writing,56b000d0,pdfs/SAT/Reading-and-Writing/part-006.pdf,340
SAT,Reading and Writing,f6d454c1,pdfs/SAT/Reading-and-Writing/part-006.pdf,341
SAT,Reading and Writing,92dec236,pdfs/SAT/Reading-and-Writing/part-006.pdf,342
SAT,Reading and Writing,e1453c88,pdfs/SAT/Reading-and-Writing/part-006.pdf,343
SAT,Reading and Writing,bfad4508,pdfs/SAT/Reading-and-Writing/part-006.pdf,344
SAT,Reading and Writing,87d34a39,pdfs/SAT/Reading-and-Writing/part-006.pdf,345
SAT,Math,ac472881,pdfs/SAT/Math/part-001.pdf,1
SAT,Math,3f5a3602,pdfs/SAT/Math/part-001.pdf,2
SAT,Math,3d1070c9,pdfs/SAT/Math/part-001.pdf,4
SAT,Math,002dba45,pdfs/SAT/Math/part-001.pdf,5
SAT,Math,edc1b7b7,pdfs/SAT/Math/part-001.pdf,6
SAT,Math,f224df07,pdfs/SAT/Math/part-001.pdf,7
SAT,Math,fa80893a,pdfs/SAT/Math/part-001.pdf,8
SAT,Math,bd9eb2b5,pdfs/SAT/Math/part-001.pdf,9
SAT,Math,1480dd5c,pdfs/SAT/Math/part-001.pdf,10
SAT,Math,3008cfc3,pdfs/SAT/Math/part-001.pdf,11
SAT,Math,0d6ab461,pdfs/SAT/Math/part-001.pdf,12
SAT,Math,4becad44,pdfs/SAT/Math/part-001.pdf,13
SAT,Math,d1b66ae6,pdfs/SAT/Math/part-001.pdf,14
SAT,Math,cb8f449f,pdfs/SAT/Math/part-001.pdf,15
SAT,Math,3409707e,pdfs/SAT/Math/part-001.pdf,16
SAT,Math,9b7a1b67,pdfs/SAT/Math/part-001.pdf,17
SAT,Math,520c8177,pdfs/SAT/Math/part-001.pdf,19
SAT,Math,88e13c8c,pdfs/SAT/Math/part-001.pdf,20
SAT,Math,744ee7d7,pdfs/SAT/Math/part-001.pdf,21
SAT,Math,3cdbf026,pdfs/SAT/Math/part-001.pdf,22
SAT,Math,00723d16,pdfs/SAT/Math/part-001.pdf,23
SAT,Math,ff501705,pdfs/SAT/Math/part-001.pdf,24
SAT,Math,8c5e6702,pdfs/SAT/Math/part-001.pdf,25
SAT,Math,2937ef4f,pdfs/SAT/Math/part-001.pdf,26
SAT,Math,548a4929,pdfs/SAT/Math/part-001.pdf,27
SAT,Math,0adbe034,pdfs/SAT/Math/part-001.pdf,28
SAT,Math,9bbce683,pdfs/SAT/Math/part-001.pdf,29
SAT,Math,2b15d65f,pdfs/SAT/Math/part-001.pdf,30
SAT,Math,e25f0807,pdfs/SAT/Math/part-001.pdf,31
SAT,Math,686b7244,pdfs/SAT/Math/part-001.pdf,32
SAT,Math,b86123af,pdfs/SAT/Math/part-001.pdf,33
SAT,Math,3a3b95df,pdfs/SAT/Math/part-001.pdf,34
SAT,Math,1b1deebe,pdfs/SAT/Math/part-001.pdf,35
SAT,Math,187f74bc,pdfs/SAT/Math/part-001.pdf,36
SAT,Math,ee846db7,pdfs/SAT/Math/part-001.pdf,37
SAT,Math,baca4a4c,pdfs/SAT/Math/part-001.pdf,38
SAT,Math,5b8a8475,pdfs/SAT/Math/part-001.pdf,39
SAT,Math,cfe67646,pdfs/SAT/Math/part-001.pdf,40
SAT,Math,608eeb6e,pdfs/SAT/Math/part-001.pdf,41
SAT,Math,be9cb6a2,pdfs/SAT/Math/part-001.pdf,42
SAT,Math,097e10f5,pdfs/SAT/Math/part-001.pdf,43
SAT,Math,1a1a95de,pdfs/SAT/Math/part-001.pdf,44
SAT,Math,84664a7c,pdfs/SAT/Math/part-001.pdf,46
SAT,Math,e62cfe5f,pdfs/SAT/Math/part-001.pdf,47
SAT,Math,b0fc3166,pdfs/SAT/Math/part-001.pdf,48
SAT,Math,9b886541,pdfs/SAT/Math/part-001.pdf,49
SAT,Math,465c73ad,pdfs/SAT/Math/part-001.pdf,50
SAT,Math,db422e7f,pdfs/SAT/Math/part-001.pdf,51
SAT,Math,590f2187,pdfs/SAT/Math/part-001.pdf,52
SAT,Math,01682aa5,pdfs/SAT/Math/part-001.pdf,53
SAT,Math,9b0a4eae,pdfs/SAT/Math/part-001.pdf,54
SAT,Math,7fac16fb,pdfs/SAT/Math/part-001.pdf,55
SAT,Math,f2b63f49,pdfs/SAT/Math/part-001.pdf,56
SAT,Math,45cfb9de,pdfs/SAT/Math/part-001.pdf,57
SAT,Math,06fc1726,pdfs/SAT/Math/part-001.pdf,58
SAT,Math,e142f83c,pdfs/SAT/Math/part-001.pdf,59
SAT,Math,d4572f55,pdfs/SAT/Math/part-001.pdf,60
SAT,Math,05417146,pdfs/SAT/Math/part-001.pdf,61
SAT,Math,e3cf671f,pdfs/SAT/Math/part-001.pdf,62
SAT,Math,571174f3,pdfs/SAT/Math/part-001.pdf,63
SAT,Math,e723bd67,pdfs/SAT/Math/part-001.pdf,64
SAT,Math,6863c7ce,pdfs/SAT/Math/part-001.pdf,66
SAT,Math,979c6ebc,pdfs/SAT/Math/part-001.pdf,67
SAT,Math,51aabd93,pdfs/SAT/Math/part-001.pdf,68
SAT,Math,a5834ea4,pdfs/SAT/Math/part-001.pdf,69
SAT,Math,f14484a5,pdfs/SAT/Math/part-001.pdf,70
SAT,Math,b52e5b6f,pdfs/SAT/Math/part-001.pdf,71
SAT,Math,0b332f00,pdfs/SAT/Math/part-001.pdf,72
SAT,Math,349a5bc1,pdfs/SAT/Math/part-001.pdf,73
SAT,Math,c10ad793,pdfs/SAT/Math/part-001.pdf,74
SAT,Math,8b9960b2,pdfs/SAT/Math/part-001.pdf,75
SAT,Math,bf4a8b6a,pdfs/SAT/Math/part-001.pdf,76
SAT,Math,0451d754,pdfs/SAT/Math/part-001.pdf,77
SAT,Math,797a81fb,pdfs/SAT/Math/part-001.pdf,78
SAT,Math,4f1342d6,pdfs/SAT/Math/part-001.pdf,79
SAT,Math,7e3f8363,pdfs/SAT/Math/part-001.pdf,80
SAT,Math,cdec4c87,pdfs/SAT/Math/part-001.pdf,81
SAT,Math,d11910d6,pdfs/SAT/Math/part-001.pdf,82
SAT,Math,0eae6be1,pdfs/SAT/Math/part-001.pdf,83
SAT,Math,361f97c7,pdfs/SAT/Math/part-001.pdf,84
SAT,Math,447fa970,pdfs/SAT/Math/part-001.pdf,85
SAT,Math,107d0c62,pdfs/SAT/Math/part-001.pdf,86
SAT,Math,3dffe9d2,pdfs/SAT/Math/part-001.pdf,87
SAT,Math,c039b198,pdfs/SAT/Math/part-001.pdf,88
SAT,Math,55ea0659,pdfs/SAT/Math/part-001.pdf,89
SAT,Math,0dd6227f,pdfs/SAT/Math/part-001.pdf,90
SAT,Math,9e5863bd,pdfs/SAT/Math/part-001.pdf,91
SAT,Math,842cec4d,pdfs/SAT/Math/part-001.pdf,92
SAT,Math,6105234d,pdfs/SAT/Math/part-001.pdf,93
SAT,Math,7efe5495,pdfs/SAT/Math/part-001.pdf,94
SAT,Math,4edecdba,pdfs/SAT/Math/part-001.pdf,95
SAT,Math,2c121b25,pdfs/SAT/Math/part-001.pdf,96
SAT,Math,83f2c3bf,pdfs/SAT/Math/part-001.pdf,97
SAT,Math,27198699,pdfs/SAT/Math/part-001.pdf,98
SAT,Math,00ec9102,pdfs/SAT/Math/part-001.pdf,99
SAT,Math,f305b5ca,pdfs/SAT/Math/part-001.pdf,100
SAT,Math,1087f6c4,pdfs/SAT/Math/part-001.pdf,101
SAT,Math,b5f62071,pdfs/SAT/Math/part-001.pdf,102
SAT,Math,4d8ccb96,pdfs/SAT/Math/part-001.pdf,103
SAT,Math,c50ede6d,pdfs/SAT/Math/part-001.pdf,104
SAT,Math,c1bd5301,pdfs/SAT/Math/part-001.pdf,105
SAT,Math,b23bba4c,pdfs/SAT/Math/part-001.pdf,106
SAT,Math,24854644,pdfs/SAT/Math/part-001.pdf,107
SAT,Math,71189542,pdfs/SAT/Math/part-001.pdf,108
SAT,Math,9d4270fe,pdfs/SAT/Math/part-001.pdf,109
SAT,Math,dba8d38a,pdfs/SAT/Math/part-001.pdf,110
SAT,Math,59813abf,pdfs/SAT/Math/part-001.pdf,111
SAT,Math,64c85440,pdfs/SAT/Math/part-001.pdf,112
SAT,Math,0c541d87,pdfs/SAT/Math/part-001.pdf,113
SAT,Math,87322577,pdfs/SAT/Math/part-001.pdf,114
SAT,Math,5c94e6fa,pdfs/SAT/Math/part-001.pdf,115
SAT,Math,a130fcdc,pdfs/SAT/Math/part-001.pdf,116
SAT,Math,7a5a74a6,pdfs/SAT/Math/part-001.pdf,117
SAT,Math,f5563c26,pdfs/SAT/Math/part-001.pdf,119
SAT,Math,38bf4e04,pdfs/SAT/Math/part-001.pdf,120
SAT,Math,e6545fa8,pdfs/SAT/Math/part-001.pdf,121
SAT,Math,b7e6394d,pdfs/SAT/Math/part-001.pdf,122
SAT,Math,3c03cbd8,pdfs/SAT/Math/part-001.pdf,123
SAT,Math,0b221d05,pdfs/SAT/Math/part-001.pdf,124
SAT,Math,7625073d,pdfs/SAT/Math/part-001.pdf,125
SAT,Math,bf36c815,pdfs/SAT/Math/part-001.pdf,126
SAT,Math,c5e38487,pdfs/SAT/Math/part-001.pdf,127
SAT,Math,968e9e51,pdfs/SAT/Math/part-001.pdf,128
SAT,Math,9f3cb472,pdfs/SAT/Math/part-001.pdf,129
SAT,Math,aa85b138,pdfs/SAT/Math/part-001.pdf,130
SAT,Math,15daa8d6,pdfs/SAT/Math/part-001.pdf,131
SAT,Math,d7c8ba0b,pdfs/SAT/Math/part-001.pdf,132
SAT,Math,2f0a43b2,pdfs/SAT/Math/part-001.pdf,133
SAT,Math,ebf8d2b7,pdfs/SAT/Math/part-001.pdf,134
SAT,Math,997bec28,pdfs/SAT/Math/part-001.pdf,135
SAT,Math,088bc84e,pdfs/SAT/Math/part-001.pdf,136
SAT,Math,40ba6288,pdfs/SAT/Math/part-001.pdf,137
SAT,Math,12ee1edc,pdfs/SAT/Math/part-001.pdf,138
SAT,Math,6fa1dc0f,pdfs/SAT/Math/part-001.pdf,139
SAT,Math,c6b151d4,pdfs/SAT/Math/part-001.pdf,140
SAT,Math,99ea3715,pdfs/SAT/Math/part-001.pdf,141
SAT,Math,0d391910,pdfs/SAT/Math/part-001.pdf,142
SAT,Math,ee439cff,pdfs/SAT/Math/part-001.pdf,143
SAT,Math,ee2f611f,pdfs/SAT/Math/part-001.pdf,144
SAT,Math,8c98c834,pdfs/SAT/Math/part-001.pdf,145
SAT,Math,563407e5,pdfs/SAT/Math/part-001.pdf,146
SAT,Math,25e1cfed,pdfs/SAT/Math/part-001.pdf,147
SAT,Math,38a43902,pdfs/SAT/Math/part-001.pdf,148
SAT,Math,930c2990,pdfs/SAT/Math/part-001.pdf,149
SAT,Math,317e80f9,pdfs/SAT/Math/part-001.pdf,151
SAT,Math,f8fa0cf0,pdfs/SAT/Math/part-001.pdf,152
SAT,Math,3f5375d9,pdfs/SAT/Math/part-001.pdf,153
SAT,Math,fdee0fbf,pdfs/SAT/Math/part-001.pdf,154
SAT,Math,541bef2f,pdfs/SAT/Math/part-001.pdf,155
SAT,Math,620fe971,pdfs/SAT/Math/part-001.pdf,156
SAT,Math,6a87902f,pdfs/SAT/Math/part-001.pdf,157
SAT,Math,b2845d88,pdfs/SAT/Math/part-001.pdf,158
SAT,Math,f75bd744,pdfs/SAT/Math/part-001.pdf,159
SAT,Math,58c7daed,pdfs/SAT/Math/part-001.pdf,160
SAT,Math,d0e614a6,pdfs/SAT/Math/part-001.pdf,161
SAT,Math,17d80dc3,pdfs/SAT/Math/part-001.pdf,163
SAT,Math,1d18794b,pdfs/SAT/Math/part-001.pdf,164
SAT,Math,b450ab03,pdfs/SAT/Math/part-001.pdf,165
SAT,Math,b3abf40f,pdfs/SAT/Math/part-001.pdf,166
SAT,Math,6ac23de7,pdfs/SAT/Math/part-001.pdf,167
SAT,Math,1c29bfd1,pdfs/SAT/Math/part-001.pdf,168
SAT,Math,dd875c97,pdfs/SAT/Math/part-001.pdf,169
SAT,Math,6e6a3241,pdfs/SAT/Math/part-001.pdf,170
SAT,Math,30b1e186,pdfs/SAT/Math/part-001.pdf,172
SAT,Math,e6cb2402,pdfs/SAT/Math/part-001.pdf,173
SAT,Math,e470e19d,pdfs/SAT/Math/part-001.pdf,174
SAT,Math,af711d1b,pdfs/SAT/Math/part-001.pdf,175
SAT,Math,f7e39fe9,pdfs/SAT/Math/part-001.pdf,176
SAT,Math,4a090a46,pdfs/SAT/Math/part-001.pdf,177
SAT,Math,415ab1d2,pdfs/SAT/Math/part-001.pdf,178
SAT,Math,aff28230,pdfs/SAT/Math/part-001.pdf,180
SAT,Math,f5929f7a,pdfs/SAT/Math/part-001.pdf,181
SAT,Math,6c71f3ec,pdfs/SAT/Math/part-001.pdf,182
SAT,Math,1a2a0f59,pdfs/SAT/Math/part-001.pdf,183
SAT,Math,e9908930,pdfs/SAT/Math/part-001.pdf,184
SAT,Math,7392dfc1,pdfs/SAT/Math/part-001.pdf,185
SAT,Math,d914abec,pdfs/SAT/Math/part-001.pdf,186
SAT,Math,51568fb9,pdfs/SAT/Math/part-001.pdf,187
SAT,Math,ee1f63c0,pdfs/SAT/Math/part-001.pdf,188
SAT,Math,9aaf7786,pdfs/SAT/Math/part-001.pdf,189
SAT,Math,ea8bd66f,pdfs/SAT/Math/part-001.pdf,190
SAT,Math,93954cfa,pdfs/SAT/Math/part-001.pdf,191
SAT,Math,5cf1bbc9,pdfs/SAT/Math/part-001.pdf,192
SAT,Math,114ae8a9,pdfs/SAT/Math/part-001.pdf,194
SAT,Math,74c03c21,pdfs/SAT/Math/part-001.pdf,195
SAT,Math,9c7741c6,pdfs/SAT/Math/part-001.pdf,196
SAT,Math,b51c173d,pdfs/SAT/Math/part-001.pdf,197
SAT,Math,8383771a,pdfs/SAT/Math/part-001.pdf,198
SAT,Math,68f2cbaf,pdfs/SAT/Math/part-001.pdf,199
SAT,Math,8abed0fb,pdfs/SAT/Math/part-001.pdf,200
SAT,Math,e1259a5a,pdfs/SAT/Math/part-001.pdf,201
SAT,Math,c81f1c2f,pdfs/SAT/Math/part-001.pdf,202
SAT,Math,4047cfa7,pdfs/SAT/Math/part-001.pdf,203
SAT,Math,4702da8f,pdfs/SAT/Math/part-001.pdf,204
SAT,Math,018a2704,pdfs/SAT/Math/part-001.pdf,205
SAT,Math,b988eeec,pdfs/SAT/Math/part-001.pdf,206
SAT,Math,3d04de9c,pdfs/SAT/Math/part-001.pdf,207
SAT,Math,70feb725,pdfs/SAT/Math/part-001.pdf,208
SAT,Math,590d662d,pdfs/SAT/Math/part-001.pdf,209
SAT,Math,8a87c2c8,pdfs/SAT/Math/part-001.pdf,210
SAT,Math,60f71697,pdfs/SAT/Math/part-001.pdf,211
SAT,Math,9a216c0f,pdfs/SAT/Math/part-001.pdf,212
SAT,Math,13294295,pdfs/SAT/Math/part-001.pdf,213
SAT,Math,0d5495a6,pdfs/SAT/Math/part-001.pdf,215
SAT,Math,fc4a0d2a,pdfs/SAT/Math/part-001.pdf,216
SAT,Math,ed92fb68,pdfs/SAT/Math/part-001.pdf,217
SAT,Math,6ba39da5,pdfs/SAT/Math/part-001.pdf,218
SAT,Math,33e4af6b,pdfs/SAT/Math/part-001.pdf,219
SAT,Math,bbb0359a,pdfs/SAT/Math/part-001.pdf,220
SAT,Math,606cdce7,pdfs/SAT/Math/part-001.pdf,221
SAT,Math,8eb0e19e,pdfs/SAT/Math/part-001.pdf,222
SAT,Math,1a621af4,pdfs/SAT/Math/part-001.pdf,223
SAT,Math,3e9eaffc,pdfs/SAT/Math/part-001.pdf,224
SAT,Math,483d208d,pdfs/SAT/Math/part-001.pdf,225
SAT,Math,af2ba762,pdfs/SAT/Math/part-001.pdf,226
SAT,Math,19fdf387,pdfs/SAT/Math/part-001.pdf,227
SAT,Math,a775af14,pdfs/SAT/Math/part-001.pdf,228
SAT,Math,9551cd91,pdfs/SAT/Math/part-001.pdf,229
SAT,Math,db0107df,pdfs/SAT/Math/part-001.pdf,230
SAT,Math,b8fa27db,pdfs/SAT/Math/part-001.pdf,231
SAT,Math,b9835972,pdfs/SAT/Math/part-001.pdf,232
SAT,Math,7b17f86a,pdfs/SAT/Math/part-001.pdf,233
SAT,Math,ebd457f4,pdfs/SAT/Math/part-001.pdf,234
SAT,Math,e0f59119,pdfs/SAT/Math/part-001.pdf,235
SAT,Math,d1f50dbe,pdfs/SAT/Math/part-001.pdf,236
SAT,Math,6c5c2a81,pdfs/SAT/Math/part-001.pdf,237
SAT,Math,adf60b28,pdfs/SAT/Math/part-001.pdf,238
SAT,Math,df32b09c,pdfs/SAT/Math/part-001.pdf,239
SAT,Math,e1248a5c,pdfs/SAT/Math/part-001.pdf,240
SAT,Math,b8cbe394,pdfs/SAT/Math/part-001.pdf,241
SAT,Math,05bb1af9,pdfs/SAT/Math/part-001.pdf,242
SAT,Math,cc7ffe02,pdfs/SAT/Math/part-001.pdf,243
SAT,Math,86f7483f,pdfs/SAT/Math/part-001.pdf,244
SAT,Math,dae126d7,pdfs/SAT/Math/part-001.pdf,245
SAT,Math,bf5f80c6,pdfs/SAT/Math/part-001.pdf,246
SAT,Math,5e9b6079,pdfs/SAT/Math/part-001.pdf,247
SAT,Math,12983c1e,pdfs/SAT/Math/part-001.pdf,248
SAT,Math,aeaba0b6,pdfs/SAT/Math/part-001.pdf,249
SAT,Math,8368afd1,pdfs/SAT/Math/part-001.pdf,250
SAT,Math,70d9516e,pdfs/SAT/Math/part-001.pdf,252
SAT,Math,1362ccde,pdfs/SAT/Math/part-001.pdf,253
SAT,Math,720e51ac,pdfs/SAT/Math/part-001.pdf,254
SAT,Math,4de87c9a,pdfs/SAT/Math/part-001.pdf,255
SAT,Math,52cb8ea4,pdfs/SAT/Math/part-001.pdf,256
SAT,Math,c307283c,pdfs/SAT/Math/part-001.pdf,257
SAT,Math,4e97f862,pdfs/SAT/Math/part-001.pdf,258
SAT,Math,8adf1335,pdfs/SAT/Math/part-001.pdf,259
SAT,Math,a0489274,pdfs/SAT/Math/part-001.pdf,260
SAT,Math,9db5b5c1,pdfs/SAT/Math/part-001.pdf,261
SAT,Math,3174f07d,pdfs/SAT/Math/part-001.pdf,262
SAT,Math,80da233d,pdfs/SAT/Math/part-001.pdf,263
SAT,Math,271f7e3f,pdfs/SAT/Math/part-001.pdf,264
SAT,Math,70e29454,pdfs/SAT/Math/part-001.pdf,265
SAT,Math,7866a908,pdfs/SAT/Math/part-001.pdf,266
SAT,Math,12b04e68,pdfs/SAT/Math/part-001.pdf,267
SAT,Math,e7b6f0d1,pdfs/SAT/Math/part-001.pdf,268
SAT,Math,b78cd5df,pdfs/SAT/Math/part-001.pdf,269
SAT,Math,72a5fd28,pdfs/SAT/Math/part-001.pdf,270
SAT,Math,0b46bad5,pdfs/SAT/Math/part-001.pdf,271
SAT,Math,b31c3117,pdfs/SAT/Math/part-001.pdf,273
SAT,Math,f79fffba,pdfs/SAT/Math/part-001.pdf,274
SAT,Math,7d5d1b32,pdfs/SAT/Math/part-001.pdf,275
SAT,Math,e7343559,pdfs/SAT/Math/part-001.pdf,276
SAT,Math,f09097b1,pdfs/SAT/Math/part-001.pdf,277
SAT,Math,a9039591,pdfs/SAT/Math/part-001.pdf,278
SAT,Math,c362c210,pdfs/SAT/Math/part-001.pdf,279
SAT,Math,ee7b1de1,pdfs/SAT/Math/part-001.pdf,280
SAT,Math,bf749912,pdfs/SAT/Math/part-001.pdf,281
SAT,Math,c17d9ba9,pdfs/SAT/Math/part-001.pdf,282
SAT,Math,d1042cf8,pdfs/SAT/Math/part-001.pdf,283
SAT,Math,768f3b7c,pdfs/SAT/Math/part-001.pdf,284
SAT,Math,94b48cbf,pdfs/SAT/Math/part-001.pdf,285
SAT,Math,c5082ce3,pdfs/SAT/Math/part-001.pdf,286
SAT,Math,8339793c,pdfs/SAT/Math/part-001.pdf,287
SAT,Math,2e0290c3,pdfs/SAT/Math/part-001.pdf,288
SAT,Math,dd797fe2,pdfs/SAT/Math/part-001.pdf,290
SAT,Math,45a534d0,pdfs/SAT/Math/part-001.pdf,291
SAT,Math,550b352c,pdfs/SAT/Math/part-001.pdf,292
SAT,Math,a396ed75,pdfs/SAT/Math/part-001.pdf,293
SAT,Math,50f4cb9c,pdfs/SAT/Math/part-001.pdf,294
SAT,Math,87071893,pdfs/SAT/Math/part-001.pdf,295
SAT,Math,b00ad7f2,pdfs/SAT/Math/part-001.pdf,296
SAT,Math,ca9bb527,pdfs/SAT/Math/part-001.pdf,297
SAT,Math,16889ef3,pdfs/SAT/Math/part-001.pdf,298
SAT,Math,c651cc56,pdfs/SAT/Math/part-001.pdf,299
SAT,Math,ecca0603,pdfs/SAT/Math/part-001.pdf,300
SAT,Math,79cf8505,pdfs/SAT/Math/part-001.pdf,301
SAT,Math,adb0c96c,pdfs/SAT/Math/part-001.pdf,302
SAT,Math,b4553284,pdfs/SAT/Math/part-001.pdf,303
SAT,Math,c22b5f25,pdfs/SAT/Math/part-001.pdf,304
SAT,Math,e4a588ca,pdfs/SAT/Math/part-001.pdf,305
SAT,Math,6cb9bf45,pdfs/SAT/Math/part-001.pdf,306
SAT,Math,d7bf55e1,pdfs/SAT/Math/part-001.pdf,307
SAT,Math,11e1ab81,pdfs/SAT/Math/part-001.pdf,308
SAT,Math,771bd0ca,pdfs/SAT/Math/part-001.pdf,309
SAT,Math,18ac8354,pdfs/SAT/Math/part-001.pdf,310
SAT,Math,df78b361,pdfs/SAT/Math/part-001.pdf,311
SAT,Math,69f609b2,pdfs/SAT/Math/part-001.pdf,312
SAT,Math,0e926898,pdfs/SAT/Math/part-001.pdf,313
SAT,Math,2e379126,pdfs/SAT/Math/part-001.pdf,314
SAT,Math,80ae6851,pdfs/SAT/Math/part-002.pdf,1
SAT,Math,4fe4fd7c,pdfs/SAT/Math/part-002.pdf,2
SAT,Math,979b0b8d,pdfs/SAT/Math/part-002.pdf,3
SAT,Math,789975b7,pdfs/SAT/Math/part-002.pdf,4
SAT,Math,a309803e,pdfs/SAT/Math/part-002.pdf,5
SAT,Math,c41e5688,pdfs/SAT/Math/part-002.pdf,6
SAT,Math,55ea82f3,pdfs/SAT/Math/part-002.pdf,8
SAT,Math,cea27ab2,pdfs/SAT/Math/part-002.pdf,9
SAT,Math,a049f400,pdfs/SAT/Math/part-002.pdf,10
SAT,Math,e006209c,pdfs/SAT/Math/part-002.pdf,11
SAT,Math,bf883fde,pdfs/SAT/Math/part-002.pdf,12
SAT,Math,0d1b1e35,pdfs/SAT/Math/part-002.pdf,13
SAT,Math,2554b413,pdfs/SAT/Math/part-002.pdf,14
SAT,Math,5bf5136d,pdfs/SAT/Math/part-002.pdf,15
SAT,Math,79be5180,pdfs/SAT/Math/part-002.pdf,16
SAT,Math,620abf36,pdfs/SAT/Math/part-002.pdf,17
SAT,Math,d62ad380,pdfs/SAT/Math/part-002.pdf,18
SAT,Math,2f34cd1c,pdfs/SAT/Math/part-002.pdf,19
SAT,Math,ed18c4f7,pdfs/SAT/Math/part-002.pdf,20
SAT,Math,52a8ef85,pdfs/SAT/Math/part-002.pdf,21
SAT,Math,3462d850,pdfs/SAT/Math/part-002.pdf,22
SAT,Math,0d685865,pdfs/SAT/Math/part-002.pdf,23
SAT,Math,fe6f9678,pdfs/SAT/Math/part-002.pdf,24
SAT,Math,2493c767,pdfs/SAT/Math/part-002.pdf,25
SAT,Math,12255364,pdfs/SAT/Math/part-002.pdf,26
SAT,Math,b82a943c,pdfs/SAT/Math/part-002.pdf,27
SAT,Math,092ad67d,pdfs/SAT/Math/part-002.pdf,28
SAT,Math,eac739b2,pdfs/SAT/Math/part-002.pdf,29
SAT,Math,3122fc7b,pdfs/SAT/Math/part-002.pdf,30
SAT,Math,d9733ed9,pdfs/SAT/Math/part-002.pdf,31
SAT,Math,ba79f10f,pdfs/SAT/Math/part-002.pdf,32
SAT,Math,36fd6752,pdfs/SAT/Math/part-002.pdf,33
SAT,Math,2e98b1df,pdfs/SAT/Math/part-002.pdf,34
SAT,Math,d9d83c02,pdfs/SAT/Math/part-002.pdf,35
SAT,Math,59a49431,pdfs/SAT/Math/part-002.pdf,36
SAT,Math,23dedddd,pdfs/SAT/Math/part-002.pdf,37
SAT,Math,c8fb6bcb,pdfs/SAT/Math/part-002.pdf,38
SAT,Math,d909cd31,pdfs/SAT/Math/part-002.pdf,39
SAT,Math,a91a2b75,pdfs/SAT/Math/part-002.pdf,40
SAT,Math,98d3393a,pdfs/SAT/Math/part-002.pdf,41
SAT,Math,f88970cc,pdfs/SAT/Math/part-002.pdf,42
SAT,Math,340afb12,pdfs/SAT/Math/part-002.pdf,43
SAT,Math,56dc8045,pdfs/SAT/Math/part-002.pdf,44
SAT,Math,92aa3a94,pdfs/SAT/Math/part-002.pdf,45
SAT,Math,da2e9202,pdfs/SAT/Math/part-002.pdf,46
SAT,Math,4f669597,pdfs/SAT/Math/part-002.pdf,47
SAT,Math,3c4ce699,pdfs/SAT/Math/part-002.pdf,48
SAT,Math,f2bbd43d,pdfs/SAT/Math/part-002.pdf,49
SAT,Math,9fc31513,pdfs/SAT/Math/part-002.pdf,50
SAT,Math,ffb371f5,pdfs/SAT/Math/part-002.pdf,51
SAT,Math,0b0fa68b,pdfs/SAT/Math/part-002.pdf,52
SAT,Math,6989c80a,pdfs/SAT/Math/part-002.pdf,53
SAT,Math,bc638f2d,pdfs/SAT/Math/part-002.pdf,54
SAT,Math,9d9fe1e6,pdfs/SAT/Math/part-002.pdf,55
SAT,Math,c4d49134,pdfs/SAT/Math/part-002.pdf,56
SAT,Math,0cb57740,pdfs/SAT/Math/part-002.pdf,57
SAT,Math,ece00725,pdfs/SAT/Math/part-002.pdf,58
SAT,Math,255996a6,pdfs/SAT/Math/part-002.pdf,59
SAT,Math,a1696f3e,pdfs/SAT/Math/part-002.pdf,60
SAT,Math,c01f4a95,pdfs/SAT/Math/part-002.pdf,61
SAT,Math,dfa45424,pdfs/SAT/Math/part-002.pdf,62
SAT,Math,2e8cc1c0,pdfs/SAT/Math/part-002.pdf,63
SAT,Math,431c3038,pdfs/SAT/Math/part-002.pdf,64
SAT,Math,bd45df49,pdfs/SAT/Math/part-002.pdf,65
SAT,Math,4b0c156b,pdfs/SAT/Math/part-002.pdf,66
SAT,Math,868fc236,pdfs/SAT/Math/part-002.pdf,67
SAT,Math,e0177f5f,pdfs/SAT/Math/part-002.pdf,68
SAT,Math,79784c23,pdfs/SAT/Math/part-002.pdf,69
SAT,Math,e8f9e117,pdfs/SAT/Math/part-002.pdf,70
SAT,Math,c7d7980e,pdfs/SAT/Math/part-002.pdf,71
SAT,Math,d8539e09,pdfs/SAT/Math/part-002.pdf,72
SAT,Math,ce314070,pdfs/SAT/Math/part-002.pdf,74
SAT,Math,7e1bff94,pdfs/SAT/Math/part-002.pdf,75
SAT,Math,946ab892,pdfs/SAT/Math/part-002.pdf,76
SAT,Math,a7e2859a,pdfs/SAT/Math/part-002.pdf,77
SAT,Math,feb78194,pdfs/SAT/Math/part-002.pdf,78
SAT,Math,9f6f96ff,pdfs/SAT/Math/part-002.pdf,79
SAT,Math,48fb34c8,pdfs/SAT/Math/part-002.pdf,80
SAT,Math,343aaff6,pdfs/SAT/Math/part-002.pdf,82
SAT,Math,f718c9cf,pdfs/SAT/Math/part-002.pdf,83
SAT,Math,6e50ce28,pdfs/SAT/Math/part-002.pdf,84
SAT,Math,915463e0,pdfs/SAT/Math/part-002.pdf,85
SAT,Math,62ef6f73,pdfs/SAT/Math/part-002.pdf,86
SAT,Math,cc3e9528,pdfs/SAT/Math/part-002.pdf,87
SAT,Math,153ee763,pdfs/SAT/Math/part-002.pdf,88
SAT,Math,89541f9b,pdfs/SAT/Math/part-002.pdf,89
SAT,Math,2875ba81,pdfs/SAT/Math/part-002.pdf,90
SAT,Math,0ef4a7b6,pdfs/SAT/Math/part-002.pdf,91
SAT,Math,6a12efbb,pdfs/SAT/Math/part-002.pdf,92
SAT,Math,2ecce641,pdfs/SAT/Math/part-002.pdf,93
SAT,Math,265f2a53,pdfs/SAT/Math/part-002.pdf,94
SAT,Math,ee031767,pdfs/SAT/Math/part-002.pdf,95
SAT,Math,4e400635,pdfs/SAT/Math/part-002.pdf,96
SAT,Math,dcc4886a,pdfs/SAT/Math/part-002.pdf,97
SAT,Math,0cadb20e,pdfs/SAT/Math/part-002.pdf,98
SAT,Math,466b87e3,pdfs/SAT/Math/part-002.pdf,99
SAT,Math,ce6b52d8,pdfs/SAT/Math/part-002.pdf,100
SAT,Math,83fb222d,pdfs/SAT/Math/part-002.pdf,101
SAT,Math,aee9fd2d,pdfs/SAT/Math/part-002.pdf,102
SAT,Math,6daf8d70,pdfs/SAT/Math/part-002.pdf,103
SAT,Math,84d0d07e,pdfs/SAT/Math/part-002.pdf,104
SAT,Math,7a987ae4,pdfs/SAT/Math/part-002.pdf,105
SAT,Math,f81a0503,pdfs/SAT/Math/part-002.pdf,106
SAT,Math,0366d965,pdfs/SAT/Math/part-002.pdf,107
SAT,Math,1006cad7,pdfs/SAT/Math/part-002.pdf,108
SAT,Math,570b5a5d,pdfs/SAT/Math/part-002.pdf,109
SAT,Math,56e1b09e,pdfs/SAT/Math/part-002.pdf,110
SAT,Math,346d5c2e,pdfs/SAT/Math/part-002.pdf,111
SAT,Math,13909d78,pdfs/SAT/Math/part-002.pdf,112
SAT,Math,10c448d6,pdfs/SAT/Math/part-002.pdf,113
SAT,Math,939fc21b,pdfs/SAT/Math/part-002.pdf,114
SAT,Math,68f343c9,pdfs/SAT/Math/part-002.pdf,115
SAT,Math,7038b587,pdfs/SAT/Math/part-002.pdf,116
SAT,Math,4acd05cd,pdfs/SAT/Math/part-002.pdf,117
SAT,Math,6d8ad460,pdfs/SAT/Math/part-002.pdf,119
SAT,Math,34aca984,pdfs/SAT/Math/part-002.pdf,120
SAT,Math,963da34c,pdfs/SAT/Math/part-002.pdf,121
SAT,Math,184ce5aa,pdfs/SAT/Math/part-002.pdf,122
SAT,Math,76f29fa5,pdfs/SAT/Math/part-002.pdf,123
SAT,Math,b2de69bd,pdfs/SAT/Math/part-002.pdf,124
SAT,Math,aacc834b,pdfs/SAT/Math/part-002.pdf,125
SAT,Math,042aa429,pdfs/SAT/Math/part-002.pdf,126
SAT,Math,cd33b015,pdfs/SAT/Math/part-002.pdf,127
SAT,Math,e2e3942f,pdfs/SAT/Math/part-002.pdf,128
SAT,Math,f03465dc,pdfs/SAT/Math/part-002.pdf,129
SAT,Math,f8ff3249,pdfs/SAT/Math/part-002.pdf,130
SAT,Math,5ab9903f,pdfs/SAT/Math/part-002.pdf,132
SAT,Math,a35c7164,pdfs/SAT/Math/part-002.pdf,133
SAT,Math,de6fe450,pdfs/SAT/Math/part-002.pdf,134
SAT,Math,d0a2fed5,pdfs/SAT/Math/part-002.pdf,135
SAT,Math,e8fd6d99,pdfs/SAT/Math/part-002.pdf,136
SAT,Math,03503d49,pdfs/SAT/Math/part-002.pdf,137
SAT,Math,4f8bd093,pdfs/SAT/Math/part-002.pdf,138
SAT,Math,4ec95eab,pdfs/SAT/Math/part-002.pdf,139
SAT,Math,63d03c0b,pdfs/SAT/Math/part-002.pdf,140
SAT,Math,2d54c272,pdfs/SAT/Math/part-002.pdf,141
SAT,Math,fbd5483f,pdfs/SAT/Math/part-002.pdf,142
SAT,Math,4f89e4d4,pdfs/SAT/Math/part-002.pdf,143
SAT,Math,4fb8adf7,pdfs/SAT/Math/part-002.pdf,144
SAT,Math,d0cb49e8,pdfs/SAT/Math/part-002.pdf,145
SAT,Math,cee5b352,pdfs/SAT/Math/part-002.pdf,147
SAT,Math,c9355dec,pdfs/SAT/Math/part-002.pdf,148
SAT,Math,58477a6c,pdfs/SAT/Math/part-002.pdf,150
SAT,Math,1e0a46e4,pdfs/SAT/Math/part-002.pdf,151
SAT,Math,1e11190a,pdfs/SAT/Math/part-002.pdf,152
SAT,Math,c39dbbdf,pdfs/SAT/Math/part-002.pdf,153
SAT,Math,5518885d,pdfs/SAT/Math/part-002.pdf,154
SAT,Math,78391fcc,pdfs/SAT/Math/part-002.pdf,155
SAT,Math,9ff10b3b,pdfs/SAT/Math/part-002.pdf,156
SAT,Math,ca452900,pdfs/SAT/Math/part-002.pdf,157
SAT,Math,e77a76ce,pdfs/SAT/Math/part-002.pdf,158
SAT,Math,b2fe7ab6,pdfs/SAT/Math/part-002.pdf,159
SAT,Math,aad7e1b9,pdfs/SAT/Math/part-002.pdf,160
SAT,Math,1bc11c4e,pdfs/SAT/Math/part-002.pdf,161
SAT,Math,68c5c81a,pdfs/SAT/Math/part-002.pdf,162
SAT,Math,b3c7ca1d,pdfs/SAT/Math/part-002.pdf,163
SAT,Math,deee9063,pdfs/SAT/Math/part-002.pdf,164
SAT,Math,2d0e13a6,pdfs/SAT/Math/part-002.pdf,165
SAT,Math,59afe8db,pdfs/SAT/Math/part-002.pdf,166
SAT,Math,b8e73b5b,pdfs/SAT/Math/part-002.pdf,167
SAT,Math,4b06557b,pdfs/SAT/Math/part-002.pdf,168
SAT,Math,830120b0,pdfs/SAT/Math/part-002.pdf,169
SAT,Math,23c5d458,pdfs/SAT/Math/part-002.pdf,170
SAT,Math,e86a06fe,pdfs/SAT/Math/part-002.pdf,171
SAT,Math,c8e0f511,pdfs/SAT/Math/part-002.pdf,172
SAT,Math,c4ea43ef,pdfs/SAT/Math/part-002.pdf,173
SAT,Math,fb5e7f59,pdfs/SAT/Math/part-002.pdf,174
SAT,Math,2869fe95,pdfs/SAT/Math/part-002.pdf,175
SAT,Math,4e77195b,pdfs/SAT/Math/part-002.pdf,176
SAT,Math,113b938e,pdfs/SAT/Math/part-002.pdf,177
SAT,Math,fe287f7e,pdfs/SAT/Math/part-002.pdf,178
SAT,Math,029c2dc2,pdfs/SAT/Math/part-002.pdf,179
SAT,Math,2e1a7f66,pdfs/SAT/Math/part-002.pdf,180
SAT,Math,5e422ff9,pdfs/SAT/Math/part-002.pdf,181
SAT,Math,e744499e,pdfs/SAT/Math/part-002.pdf,182
SAT,Math,59352689,pdfs/SAT/Math/part-002.pdf,183
SAT,Math,5eb4918d,pdfs/SAT/Math/part-002.pdf,184
SAT,Math,c5479c1a,pdfs/SAT/Math/part-002.pdf,185
SAT,Math,14360f84,pdfs/SAT/Math/part-002.pdf,186
SAT,Math,f01ef454,pdfs/SAT/Math/part-002.pdf,187
SAT,Math,6efcc0a3,pdfs/SAT/Math/part-002.pdf,188
SAT,Math,637022d2,pdfs/SAT/Math/part-002.pdf,189
SAT,Math,776cfa7c,pdfs/SAT/Math/part-002.pdf,190
SAT,Math,f6b055dc,pdfs/SAT/Math/part-002.pdf,191
SAT,Math,0393ba15,pdfs/SAT/Math/part-002.pdf,192
SAT,Math,74c98c82,pdfs/SAT/Math/part-002.pdf,193
SAT,Math,36ab4122,pdfs/SAT/Math/part-002.pdf,194
SAT,Math,1efd8202,pdfs/SAT/Math/part-002.pdf,195
SAT,Math,73b5f330,pdfs/SAT/Math/part-002.pdf,196
SAT,Math,d76ab4f5,pdfs/SAT/Math/part-002.pdf,197
SAT,Math,4f7981a0,pdfs/SAT/Math/part-002.pdf,198
SAT,Math,295a41f0,pdfs/SAT/Math/part-002.pdf,199
SAT,Math,a71b1bc1,pdfs/SAT/Math/part-002.pdf,201
SAT,Math,1ce51655,pdfs/SAT/Math/part-002.pdf,202
SAT,Math,e9ef0e6b,pdfs/SAT/Math/part-002.pdf,203
SAT,Math,c841e8e8,pdfs/SAT/Math/part-002.pdf,204
SAT,Math,e103300e,pdfs/SAT/Math/part-002.pdf,205
SAT,Math,cb58833c,pdfs/SAT/Math/part-002.pdf,206
SAT,Math,81390d6c,pdfs/SAT/Math/part-002.pdf,207
SAT,Math,ed856e9c,pdfs/SAT/Math/part-002.pdf,208
SAT,Math,97eab129,pdfs/SAT/Math/part-002.pdf,209
SAT,Math,567ac7ab,pdfs/SAT/Math/part-002.pdf,210
SAT,Math,9d0396d4,pdfs/SAT/Math/part-002.pdf,211
SAT,Math,4771a64a,pdfs/SAT/Math/part-002.pdf,213
SAT,Math,5a7ab8e8,pdfs/SAT/Math/part-002.pdf,214
SAT,Math,55447be2,pdfs/SAT/Math/part-002.pdf,215
SAT,Math,40049d49,pdfs/SAT/Math/part-002.pdf,216
SAT,Math,080e75c2,pdfs/SAT/Math/part-002.pdf,217
SAT,Math,935f3403,pdfs/SAT/Math/part-002.pdf,219
SAT,Math,2704399f,pdfs/SAT/Math/part-002.pdf,220
SAT,Math,f02b4509,pdfs/SAT/Math/part-002.pdf,222
SAT,Math,daad7c32,pdfs/SAT/Math/part-002.pdf,223
SAT,Math,3f8a701b,pdfs/SAT/Math/part-002.pdf,224
SAT,Math,eeebe166,pdfs/SAT/Math/part-002.pdf,225
SAT,Math,0d1dca87,pdfs/SAT/Math/part-002.pdf,226
SAT,Math,3a84f885,pdfs/SAT/Math/part-002.pdf,227
SAT,Math,b9839f9e,pdfs/SAT/Math/part-002.pdf,228
SAT,Math,023c0a8d,pdfs/SAT/Math/part-002.pdf,229
SAT,Math,a94ed4e0,pdfs/SAT/Math/part-002.pdf,230
SAT,Math,686b7cad,pdfs/SAT/Math/part-002.pdf,231
SAT,Math,fbb0ea7f,pdfs/SAT/Math/part-002.pdf,232
SAT,Math,a5882327,pdfs/SAT/Math/part-002.pdf,233
SAT,Math,75012ee7,pdfs/SAT/Math/part-002.pdf,234
SAT,Math,1f0966db,pdfs/SAT/Math/part-002.pdf,235
SAT,Math,c387583f,pdfs/SAT/Math/part-002.pdf,236
SAT,Math,a7a14e87,pdfs/SAT/Math/part-002.pdf,237
SAT,Math,74d0906a,pdfs/SAT/Math/part-002.pdf,238
SAT,Math,ccc3ad6b,pdfs/SAT/Math/part-002.pdf,239
SAT,Math,1fe778dc,pdfs/SAT/Math/part-002.pdf,240
SAT,Math,90bd9ef8,pdfs/SAT/Math/part-002.pdf,241
SAT,Math,c3989ef8,pdfs/SAT/Math/part-002.pdf,242
SAT,Math,429fb7c0,pdfs/SAT/Math/part-002.pdf,243
SAT,Math,6f6dfe3e,pdfs/SAT/Math/part-002.pdf,244
SAT,Math,8f0c82e2,pdfs/SAT/Math/part-002.pdf,245
SAT,Math,5ad9eff0,pdfs/SAT/Math/part-002.pdf,246
SAT,Math,39617468,pdfs/SAT/Math/part-002.pdf,247
SAT,Math,038d87d7,pdfs/SAT/Math/part-002.pdf,248
SAT,Math,174885f8,pdfs/SAT/Math/part-002.pdf,249
SAT,Math,441558e7,pdfs/SAT/Math/part-002.pdf,250
SAT,Math,46f68129,pdfs/SAT/Math/part-002.pdf,251
SAT,Math,56e373b3,pdfs/SAT/Math/part-002.pdf,252
SAT,Math,2eef7e61,pdfs/SAT/Math/part-002.pdf,253
SAT,Math,e3bbde69,pdfs/SAT/Math/part-002.pdf,254
SAT,Math,f0773a55,pdfs/SAT/Math/part-002.pdf,255
SAT,Math,8da536c6,pdfs/SAT/Math/part-002.pdf,257
SAT,Math,5e08a055,pdfs/SAT/Math/part-002.pdf,258
SAT,Math,0ea7ef01,pdfs/SAT/Math/part-002.pdf,259
SAT,Math,0df106df,pdfs/SAT/Math/part-002.pdf,261
SAT,Math,e53870b6,pdfs/SAT/Math/part-002.pdf,262
SAT,Math,820ad8e8,pdfs/SAT/Math/part-002.pdf,263
SAT,Math,9f70fd47,pdfs/SAT/Math/part-002.pdf,264
SAT,Math,f5ff91b2,pdfs/SAT/Math/part-002.pdf,265
SAT,Math,0c490cd5,pdfs/SAT/Math/part-002.pdf,266
SAT,Math,a1fd2304,pdfs/SAT/Math/part-002.pdf,267
SAT,Math,5f46fc76,pdfs/SAT/Math/part-002.pdf,268
SAT,Math,b544a348,pdfs/SAT/Math/part-002.pdf,269
SAT,Math,628300a9,pdfs/SAT/Math/part-002.pdf,270
SAT,Math,a232aa96,pdfs/SAT/Math/part-002.pdf,271
SAT,Math,400798d6,pdfs/SAT/Math/part-002.pdf,272
SAT,Math,9ed4c1a2,pdfs/SAT/Math/part-002.pdf,273
SAT,Math,45bba652,pdfs/SAT/Math/part-002.pdf,274
SAT,Math,53487897,pdfs/SAT/Math/part-002.pdf,275
SAT,Math,208626df,pdfs/SAT/Math/part-002.pdf,276
SAT,Math,b75f7812,pdfs/SAT/Math/part-002.pdf,277
SAT,Math,1ecaa9c0,pdfs/SAT/Math/part-002.pdf,278
SAT,Math,fb43b85f,pdfs/SAT/Math/part-002.pdf,279
SAT,Math,eafdbbbd,pdfs/SAT/Math/part-002.pdf,280
SAT,Math,7d89376f,pdfs/SAT/Math/part-002.pdf,281
SAT,Math,3ce92ce8,pdfs/SAT/Math/part-002.pdf,282
SAT,Math,0bd33265,pdfs/SAT/Math/part-002.pdf,283
SAT,Math,f40552a9,pdfs/SAT/Math/part-002.pdf,284
SAT,Math,12ae3452,pdfs/SAT/Math/part-002.pdf,285
SAT,Math,17f176ec,pdfs/SAT/Math/part-002.pdf,286
SAT,Math,8a6de407,pdfs/SAT/Math/part-002.pdf,287
SAT,Math,a4989860,pdfs/SAT/Math/part-002.pdf,288
SAT,Math,8643d906,pdfs/SAT/Math/part-002.pdf,289
SAT,Math,bbf9e5ce,pdfs/SAT/Math/part-002.pdf,290
SAT,Math,36f068e2,pdfs/SAT/Math/part-002.pdf,291
SAT,Math,5b7599a6,pdfs/SAT/Math/part-002.pdf,294
SAT,Math,23758540,pdfs/SAT/Math/part-002.pdf,296
SAT,Math,a4d6fbec,pdfs/SAT/Math/part-002.pdf,297
SAT,Math,67d63e19,pdfs/SAT/Math/part-002.pdf,298
SAT,Math,39571c77,pdfs/SAT/Math/part-002.pdf,299
SAT,Math,d02193fb,pdfs/SAT/Math/part-002.pdf,300
SAT,Math,63be6c9a,pdfs/SAT/Math/part-002.pdf,302
SAT,Math,49cd76d5,pdfs/SAT/Math/part-002.pdf,303
SAT,Math,65833256,pdfs/SAT/Math/part-002.pdf,304
SAT,Math,768b2425,pdfs/SAT/Math/part-002.pdf,305
SAT,Math,e53688cb,pdfs/SAT/Math/part-002.pdf,306
SAT,Math,44d65912,pdfs/SAT/Math/part-002.pdf,307
SAT,Math,41fdc0b8,pdfs/SAT/Math/part-002.pdf,308
SAT,Math,8ad64841,pdfs/SAT/Math/part-002.pdf,309
SAT,Math,f60aa0dc,pdfs/SAT/Math/part-002.pdf,310
SAT,Math,8b2a2a63,pdfs/SAT/Math/part-002.pdf,311
SAT,Math,70774aa4,pdfs/SAT/Math/part-002.pdf,312
SAT,Math,8a1544f1,pdfs/SAT/Math/part-002.pdf,313
SAT,Math,a9c04a21,pdfs/SAT/Math/part-002.pdf,314
SAT,Math,5907e072,pdfs/SAT/Math/part-002.pdf,315
SAT,Math,4722abd2,pdfs/SAT/Math/part-002.pdf,316
SAT,Math,27f5fff3,pdfs/SAT/Math/part-002.pdf,317
SAT,Math,535fa6e6,pdfs/SAT/Math/part-003.pdf,1
SAT,Math,a73a5c22,pdfs/SAT/Math/part-003.pdf,2
SAT,Math,6fa593f1,pdfs/SAT/Math/part-003.pdf,3
SAT,Math,8c515062,pdfs/SAT/Math/part-003.pdf,4
SAT,Math,4b76c7f1,pdfs/SAT/Math/part-003.pdf,5
SAT,Math,1993561d,pdfs/SAT/Math/part-003.pdf,6
SAT,Math,b64e2c7f,pdfs/SAT/Math/part-003.pdf,7
SAT,Math,49800634,pdfs/SAT/Math/part-003.pdf,8
SAT,Math,7d6928bd,pdfs/SAT/Math/part-003.pdf,9
SAT,Math,a04190b7,pdfs/SAT/Math/part-003.pdf,10
SAT,Math,d1aeb6f1,pdfs/SAT/Math/part-003.pdf,11
SAT,Math,5ad6bc97,pdfs/SAT/Math/part-003.pdf,12
SAT,Math,a8e6bd75,pdfs/SAT/Math/part-003.pdf,13
SAT,Math,948087f2,pdfs/SAT/Math/part-003.pdf,15
SAT,Math,00b9bd37,pdfs/SAT/Math/part-003.pdf,16
SAT,Math,73b3b7d8,pdfs/SAT/Math/part-003.pdf,17
SAT,Math,beca03de,pdfs/SAT/Math/part-003.pdf,18
SAT,Math,512bd5b4,pdfs/SAT/Math/part-003.pdf,19
SAT,Math,4e18fc5d,pdfs/SAT/Math/part-003.pdf,20
SAT,Math,f5c3e3b8,pdfs/SAT/Math/part-003.pdf,21
SAT,Math,a5663025,pdfs/SAT/Math/part-003.pdf,22
SAT,Math,3c95093c,pdfs/SAT/Math/part-003.pdf,23
SAT,Math,d0a7871e,pdfs/SAT/Math/part-003.pdf,24
SAT,Math,72ebc024,pdfs/SAT/Math/part-003.pdf,25
SAT,Math,dd4ab4c4,pdfs/SAT/Math/part-003.pdf,26
SAT,Math,b8caaf84,pdfs/SAT/Math/part-003.pdf,27
SAT,Math,f01108a8,pdfs/SAT/Math/part-003.pdf,28
SAT,Math,7f81d0c3,pdfs/SAT/Math/part-003.pdf,29
SAT,Math,332cd67b,pdfs/SAT/Math/part-003.pdf,30
SAT,Math,301faf80,pdfs/SAT/Math/part-003.pdf,31
SAT,Math,128c75e2,pdfs/SAT/Math/part-003.pdf,32
SAT,Math,71b74a44,pdfs/SAT/Math/part-003.pdf,33
SAT,Math,7f2524bf,pdfs/SAT/Math/part-003.pdf,34
SAT,Math,e312081b,pdfs/SAT/Math/part-003.pdf,35
SAT,Math,02060533,pdfs/SAT/Math/part-003.pdf,36
SAT,Math,52931bfa,pdfs/SAT/Math/part-003.pdf,37
SAT,Math,1e003284,pdfs/SAT/Math/part-003.pdf,38
SAT,Math,91e7ea5e,pdfs/SAT/Math/part-003.pdf,39
SAT,Math,e9aed539,pdfs/SAT/Math/part-003.pdf,40
SAT,Math,358f18bc,pdfs/SAT/Math/part-003.pdf,43
SAT,Math,3a9d60b2,pdfs/SAT/Math/part-003.pdf,44
SAT,Math,8490cc45,pdfs/SAT/Math/part-003.pdf,45
SAT,Math,4fbffc0a,pdfs/SAT/Math/part-003.pdf,46
SAT,Math,ebed7dc6,pdfs/SAT/Math/part-003.pdf,48
SAT,Math,ba0edc30,pdfs/SAT/Math/part-003.pdf,49
SAT,Math,39714777,pdfs/SAT/Math/part-003.pdf,50
SAT,Math,fc3d783a,pdfs/SAT/Math/part-003.pdf,51
SAT,Math,a9084ca4,pdfs/SAT/Math/part-003.pdf,52
SAT,Math,075b29b0,pdfs/SAT/Math/part-003.pdf,53
SAT,Math,2c6f214f,pdfs/SAT/Math/part-003.pdf,54
SAT,Math,781c2f6e,pdfs/SAT/Math/part-003.pdf,55
SAT,Math,cb29c54c,pdfs/SAT/Math/part-003.pdf,56
SAT,Math,4661e2a9,pdfs/SAT/Math/part-003.pdf,57
SAT,Math,6abec9a8,pdfs/SAT/Math/part-003.pdf,58
SAT,Math,ad2ec615,pdfs/SAT/Math/part-003.pdf,59
SAT,Math,42c71eb5,pdfs/SAT/Math/part-003.pdf,60
SAT,Math,52b1700c,pdfs/SAT/Math/part-003.pdf,61
SAT,Math,371cbf6b,pdfs/SAT/Math/part-003.pdf,62
SAT,Math,b4acba95,pdfs/SAT/Math/part-003.pdf,63
SAT,Math,ff8c5844,pdfs/SAT/Math/part-003.pdf,64
SAT,Math,a05bd3a4,pdfs/SAT/Math/part-003.pdf,65
SAT,Math,c3b116d7,pdfs/SAT/Math/part-003.pdf,66
SAT,Math,40c09d66,pdfs/SAT/Math/part-003.pdf,67
SAT,Math,f423771c,pdfs/SAT/Math/part-003.pdf,68
SAT,Math,b8f13a3a,pdfs/SAT/Math/part-003.pdf,69
SAT,Math,8e1da169,pdfs/SAT/Math/part-003.pdf,70
SAT,Math,1d3c5c95,pdfs/SAT/Math/part-003.pdf,71
SAT,Math,46308566,pdfs/SAT/Math/part-003.pdf,72
SAT,Math,ae05d37b,pdfs/SAT/Math/part-003.pdf,73
SAT,Math,1ee962ec,pdfs/SAT/Math/part-003.pdf,74
SAT,Math,c6a26e14,pdfs/SAT/Math/part-003.pdf,76
SAT,Math,07bcecac,pdfs/SAT/Math/part-003.pdf,77
SAT,Math,ad03127d,pdfs/SAT/Math/part-003.pdf,78
SAT,Math,02add2d2,pdfs/SAT/Math/part-003.pdf,79
SAT,Math,f65288e8,pdfs/SAT/Math/part-003.pdf,80
SAT,Math,788bfd56,pdfs/SAT/Math/part-003.pdf,81
SAT,Math,2c288148,pdfs/SAT/Math/part-003.pdf,82
SAT,Math,40491607,pdfs/SAT/Math/part-003.pdf,83
SAT,Math,369b7bb7,pdfs/SAT/Math/part-003.pdf,84
SAT,Math,3206b905,pdfs/SAT/Math/part-003.pdf,85
SAT,Math,f89af023,pdfs/SAT/Math/part-003.pdf,86
SAT,Math,7902bed0,pdfs/SAT/Math/part-003.pdf,87
SAT,Math,5ba187d4,pdfs/SAT/Math/part-003.pdf,88
SAT,Math,38c90632,pdfs/SAT/Math/part-003.pdf,89
SAT,Math,4a0d0399,pdfs/SAT/Math/part-003.pdf,90
SAT,Math,3cf2698e,pdfs/SAT/Math/part-003.pdf,91
SAT,Math,768b60d2,pdfs/SAT/Math/part-003.pdf,92
SAT,Math,e53add44,pdfs/SAT/Math/part-003.pdf,93
SAT,Math,f2f3fa00,pdfs/SAT/Math/part-003.pdf,94
SAT,Math,b4a6ed81,pdfs/SAT/Math/part-003.pdf,95
SAT,Math,9654add7,pdfs/SAT/Math/part-003.pdf,96
SAT,Math,4618501a,pdfs/SAT/Math/part-003.pdf,97
SAT,Math,34847f8a,pdfs/SAT/Math/part-003.pdf,98
SAT,Math,253985c2,pdfs/SAT/Math/part-003.pdf,99
SAT,Math,cc776a04,pdfs/SAT/Math/part-003.pdf,100
SAT,Math,263f9937,pdfs/SAT/Math/part-003.pdf,101
SAT,Math,4ac59df6,pdfs/SAT/Math/part-003.pdf,102
SAT,Math,fada6b03,pdfs/SAT/Math/part-003.pdf,103
SAT,Math,926c246b,pdfs/SAT/Math/part-003.pdf,104
SAT,Math,84e5e36c,pdfs/SAT/Math/part-003.pdf,105
SAT,Math,ff2c1431,pdfs/SAT/Math/part-003.pdf,106
SAT,Math,137cc6fd,pdfs/SAT/Math/part-003.pdf,107
SAT,Math,6ce95fc8,pdfs/SAT/Math/part-003.pdf,108
SAT,Math,4dd4efcf,pdfs/SAT/Math/part-003.pdf,109
SAT,Math,cc2601cb,pdfs/SAT/Math/part-003.pdf,110
SAT,Math,6bdcac03,pdfs/SAT/Math/part-003.pdf,111
SAT,Math,f5aa5040,pdfs/SAT/Math/part-003.pdf,112
SAT,Math,252a3b3a,pdfs/SAT/Math/part-003.pdf,113
SAT,Math,2992ac30,pdfs/SAT/Math/part-003.pdf,115
SAT,Math,58443765,pdfs/SAT/Math/part-003.pdf,116
SAT,Math,3d7d7534,pdfs/SAT/Math/part-003.pdf,117
SAT,Math,841ef26c,pdfs/SAT/Math/part-003.pdf,118
SAT,Math,cc6ccd71,pdfs/SAT/Math/part-003.pdf,119
SAT,Math,70482e20,pdfs/SAT/Math/part-003.pdf,120
SAT,Math,8452c42b,pdfs/SAT/Math/part-003.pdf,121
SAT,Math,b39d74a0,pdfs/SAT/Math/part-003.pdf,122
SAT,Math,ea6d05bb,pdfs/SAT/Math/part-003.pdf,124
SAT,Math,09d21d79,pdfs/SAT/Math/part-003.pdf,125
SAT,Math,722de804,pdfs/SAT/Math/part-003.pdf,126
SAT,Math,e833de9a,pdfs/SAT/Math/part-003.pdf,127
SAT,Math,95d1c344,pdfs/SAT/Math/part-003.pdf,128
SAT,Math,0536ad4f,pdfs/SAT/Math/part-003.pdf,129
SAT,Math,433184f1,pdfs/SAT/Math/part-003.pdf,130
SAT,Math,d135f4bf,pdfs/SAT/Math/part-003.pdf,131
SAT,Math,b0543157,pdfs/SAT/Math/part-003.pdf,132
SAT,Math,1d3fee25,pdfs/SAT/Math/part-003.pdf,133
SAT,Math,4ca30186,pdfs/SAT/Math/part-003.pdf,134
SAT,Math,911383f2,pdfs/SAT/Math/part-003.pdf,135
SAT,Math,d8789a4c,pdfs/SAT/Math/part-003.pdf,136
SAT,Math,b80d10d7,pdfs/SAT/Math/part-003.pdf,137
SAT,Math,fde6f3bb,pdfs/SAT/Math/part-003.pdf,138
SAT,Math,ffdfe1e1,pdfs/SAT/Math/part-003.pdf,139
SAT,Math,d4950429,pdfs/SAT/Math/part-003.pdf,140
SAT,Math,752055d1,pdfs/SAT/Math/part-003.pdf,141
SAT,Math,d0a53ef5,pdfs/SAT/Math/part-003.pdf,142
SAT,Math,fcdf87b7,pdfs/SAT/Math/part-003.pdf,143
SAT,Math,3148fe3e,pdfs/SAT/Math/part-003.pdf,144
SAT,Math,271ffad7,pdfs/SAT/Math/part-003.pdf,145
SAT,Math,ee857afb,pdfs/SAT/Math/part-003.pdf,147
SAT,Math,a520ba07,pdfs/SAT/Math/part-003.pdf,148
SAT,Math,5b6af6b1,pdfs/SAT/Math/part-003.pdf,149
SAT,Math,652054da,pdfs/SAT/Math/part-003.pdf,150
SAT,Math,0380bbdc,pdfs/SAT/Math/part-003.pdf,151
SAT,Math,837e9da7,pdfs/SAT/Math/part-003.pdf,152
SAT,Math,58b4c6f3,pdfs/SAT/Math/part-003.pdf,153
SAT,Math,a255ae72,pdfs/SAT/Math/part-003.pdf,154
SAT,Math,dd3b1e1a,pdfs/SAT/Math/part-003.pdf,155
SAT,Math,3de7a7d7,pdfs/SAT/Math/part-003.pdf,156
SAT,Math,1e7a1deb,pdfs/SAT/Math/part-003.pdf,157
SAT,Math,70f98ab4,pdfs/SAT/Math/part-003.pdf,158
SAT,Math,7bbfbe70,pdfs/SAT/Math/part-003.pdf,159
SAT,Math,35e05e19,pdfs/SAT/Math/part-003.pdf,160
SAT,Math,2c05d312,pdfs/SAT/Math/part-003.pdf,161
SAT,Math,1fe32f7d,pdfs/SAT/Math/part-003.pdf,162
SAT,Math,a45ffacb,pdfs/SAT/Math/part-003.pdf,163
SAT,Math,95ed0b69,pdfs/SAT/Math/part-003.pdf,164
SAT,Math,463eec13,pdfs/SAT/Math/part-003.pdf,165
SAT,Math,821e724e,pdfs/SAT/Math/part-003.pdf,166
SAT,Math,341ba5db,pdfs/SAT/Math/part-003.pdf,167
SAT,Math,d8e84431,pdfs/SAT/Math/part-003.pdf,168
SAT,Math,18e35375,pdfs/SAT/Math/part-003.pdf,169
SAT,Math,c303ad23,pdfs/SAT/Math/part-003.pdf,170
SAT,Math,6e02cd78,pdfs/SAT/Math/part-003.pdf,171
SAT,Math,5da5c665,pdfs/SAT/Math/part-003.pdf,172
SAT,Math,15c364bf,pdfs/SAT/Math/part-003.pdf,173
SAT,Math,2cb17792,pdfs/SAT/Math/part-003.pdf,174
SAT,Math,ce508fb0,pdfs/SAT/Math/part-003.pdf,175
SAT,Math,a1e65979,pdfs/SAT/Math/part-003.pdf,176
SAT,Math,00165291,pdfs/SAT/Math/part-003.pdf,177
SAT,Math,74473be4,pdfs/SAT/Math/part-003.pdf,178
SAT,Math,b5c43226,pdfs/SAT/Math/part-003.pdf,179
SAT,Math,6bd40794,pdfs/SAT/Math/part-003.pdf,180
SAT,Math,13e5a5d5,pdfs/SAT/Math/part-003.pdf,181
SAT,Math,7bd10ef3,pdfs/SAT/Math/part-003.pdf,182
SAT,Math,2fec8bf4,pdfs/SAT/Math/part-003.pdf,183
SAT,Math,e166aca6,pdfs/SAT/Math/part-003.pdf,184
SAT,Math,de91a6fc,pdfs/SAT/Math/part-003.pdf,185
SAT,Math,f28944ff,pdfs/SAT/Math/part-003.pdf,186
SAT,Math,11ccf3e1,pdfs/SAT/Math/part-003.pdf,187
SAT,Math,50e40f08,pdfs/SAT/Math/part-003.pdf,188
SAT,Math,e11294f9,pdfs/SAT/Math/part-003.pdf,189
SAT,Math,772de699,pdfs/SAT/Math/part-003.pdf,190
SAT,Math,03ff48d2,pdfs/SAT/Math/part-003.pdf,191
SAT,Math,7028c74f,pdfs/SAT/Math/part-003.pdf,192
SAT,Math,cfff8f8e,pdfs/SAT/Math/part-003.pdf,193
SAT,Math,c4259674,pdfs/SAT/Math/part-003.pdf,194
SAT,Math,88867d37,pdfs/SAT/Math/part-003.pdf,195
SAT,Math,88a0c425,pdfs/SAT/Math/part-003.pdf,196
SAT,Math,13e57f0a,pdfs/SAT/Math/part-003.pdf,197
SAT,Math,02489d55,pdfs/SAT/Math/part-003.pdf,198
SAT,Math,be0c419e,pdfs/SAT/Math/part-003.pdf,199
SAT,Math,8462b105,pdfs/SAT/Math/part-003.pdf,200
SAT,Math,ce579859,pdfs/SAT/Math/part-003.pdf,201
SAT,Math,5355c0ef,pdfs/SAT/Math/part-003.pdf,202
SAT,Math,2f51abc2,pdfs/SAT/Math/part-003.pdf,203
SAT,Math,17d0e87d,pdfs/SAT/Math/part-003.pdf,204
SAT,Math,a1bf1c4e,pdfs/SAT/Math/part-003.pdf,205
SAT,Math,c81b6c57,pdfs/SAT/Math/part-003.pdf,206
SAT,Math,d139cf4b,pdfs/SAT/Math/part-003.pdf,207
SAT,Math,802549ac,pdfs/SAT/Math/part-003.pdf,208
SAT,Math,75a32330,pdfs/SAT/Math/part-003.pdf,209
SAT,Math,a4f61d75,pdfs/SAT/Math/part-003.pdf,212
SAT,Math,e1f9000d,pdfs/SAT/Math/part-003.pdf,213
SAT,Math,a31417d1,pdfs/SAT/Math/part-003.pdf,214
SAT,Math,66bce0c1,pdfs/SAT/Math/part-003.pdf,215
SAT,Math,97e50fa2,pdfs/SAT/Math/part-003.pdf,216
SAT,Math,6d04c89d,pdfs/SAT/Math/part-003.pdf,217
SAT,Math,c946d5bd,pdfs/SAT/Math/part-003.pdf,218
SAT,Math,ebb717ab,pdfs/SAT/Math/part-003.pdf,220
SAT,Math,e51bf5b1,pdfs/SAT/Math/part-003.pdf,221
SAT,Math,197bed38,pdfs/SAT/Math/part-003.pdf,222
SAT,Math,9afe2370,pdfs/SAT/Math/part-003.pdf,223
SAT,Math,60fdb4d4,pdfs/SAT/Math/part-003.pdf,224
SAT,Math,ad376f1a,pdfs/SAT/Math/part-003.pdf,225
SAT,Math,bd4d0e0c,pdfs/SAT/Math/part-003.pdf,226
SAT,Math,db888cd6,pdfs/SAT/Math/part-003.pdf,227
SAT,Math,df71424b,pdfs/SAT/Math/part-003.pdf,229
SAT,Math,6ecdbcb4,pdfs/SAT/Math/part-003.pdf,230
SAT,Math,7cb3a8ee,pdfs/SAT/Math/part-003.pdf,231
SAT,Math,967ef685,pdfs/SAT/Math/part-003.pdf,232
SAT,Math,0bebc08c,pdfs/SAT/Math/part-003.pdf,233
SAT,Math,c13016f9,pdfs/SAT/Math/part-003.pdf,234
SAT,Math,203774bc,pdfs/SAT/Math/part-003.pdf,235
SAT,Math,b7c74b73,pdfs/SAT/Math/part-003.pdf,236
SAT,Math,c1964c11,pdfs/SAT/Math/part-003.pdf,237
SAT,Math,3d12b1e0,pdfs/SAT/Math/part-003.pdf,238
SAT,Math,2c88af4d,pdfs/SAT/Math/part-003.pdf,239
SAT,Math,7d3a84bf,pdfs/SAT/Math/part-003.pdf,240
SAT,Math,c8db0e19,pdfs/SAT/Math/part-003.pdf,241
SAT,Math,c4cd5bcc,pdfs/SAT/Math/part-003.pdf,242
SAT,Math,dc77e0dc,pdfs/SAT/Math/part-003.pdf,243
SAT,Math,062f86db,pdfs/SAT/Math/part-003.pdf,244
SAT,Math,0a74365c,pdfs/SAT/Math/part-003.pdf,245
SAT,Math,5f10c095,pdfs/SAT/Math/part-003.pdf,246
SAT,Math,ffdbcad4,pdfs/SAT/Math/part-003.pdf,247
SAT,Math,735a0a00,pdfs/SAT/Math/part-003.pdf,248
SAT,Math,68607eca,pdfs/SAT/Math/part-003.pdf,249
SAT,Math,2d394c28,pdfs/SAT/Math/part-003.pdf,250
SAT,Math,71014fb1,pdfs/SAT/Math/part-003.pdf,251
SAT,Math,5639dd1a,pdfs/SAT/Math/part-003.pdf,252
SAT,Math,4a5af623,pdfs/SAT/Math/part-003.pdf,253
SAT,Math,22fd3e1f,pdfs/SAT/Math/part-003.pdf,254
SAT,Math,717a1964,pdfs/SAT/Math/part-003.pdf,255
SAT,Math,2b6c12eb,pdfs/SAT/Math/part-003.pdf,256
SAT,Math,4dc5c6f9,pdfs/SAT/Math/part-003.pdf,257
SAT,Math,78d5f91a,pdfs/SAT/Math/part-003.pdf,258
SAT,Math,d675744f,pdfs/SAT/Math/part-003.pdf,259
SAT,Math,79e6ec70,pdfs/SAT/Math/part-003.pdf,261
SAT,Math,a0b4103e,pdfs/SAT/Math/part-003.pdf,262
SAT,Math,5acbdc30,pdfs/SAT/Math/part-003.pdf,263
SAT,Math,5377d9cf,pdfs/SAT/Math/part-003.pdf,264
SAT,Math,565428e1,pdfs/SAT/Math/part-003.pdf,265
SAT,Math,2cd6b22d,pdfs/SAT/Math/part-003.pdf,266
SAT,Math,f2d60b99,pdfs/SAT/Math/part-003.pdf,267
SAT,Math,f880f910,pdfs/SAT/Math/part-003.pdf,268
SAT,Math,36b6f8ba,pdfs/SAT/Math/part-003.pdf,269
SAT,Math,e9349667,pdfs/SAT/Math/part-003.pdf,270
SAT,Math,67f4b449,pdfs/SAT/Math/part-003.pdf,271
SAT,Math,49efde89,pdfs/SAT/Math/part-003.pdf,272
SAT,Math,c95686e9,pdfs/SAT/Math/part-003.pdf,273
SAT,Math,44076c7d,pdfs/SAT/Math/part-003.pdf,274
SAT,Math,1f353a9e,pdfs/SAT/Math/part-003.pdf,275
SAT,Math,3f8d5876,pdfs/SAT/Math/part-003.pdf,276
SAT,Math,b03adde3,pdfs/SAT/Math/part-003.pdf,277
SAT,Math,1ce9ffcd,pdfs/SAT/Math/part-003.pdf,278
SAT,Math,104bff62,pdfs/SAT/Math/part-003.pdf,279
SAT,Math,270cf326,pdfs/SAT/Math/part-003.pdf,280
SAT,Math,fad2f98c,pdfs/SAT/Math/part-003.pdf,281
SAT,Math,769b612d,pdfs/SAT/Math/part-003.pdf,282
SAT,Math,a267bd29,pdfs/SAT/Math/part-003.pdf,283
SAT,Math,75915e3c,pdfs/SAT/Math/part-003.pdf,284
SAT,Math,f44a29a8,pdfs/SAT/Math/part-003.pdf,285
SAT,Math,d3f7c429,pdfs/SAT/Math/part-003.pdf,286
SAT,Math,92f812bb,pdfs/SAT/Math/part-003.pdf,287
SAT,Math,f547a8b1,pdfs/SAT/Math/part-003.pdf,288
SAT,Math,b8c4a1cd,pdfs/SAT/Math/part-003.pdf,289
SAT,Math,7bf77c19,pdfs/SAT/Math/part-003.pdf,290
SAT,Math,2f4eafcc,pdfs/SAT/Math/part-003.pdf,291
SAT,Math,7dbd46d9,pdfs/SAT/Math/part-003.pdf,292
SAT,Math,0121a235,pdfs/SAT/Math/part-003.pdf,293
SAT,Math,9da41c80,pdfs/SAT/Math/part-003.pdf,294
SAT,Math,7160cbb3,pdfs/SAT/Math/part-003.pdf,295
SAT,Math,d71f6dbf,pdfs/SAT/Math/part-003.pdf,296
SAT,Math,f123e039,pdfs/SAT/Math/part-003.pdf,297
SAT,Math,630897df,pdfs/SAT/Math/part-003.pdf,299
SAT,Math,20722644,pdfs/SAT/Math/part-003.pdf,300
SAT,Math,5805e747,pdfs/SAT/Math/part-003.pdf,301
SAT,Math,158591f0,pdfs/SAT/Math/part-003.pdf,302
SAT,Math,7fe7cf26,pdfs/SAT/Math/part-003.pdf,303
SAT,Math,bba18ecb,pdfs/SAT/Math/part-003.pdf,307
SAT,Math,668f1863,pdfs/SAT/Math/part-003.pdf,308
SAT,Math,70753f99,pdfs/SAT/Math/part-003.pdf,309
SAT,Math,c6e85cd7,pdfs/SAT/Math/part-003.pdf,310
SAT,Math,568aaf27,pdfs/SAT/Math/part-003.pdf,311
SAT,Math,6aefc52b,pdfs/SAT/Math/part-003.pdf,312
SAT,Math,04887c7b,pdfs/SAT/Math/part-003.pdf,313
SAT,Math,cef0eada,pdfs/SAT/Math/part-003.pdf,314
SAT,Math,55c5d3c2,pdfs/SAT/Math/part-003.pdf,315
SAT,Math,5e63b9cf,pdfs/SAT/Math/part-003.pdf,316
SAT,Math,6676f055,pdfs/SAT/Math/part-003.pdf,317
SAT,Math,53c07bf9,pdfs/SAT/Math/part-004.pdf,1
SAT,Math,29ed5d39,pdfs/SAT/Math/part-004.pdf,2
SAT,Math,90bcaa61,pdfs/SAT/Math/part-004.pdf,3
SAT,Math,895628b5,pdfs/SAT/Math/part-004.pdf,4
SAT,Math,8f82ad81,pdfs/SAT/Math/part-004.pdf,5
SAT,Math,26eb61c1,pdfs/SAT/Math/part-004.pdf,6
SAT,Math,c9417793,pdfs/SAT/Math/part-004.pdf,7
SAT,Math,8f65cddc,pdfs/SAT/Math/part-004.pdf,8
SAT,Math,2926cc6d,pdfs/SAT/Math/part-004.pdf,9
SAT,Math,dd8ac009,pdfs/SAT/Math/part-004.pdf,10
SAT,Math,3cce51ea,pdfs/SAT/Math/part-004.pdf,11
SAT,Math,58dcc59f,pdfs/SAT/Math/part-004.pdf,12
SAT,Math,2d1614a1,pdfs/SAT/Math/part-004.pdf,13
SAT,Math,d0e8e8f5,pdfs/SAT/Math/part-004.pdf,14
SAT,Math,9ed9f54d,pdfs/SAT/Math/part-004.pdf,15
SAT,Math,7a8cb72a,pdfs/SAT/Math/part-004.pdf,16
SAT,Math,dbe9b217,pdfs/SAT/Math/part-004.pdf,17
SAT,Math,16aa9758,pdfs/SAT/Math/part-004.pdf,18
SAT,Math,18c7c3e0,pdfs/SAT/Math/part-004.pdf,19
SAT,Math,30281058,pdfs/SAT/Math/part-004.pdf,20
SAT,Math,42f19012,pdfs/SAT/Math/part-004.pdf,21
SAT,Math,294db8ec,pdfs/SAT/Math/part-004.pdf,22
SAT,Math,2f8a580c,pdfs/SAT/Math/part-004.pdf,23
SAT,Math,84dd43f8,pdfs/SAT/Math/part-004.pdf,24
SAT,Math,9ff88bb5,pdfs/SAT/Math/part-004.pdf,25
SAT,Math,94ff3e2d,pdfs/SAT/Math/part-004.pdf,27
SAT,Math,59d1f4b5,pdfs/SAT/Math/part-004.pdf,28
SAT,Math,281a4f3b,pdfs/SAT/Math/part-004.pdf,29
SAT,Math,4fb8a648,pdfs/SAT/Math/part-004.pdf,30
SAT,Math,72ae8a87,pdfs/SAT/Math/part-004.pdf,31
SAT,Math,5ae4803e,pdfs/SAT/Math/part-004.pdf,32
SAT,Math,133f3e41,pdfs/SAT/Math/part-004.pdf,33
SAT,Math,f237ccfc,pdfs/SAT/Math/part-004.pdf,34
SAT,Math,a391ed22,pdfs/SAT/Math/part-004.pdf,35
SAT,Math,b3b07f0c,pdfs/SAT/Math/part-004.pdf,36
SAT,Math,01668cd6,pdfs/SAT/Math/part-004.pdf,37
SAT,Math,95eeeb5b,pdfs/SAT/Math/part-004.pdf,38
SAT,Math,c77ef2fb,pdfs/SAT/Math/part-004.pdf,39
SAT,Math,7399c3b0,pdfs/SAT/Math/part-004.pdf,40
SAT,Math,99c5e794,pdfs/SAT/Math/part-004.pdf,41
SAT,Math,5ae186b4,pdfs/SAT/Math/part-004.pdf,42
SAT,Math,b76a2815,pdfs/SAT/Math/part-004.pdf,43
SAT,Math,364a2d25,pdfs/SAT/Math/part-004.pdf,44
SAT,Math,1be909aa,pdfs/SAT/Math/part-004.pdf,45
SAT,Math,bdb0aa23,pdfs/SAT/Math/part-004.pdf,46
SAT,Math,100030d9,pdfs/SAT/Math/part-004.pdf,47
SAT,Math,09f58996,pdfs/SAT/Math/part-004.pdf,48
SAT,Math,d84a514a,pdfs/SAT/Math/part-004.pdf,49
SAT,Math,beb86a0c,pdfs/SAT/Math/part-004.pdf,50
SAT,Math,5910bfff,pdfs/SAT/Math/part-004.pdf,51
SAT,Math,7ba694f3,pdfs/SAT/Math/part-004.pdf,52
SAT,Math,fbb96bb1,pdfs/SAT/Math/part-004.pdf,53
SAT,Math,63c00e2b,pdfs/SAT/Math/part-004.pdf,54
SAT,Math,6e06a0a7,pdfs/SAT/Math/part-004.pdf,55
SAT,Math,ad038c19,pdfs/SAT/Math/part-004.pdf,56
SAT,Math,c7a187a7,pdfs/SAT/Math/part-004.pdf,57
SAT,Math,ebe4bde0,pdfs/SAT/Math/part-004.pdf,58
SAT,Math,ef926848,pdfs/SAT/Math/part-004.pdf,59
SAT,Math,77c0cced,pdfs/SAT/Math/part-004.pdf,60
SAT,Math,635f54ee,pdfs/SAT/Math/part-004.pdf,61
SAT,Math,c99d154a,pdfs/SAT/Math/part-004.pdf,62
SAT,Math,a26c29f7,pdfs/SAT/Math/part-004.pdf,63
SAT,Math,99269e03,pdfs/SAT/Math/part-004.pdf,64
SAT,Math,a1262cdb,pdfs/SAT/Math/part-004.pdf,65
SAT,Math,893c7519,pdfs/SAT/Math/part-004.pdf,66
SAT,Math,0980fcdd,pdfs/SAT/Math/part-004.pdf,67
SAT,Math,e1391dd6,pdfs/SAT/Math/part-004.pdf,68
SAT,Math,3c600337,pdfs/SAT/Math/part-004.pdf,69
SAT,Math,3ea87153,pdfs/SAT/Math/part-004.pdf,70
SAT,Math,290cdc2c,pdfs/SAT/Math/part-004.pdf,71
SAT,Math,abc61109,pdfs/SAT/Math/part-004.pdf,72
SAT,Math,87a3de81,pdfs/SAT/Math/part-004.pdf,73
SAT,Math,499cb491,pdfs/SAT/Math/part-004.pdf,74
SAT,Math,d46da42c,pdfs/SAT/Math/part-004.pdf,75
SAT,Math,4209aefe,pdfs/SAT/Math/part-004.pdf,77
SAT,Math,482a445b,pdfs/SAT/Math/part-004.pdf,78
SAT,Math,f1fa0821,pdfs/SAT/Math/part-004.pdf,79
SAT,Math,9833d0e3,pdfs/SAT/Math/part-004.pdf,80
SAT,Math,1697ffcf,pdfs/SAT/Math/part-004.pdf,81
SAT,Math,5bf0f84a,pdfs/SAT/Math/part-004.pdf,82
SAT,Math,4b6f0a3f,pdfs/SAT/Math/part-004.pdf,83
SAT,Math,c048055c,pdfs/SAT/Math/part-004.pdf,84
SAT,Math,70ebd3d0,pdfs/SAT/Math/part-004.pdf,85
SAT,Math,91aa9aa9,pdfs/SAT/Math/part-004.pdf,86
SAT,Math,70fb357b,pdfs/SAT/Math/part-004.pdf,87
SAT,Math,20291f47,pdfs/SAT/Math/part-004.pdf,88
SAT,Math,42f8e4b4,pdfs/SAT/Math/part-004.pdf,89
SAT,Math,0f9f8ea7,pdfs/SAT/Math/part-004.pdf,90
SAT,Math,a67a439d,pdfs/SAT/Math/part-004.pdf,91
SAT,Math,de39858a,pdfs/SAT/Math/part-004.pdf,92
SAT,Math,2683b5db,pdfs/SAT/Math/part-004.pdf,93
SAT,Math,d41cf4d3,pdfs/SAT/Math/part-004.pdf,94
SAT,Math,1178f2df,pdfs/SAT/Math/part-004.pdf,95
SAT,Math,ce940f80,pdfs/SAT/Math/part-004.pdf,96
SAT,Math,45df91ee,pdfs/SAT/Math/part-004.pdf,97
SAT,Math,c8a5c221,pdfs/SAT/Math/part-004.pdf,98
SAT,Math,f8871ccd,pdfs/SAT/Math/part-004.pdf,99
SAT,Math,67e866b5,pdfs/SAT/Math/part-004.pdf,100
SAT,Math,40f2e601,pdfs/SAT/Math/part-004.pdf,101
SAT,Math,fd65f47f,pdfs/SAT/Math/part-004.pdf,102
SAT,Math,7f87deff,pdfs/SAT/Math/part-004.pdf,103
SAT,Math,97158b3a,pdfs/SAT/Math/part-004.pdf,104
SAT,Math,84e8cc72,pdfs/SAT/Math/part-004.pdf,105
SAT,Math,0ad5012e,pdfs/SAT/Math/part-004.pdf,106
SAT,Math,5c7d5744,pdfs/SAT/Math/part-004.pdf,107
SAT,Math,12e7faf8,pdfs/SAT/Math/part-004.pdf,108
SAT,Math,24016dee,pdfs/SAT/Math/part-004.pdf,109
SAT,Math,89fc23af,pdfs/SAT/Math/part-004.pdf,110
SAT,Math,9a1f1941,pdfs/SAT/Math/part-004.pdf,111
SAT,Math,041eda89,pdfs/SAT/Math/part-004.pdf,112
SAT,Math,d8ace155,pdfs/SAT/Math/part-004.pdf,113
SAT,Math,c3a72da5,pdfs/SAT/Math/part-004.pdf,114
SAT,Math,5a74f696,pdfs/SAT/Math/part-004.pdf,115
SAT,Math,911c415b,pdfs/SAT/Math/part-004.pdf,116
SAT,Math,1863e3be,pdfs/SAT/Math/part-004.pdf,117
SAT,Math,dba7432e,pdfs/SAT/Math/part-004.pdf,118
SAT,Math,b74f2feb,pdfs/SAT/Math/part-004.pdf,119
SAT,Math,16de54c7,pdfs/SAT/Math/part-004.pdf,120
SAT,Math,2f958af9,pdfs/SAT/Math/part-004.pdf,121
SAT,Math,4d425cef,pdfs/SAT/Math/part-004.pdf,122
SAT,Math,cbc4c163,pdfs/SAT/Math/part-004.pdf,123
SAT,Math,5edc8c98,pdfs/SAT/Math/part-004.pdf,124
SAT,Math,c7789423,pdfs/SAT/Math/part-004.pdf,125
SAT,Math,ca4ee54e,pdfs/SAT/Math/part-004.pdf,126
SAT,Math,d9137a84,pdfs/SAT/Math/part-004.pdf,128
SAT,Math,876a731c,pdfs/SAT/Math/part-004.pdf,129
SAT,Math,cd358b89,pdfs/SAT/Math/part-004.pdf,130
SAT,Math,f89e1d6f,pdfs/SAT/Math/part-004.pdf,131
SAT,Math,ff2e5c76,pdfs/SAT/Math/part-004.pdf,132
SAT,Math,c5d83a99,pdfs/SAT/Math/part-004.pdf,133
SAT,Math,c8bf5313,pdfs/SAT/Math/part-004.pdf,134
SAT,Math,c1eead73,pdfs/SAT/Math/part-004.pdf,135
SAT,Math,3934dd0a,pdfs/SAT/Math/part-004.pdf,136
SAT,Math,df0ef054,pdfs/SAT/Math/part-004.pdf,137
SAT,Math,f1c81b3b,pdfs/SAT/Math/part-004.pdf,138
SAT,Math,bef4b1c6,pdfs/SAT/Math/part-004.pdf,139
SAT,Math,c19d1fb0,pdfs/SAT/Math/part-004.pdf,140
SAT,Math,3e9cc0c2,pdfs/SAT/Math/part-004.pdf,141
SAT,Math,2c5c22d0,pdfs/SAT/Math/part-004.pdf,142
SAT,Math,f678483b,pdfs/SAT/Math/part-004.pdf,143
SAT,Math,7348f046,pdfs/SAT/Math/part-004.pdf,144
SAT,Math,0aaef7aa,pdfs/SAT/Math/part-004.pdf,145
SAT,Math,928498f3,pdfs/SAT/Math/part-004.pdf,146
SAT,Math,26e83bbc,pdfs/SAT/Math/part-004.pdf,147
SAT,Math,b7cd6ca6,pdfs/SAT/Math/part-004.pdf,148
SAT,Math,04b985e6,pdfs/SAT/Math/part-004.pdf,149
SAT,Math,b47419f4,pdfs/SAT/Math/part-004.pdf,150
SAT,Math,fc3dfa26,pdfs/SAT/Math/part-004.pdf,151
SAT,Math,8838a672,pdfs/SAT/Math/part-004.pdf,153
SAT,Math,eb268057,pdfs/SAT/Math/part-004.pdf,154
SAT,Math,f76c1858,pdfs/SAT/Math/part-004.pdf,155
SAT,Math,6d9e01a2,pdfs/SAT/Math/part-004.pdf,156
SAT,Math,0af701e7,pdfs/SAT/Math/part-004.pdf,157
SAT,Math,9f2ecade,pdfs/SAT/Math/part-004.pdf,158
SAT,Math,dd3a910a,pdfs/SAT/Math/part-004.pdf,159
SAT,Math,2cf7f039,pdfs/SAT/Math/part-004.pdf,160
SAT,Math,0b3d25c5,pdfs/SAT/Math/part-004.pdf,161
SAT,Math,083ef63a,pdfs/SAT/Math/part-004.pdf,162
SAT,Math,d45572cc,pdfs/SAT/Math/part-004.pdf,163
SAT,Math,6011a3f8,pdfs/SAT/Math/part-004.pdf,164
SAT,Math,0e61101e,pdfs/SAT/Math/part-004.pdf,165
SAT,Math,e117d3b8,pdfs/SAT/Math/part-004.pdf,166
SAT,Math,f44b4125,pdfs/SAT/Math/part-004.pdf,167
SAT,Math,7a6d06bf,pdfs/SAT/Math/part-004.pdf,168
SAT,Math,04bbce67,pdfs/SAT/Math/part-004.pdf,169
SAT,Math,4880eecb,pdfs/SAT/Math/part-004.pdf,170
SAT,Math,e8779461,pdfs/SAT/Math/part-004.pdf,171
SAT,Math,50338a48,pdfs/SAT/Math/part-004.pdf,172
SAT,Math,98f735f2,pdfs/SAT/Math/part-004.pdf,173
SAT,Math,79ba511a,pdfs/SAT/Math/part-004.pdf,174
SAT,Math,30596346,pdfs/SAT/Math/part-004.pdf,175
SAT,Math,dcf63c94,pdfs/SAT/Math/part-004.pdf,176
SAT,Math,26f5269a,pdfs/SAT/Math/part-004.pdf,177
SAT,Math,50418728,pdfs/SAT/Math/part-004.pdf,178
SAT,Math,9cb9beec,pdfs/SAT/Math/part-004.pdf,179
SAT,Math,f5e8ccf1,pdfs/SAT/Math/part-004.pdf,180
SAT,Math,fe62f031,pdfs/SAT/Math/part-004.pdf,182
SAT,Math,127b2759,pdfs/SAT/Math/part-004.pdf,183
SAT,Math,02c67921,pdfs/SAT/Math/part-004.pdf,184
SAT,Math,efc469c4,pdfs/SAT/Math/part-004.pdf,185
SAT,Math,2b1a27cd,pdfs/SAT/Math/part-004.pdf,186
SAT,Math,1073d70c,pdfs/SAT/Math/part-004.pdf,187
SAT,Math,dc67c130,pdfs/SAT/Math/part-004.pdf,188
SAT,Math,fb96a5b3,pdfs/SAT/Math/part-004.pdf,189
SAT,Math,aa95fb33,pdfs/SAT/Math/part-004.pdf,190
SAT,Math,09e5e4d3,pdfs/SAT/Math/part-004.pdf,193
SAT,Math,1fe10d97,pdfs/SAT/Math/part-004.pdf,194
SAT,Math,5f07b257,pdfs/SAT/Math/part-004.pdf,195
SAT,Math,6acdcece,pdfs/SAT/Math/part-004.pdf,196
SAT,Math,7355b9d9,pdfs/SAT/Math/part-004.pdf,197
SAT,Math,b73ee6cf,pdfs/SAT/Math/part-004.pdf,198
SAT,Math,08d03fe4,pdfs/SAT/Math/part-004.pdf,199
SAT,Math,df747160,pdfs/SAT/Math/part-004.pdf,200
SAT,Math,befeb95f,pdfs/SAT/Math/part-004.pdf,201
SAT,Math,3918e8bc,pdfs/SAT/Math/part-004.pdf,202
SAT,Math,d964bc26,pdfs/SAT/Math/part-004.pdf,203
SAT,Math,1dd13816,pdfs/SAT/Math/part-004.pdf,204
SAT,Math,2289b199,pdfs/SAT/Math/part-004.pdf,205
SAT,Math,e597050f,pdfs/SAT/Math/part-004.pdf,206
SAT,Math,7eed640d,pdfs/SAT/Math/part-004.pdf,207
SAT,Math,494d247d,pdfs/SAT/Math/part-004.pdf,208
SAT,Math,30a07668,pdfs/SAT/Math/part-004.pdf,209
SAT,Math,2d2ab76b,pdfs/SAT/Math/part-004.pdf,210
SAT,Math,de362c2f,pdfs/SAT/Math/part-004.pdf,211
SAT,Math,5dd53f73,pdfs/SAT/Math/part-004.pdf,212
SAT,Math,da602115,pdfs/SAT/Math/part-004.pdf,213
SAT,Math,43926bd9,pdfs/SAT/Math/part-004.pdf,214
SAT,Math,1e8d7183,pdfs/SAT/Math/part-004.pdf,215
SAT,Math,044c1cb7,pdfs/SAT/Math/part-004.pdf,216
SAT,Math,7e5a3640,pdfs/SAT/Math/part-004.pdf,217
SAT,Math,fc2ec559,pdfs/SAT/Math/part-004.pdf,218
SAT,Math,faeae876,pdfs/SAT/Math/part-004.pdf,219
SAT,Math,0354c7de,pdfs/SAT/Math/part-004.pdf,220
SAT,Math,4d037075,pdfs/SAT/Math/part-004.pdf,221
SAT,Math,39652e93,pdfs/SAT/Math/part-004.pdf,223
SAT,Math,f25a34aa,pdfs/SAT/Math/part-004.pdf,224
SAT,Math,4d7064a6,pdfs/SAT/Math/part-004.pdf,225
SAT,Math,4eaf0a3a,pdfs/SAT/Math/part-004.pdf,226
SAT,Math,c8e9a011,pdfs/SAT/Math/part-004.pdf,227
SAT,Math,52e589f9,pdfs/SAT/Math/part-004.pdf,228
SAT,Math,7e6ea718,pdfs/SAT/Math/part-004.pdf,229
SAT,Math,a58232b7,pdfs/SAT/Math/part-004.pdf,230
SAT,Math,4993b828,pdfs/SAT/Math/part-004.pdf,231
SAT,Math,508344ac,pdfs/SAT/Math/part-004.pdf,232
SAT,Math,1853bb35,pdfs/SAT/Math/part-004.pdf,233
SAT,Math,a54753ca,pdfs/SAT/Math/part-004.pdf,234
SAT,Math,c602140f,pdfs/SAT/Math/part-004.pdf,235
SAT,Math,fcb78856,pdfs/SAT/Math/part-004.pdf,236
SAT,Math,a8ae0d22,pdfs/SAT/Math/part-004.pdf,237
SAT,Math,782a8a53,pdfs/SAT/Math/part-004.pdf,238
SAT,Math,cec36caf,pdfs/SAT/Math/part-004.pdf,239
SAT,Math,fd4b2aa0,pdfs/SAT/Math/part-004.pdf,240
SAT,Math,3e28a622,pdfs/SAT/Math/part-004.pdf,241
SAT,Math,981aca65,pdfs/SAT/Math/part-004.pdf,242
SAT,Math,bf704c34,pdfs/SAT/Math/part-004.pdf,243
SAT,Math,4236c5a3,pdfs/SAT/Math/part-004.pdf,244
SAT,Math,161126cf,pdfs/SAT/Math/part-004.pdf,245
SAT,Math,a7711fe8,pdfs/SAT/Math/part-004.pdf,246
SAT,Math,7a4475df,pdfs/SAT/Math/part-004.pdf,247
SAT,Math,3b4b8831,pdfs/SAT/Math/part-004.pdf,248
SAT,Math,f5247e52,pdfs/SAT/Math/part-004.pdf,249
SAT,Math,1a722d7d,pdfs/SAT/Math/part-004.pdf,250
SAT,Math,be1b8c74,pdfs/SAT/Math/part-004.pdf,252
SAT,Math,b5ebd31c,pdfs/SAT/Math/part-004.pdf,253
SAT,Math,f11ffa93,pdfs/SAT/Math/part-004.pdf,254
SAT,Math,3a01a5ee,pdfs/SAT/Math/part-004.pdf,255
SAT,Math,6e7ae9fc,pdfs/SAT/Math/part-004.pdf,256
SAT,Math,0de8359f,pdfs/SAT/Math/part-004.pdf,257
SAT,Math,ee05c84e,pdfs/SAT/Math/part-004.pdf,258
SAT,Math,5d93c782,pdfs/SAT/Math/part-004.pdf,259
SAT,Math,5c00c2c1,pdfs/SAT/Math/part-004.pdf,260
SAT,Math,974d33dc,pdfs/SAT/Math/part-004.pdf,261
SAT,Math,405c5ced,pdfs/SAT/Math/part-004.pdf,262
SAT,Math,d4d513ff,pdfs/SAT/Math/part-004.pdf,263
SAT,Math,48f83c34,pdfs/SAT/Math/part-004.pdf,264
SAT,Math,58b109d4,pdfs/SAT/Math/part-004.pdf,265
SAT,Math,85939da5,pdfs/SAT/Math/part-004.pdf,266
SAT,Math,3c8fdc40,pdfs/SAT/Math/part-004.pdf,267
SAT,Math,eccbf957,pdfs/SAT/Math/part-004.pdf,268
SAT,Math,affb2315,pdfs/SAT/Math/part-004.pdf,269
SAT,Math,954943a4,pdfs/SAT/Math/part-004.pdf,270
SAT,Math,1baffbcf,pdfs/SAT/Math/part-004.pdf,271
SAT,Math,a5b069b4,pdfs/SAT/Math/part-004.pdf,272
SAT,Math,b1b5300b,pdfs/SAT/Math/part-004.pdf,273
SAT,Math,d28c29e1,pdfs/SAT/Math/part-004.pdf,274
SAT,Math,1adb39f0,pdfs/SAT/Math/part-004.pdf,275
SAT,Math,555939d2,pdfs/SAT/Math/part-004.pdf,276
SAT,Math,3f5398a6,pdfs/SAT/Math/part-004.pdf,277
SAT,Math,b4912cc5,pdfs/SAT/Math/part-004.pdf,278
SAT,Math,f890dc20,pdfs/SAT/Math/part-004.pdf,279
SAT,Math,d3b9c8d8,pdfs/SAT/Math/part-004.pdf,280
SAT,Math,65c49824,pdfs/SAT/Math/part-004.pdf,281
SAT,Math,825b7490,pdfs/SAT/Math/part-004.pdf,282
SAT,Math,86636d8f,pdfs/SAT/Math/part-004.pdf,283
SAT,Math,608cf8e2,pdfs/SAT/Math/part-004.pdf,284
SAT,Math,fe4c1c9e,pdfs/SAT/Math/part-004.pdf,286
SAT,Math,1ea09200,pdfs/SAT/Math/part-004.pdf,287
SAT,Math,82aaa0a1,pdfs/SAT/Math/part-004.pdf,288
SAT,Math,37930b2a,pdfs/SAT/Math/part-004.pdf,289
SAT,Math,83272c51,pdfs/SAT/Math/part-004.pdf,290
SAT,Math,3310c2ab,pdfs/SAT/Math/part-004.pdf,291
SAT,Math,4c774b00,pdfs/SAT/Math/part-004.pdf,292
SAT,Math,1353b86e,pdfs/SAT/Math/part-004.pdf,294
SAT,Math,29fa7970,pdfs/SAT/Math/part-004.pdf,295
SAT,Math,d89c1513,pdfs/SAT/Math/part-004.pdf,296
SAT,Math,52f9a246,pdfs/SAT/Math/part-004.pdf,297
SAT,Math,000259aa,pdfs/SAT/Math/part-004.pdf,298
SAT,Math,a456cfd2,pdfs/SAT/Math/part-004.pdf,299
SAT,Math,e1ad3d41,pdfs/SAT/Math/part-004.pdf,300
SAT,Math,3726e079,pdfs/SAT/Math/part-004.pdf,301
SAT,Math,8baf2118,pdfs/SAT/Math/part-004.pdf,302
SAT,Math,05195d8a,pdfs/SAT/Math/part-004.pdf,304
SAT,Math,ac5b6558,pdfs/SAT/Math/part-004.pdf,305
SAT,Math,28ff3966,pdfs/SAT/Math/part-004.pdf,306
SAT,Math,46545dd6,pdfs/SAT/Math/part-004.pdf,307
SAT,Math,58a71e06,pdfs/SAT/Math/part-004.pdf,308
SAT,Math,4aaa9c42,pdfs/SAT/Math/part-004.pdf,309
SAT,Math,16cea46c,pdfs/SAT/Math/part-004.pdf,310
SAT,Math,fb866265,pdfs/SAT/Math/part-004.pdf,311
SAT,Math,bd90f87e,pdfs/SAT/Math/part-004.pdf,312
SAT,Math,15d87c0f,pdfs/SAT/Math/part-005.pdf,1
SAT,Math,312ba47c,pdfs/SAT/Math/part-005.pdf,3
SAT,Math,0ea56bb2,pdfs/SAT/Math/part-005.pdf,4
SAT,Math,90eed2e5,pdfs/SAT/Math/part-005.pdf,5
SAT,Math,8e528129,pdfs/SAT/Math/part-005.pdf,6
SAT,Math,15617f62,pdfs/SAT/Math/part-005.pdf,7
SAT,Math,8736334b,pdfs/SAT/Math/part-005.pdf,8
SAT,Math,0231050d,pdfs/SAT/Math/part-005.pdf,9
SAT,Math,be35c117,pdfs/SAT/Math/part-005.pdf,10
SAT,Math,4a2264b3,pdfs/SAT/Math/part-005.pdf,11
SAT,Math,e3d49511,pdfs/SAT/Math/part-005.pdf,12
SAT,Math,3e1bd4e2,pdfs/SAT/Math/part-005.pdf,13
SAT,Math,b680e76d,pdfs/SAT/Math/part-005.pdf,14
SAT,Math,53d97af5,pdfs/SAT/Math/part-005.pdf,15
SAT,Math,15ce8207,pdfs/SAT/Math/part-005.pdf,16
SAT,Math,d4413871,pdfs/SAT/Math/part-005.pdf,20
SAT,Math,0301c5dc,pdfs/SAT/Math/part-005.pdf,21
SAT,Math,0ae37ff3,pdfs/SAT/Math/part-005.pdf,22
SAT,Math,c88e0663,pdfs/SAT/Math/part-005.pdf,23
SAT,Math,9bb4107c,pdfs/SAT/Math/part-005.pdf,24
SAT,Math,3f2ee20a,pdfs/SAT/Math/part-005.pdf,25
SAT,Math,993000da,pdfs/SAT/Math/part-005.pdf,26
SAT,Math,f6c18a66,pdfs/SAT/Math/part-005.pdf,27
SAT,Math,fe6a49d6,pdfs/SAT/Math/part-005.pdf,28
SAT,Math,632cf8f9,pdfs/SAT/Math/part-005.pdf,29
SAT,Math,d0efc1dd,pdfs/SAT/Math/part-005.pdf,31
SAT,Math,80f1f3a9,pdfs/SAT/Math/part-005.pdf,32
SAT,Math,e9fb7774,pdfs/SAT/Math/part-005.pdf,33
SAT,Math,190be2fc,pdfs/SAT/Math/part-005.pdf,34
SAT,Math,3f236a64,pdfs/SAT/Math/part-005.pdf,35
SAT,Math,8705ecba,pdfs/SAT/Math/part-005.pdf,36
SAT,Math,2e74e403,pdfs/SAT/Math/part-005.pdf,37
SAT,Math,f8f79e11,pdfs/SAT/Math/part-005.pdf,39
SAT,Math,da9ffcf6,pdfs/SAT/Math/part-005.pdf,40
SAT,Math,db88a933,pdfs/SAT/Math/part-005.pdf,41
SAT,Math,2e8027b0,pdfs/SAT/Math/part-005.pdf,43
SAT,Math,c178d4da,pdfs/SAT/Math/part-005.pdf,45
SAT,Math,2c76bcce,pdfs/SAT/Math/part-005.pdf,46
SAT,Math,9fa781f8,pdfs/SAT/Math/part-005.pdf,47
SAT,Math,9a144a01,pdfs/SAT/Math/part-005.pdf,48
SAT,Math,022e9894,pdfs/SAT/Math/part-005.pdf,49
SAT,Math,457d2f2c,pdfs/SAT/Math/part-005.pdf,50
SAT,Math,e24765e6,pdfs/SAT/Math/part-005.pdf,51
SAT,Math,47624288,pdfs/SAT/Math/part-005.pdf,52
SAT,Math,6310adbc,pdfs/SAT/Math/part-005.pdf,53
SAT,Math,e438ec3f,pdfs/SAT/Math/part-005.pdf,54
SAT,Math,63573fea,pdfs/SAT/Math/part-005.pdf,55
SAT,Math,191d167b,pdfs/SAT/Math/part-005.pdf,56
SAT,Math,03a16790,pdfs/SAT/Math/part-005.pdf,57
SAT,Math,60caadfd,pdfs/SAT/Math/part-005.pdf,59
SAT,Math,c3d65f93,pdfs/SAT/Math/part-005.pdf,60
SAT,Math,b4f5a7ca,pdfs/SAT/Math/part-005.pdf,61
SAT,Math,d73a67d7,pdfs/SAT/Math/part-005.pdf,62
SAT,Math,93724cc6,pdfs/SAT/Math/part-005.pdf,63
SAT,Math,d6af3572,pdfs/SAT/Math/part-005.pdf,64
SAT,Math,2d16d62c,pdfs/SAT/Math/part-005.pdf,65
SAT,Math,89ff6a0a,pdfs/SAT/Math/part-005.pdf,66
SAT,Math,69f6717f,pdfs/SAT/Math/part-005.pdf,67
SAT,Math,35bec412,pdfs/SAT/Math/part-005.pdf,68
SAT,Math,74dee52b,pdfs/SAT/Math/part-005.pdf,69
SAT,Math,c3d78831,pdfs/SAT/Math/part-005.pdf,70
SAT,Math,8bb94668,pdfs/SAT/Math/part-005.pdf,71
SAT,Math,b5bc47d5,pdfs/SAT/Math/part-005.pdf,72
SAT,Math,fea831fc,pdfs/SAT/Math/part-005.pdf,73
SAT,Math,aeeaec96,pdfs/SAT/Math/part-005.pdf,74
SAT,Math,6c9444cd,pdfs/SAT/Math/part-005.pdf,75
SAT,Math,9d88a3e3,pdfs/SAT/Math/part-005.pdf,76
SAT,Math,e03f3477,pdfs/SAT/Math/part-005.pdf,77
SAT,Math,dbd89c59,pdfs/SAT/Math/part-005.pdf,78
SAT,Math,d693f563,pdfs/SAT/Math/part-005.pdf,80
SAT,Math,f46139df,pdfs/SAT/Math/part-005.pdf,81
SAT,Math,07f2829b,pdfs/SAT/Math/part-005.pdf,82
SAT,Math,e5b5fbdd,pdfs/SAT/Math/part-005.pdf,83
SAT,Math,d65b9a87,pdfs/SAT/Math/part-005.pdf,84
SAT,Math,7ac5d686,pdfs/SAT/Math/part-005.pdf,85
SAT,Math,1fc4f47b,pdfs/SAT/Math/part-005.pdf,86
SAT,Math,e7133228,pdfs/SAT/Math/part-005.pdf,87
SAT,Math,2905ded0,pdfs/SAT/Math/part-005.pdf,88
SAT,Math,bb7c8186,pdfs/SAT/Math/part-005.pdf,89
SAT,Math,d230e963,pdfs/SAT/Math/part-005.pdf,90
SAT,Math,181cc4d6,pdfs/SAT/Math/part-005.pdf,92
SAT,Math,241f1db7,pdfs/SAT/Math/part-005.pdf,93
SAT,Math,578e26ae,pdfs/SAT/Math/part-005.pdf,95
SAT,Math,e9841407,pdfs/SAT/Math/part-005.pdf,96
SAT,Math,7fd284ac,pdfs/SAT/Math/part-005.pdf,97
SAT,Math,0d125b35,pdfs/SAT/Math/part-005.pdf,98
SAT,Math,1fbd3b67,pdfs/SAT/Math/part-005.pdf,99
SAT,Math,1b403590,pdfs/SAT/Math/part-005.pdf,100
SAT,Math,c81499e1,pdfs/SAT/Math/part-005.pdf,101
SAT,Math,a2162ea1,pdfs/SAT/Math/part-005.pdf,102
SAT,Math,ecbdbe84,pdfs/SAT/Math/part-005.pdf,103
SAT,Math,f8a322d9,pdfs/SAT/Math/part-005.pdf,104
SAT,Math,e7d9649f,pdfs/SAT/Math/part-005.pdf,106
SAT,Math,2df8f293,pdfs/SAT/Math/part-005.pdf,107
SAT,Math,7cab9fe1,pdfs/SAT/Math/part-005.pdf,108
SAT,Math,ec7b0eb8,pdfs/SAT/Math/part-005.pdf,109
SAT,Math,0700a2d5,pdfs/SAT/Math/part-005.pdf,110
SAT,Math,3638f413,pdfs/SAT/Math/part-005.pdf,111
SAT,Math,e17babed,pdfs/SAT/Math/part-005.pdf,112
SAT,Math,12dae628,pdfs/SAT/Math/part-005.pdf,113
SAT,Math,1142af44,pdfs/SAT/Math/part-005.pdf,114
SAT,Math,79201024,pdfs/SAT/Math/part-005.pdf,115
SAT,Math,445dd032,pdfs/SAT/Math/part-005.pdf,116
SAT,Math,121dc44f,pdfs/SAT/Math/part-005.pdf,117
SAT,Math,1e8ccffd,pdfs/SAT/Math/part-005.pdf,118
SAT,Math,a29e89fc,pdfs/SAT/Math/part-005.pdf,119
SAT,Math,9bedc4a0,pdfs/SAT/Math/part-005.pdf,120
SAT,Math,1e1027a7,pdfs/SAT/Math/part-005.pdf,121
SAT,Math,fe1ec415,pdfs/SAT/Math/part-005.pdf,122
SAT,Math,f85bbf7a,pdfs/SAT/Math/part-005.pdf,123
SAT,Math,ba62b0b0,pdfs/SAT/Math/part-005.pdf,124
SAT,Math,939c46d1,pdfs/SAT/Math/part-005.pdf,125
SAT,Math,29c177e6,pdfs/SAT/Math/part-005.pdf,126
SAT,Math,13f67ddc,pdfs/SAT/Math/part-005.pdf,127
SAT,Math,ea95087d,pdfs/SAT/Math/part-005.pdf,128
SAT,Math,fc46af57,pdfs/SAT/Math/part-005.pdf,129
SAT,Math,e7d48c8a,pdfs/SAT/Math/part-005.pdf,130
SAT,Math,7b65bb28,pdfs/SAT/Math/part-005.pdf,132
SAT,Math,8a714fa1,pdfs/SAT/Math/part-005.pdf,133
SAT,Math,7cd1c6db,pdfs/SAT/Math/part-005.pdf,134
SAT,Math,8784bc84,pdfs/SAT/Math/part-005.pdf,135
SAT,Math,8637294f,pdfs/SAT/Math/part-005.pdf,136
SAT,Math,8e2e424e,pdfs/SAT/Math/part-005.pdf,137
SAT,Math,24ad9dcb,pdfs/SAT/Math/part-005.pdf,138
SAT,Math,be00d896,pdfs/SAT/Math/part-005.pdf,139
SAT,Math,3d985614,pdfs/SAT/Math/part-005.pdf,140
SAT,Math,b3547a10,pdfs/SAT/Math/part-005.pdf,141
SAT,Math,560fab82,pdfs/SAT/Math/part-005.pdf,143
SAT,Math,308084c5,pdfs/SAT/Math/part-005.pdf,144
SAT,Math,d94018fd,pdfs/SAT/Math/part-005.pdf,145
SAT,Math,e635aede,pdfs/SAT/Math/part-005.pdf,146
SAT,Math,1f4c57d7,pdfs/SAT/Math/part-005.pdf,147
SAT,Math,e21d10a7,pdfs/SAT/Math/part-005.pdf,148
SAT,Math,7d721177,pdfs/SAT/Math/part-005.pdf,149
SAT,Math,d0d9ede4,pdfs/SAT/Math/part-005.pdf,150
SAT,Math,1d945139,pdfs/SAT/Math/part-005.pdf,151
SAT,Math,4b09f783,pdfs/SAT/Math/part-005.pdf,152
SAT,Math,67c0200a,pdfs/SAT/Math/part-005.pdf,153
SAT,Math,f04d40b2,pdfs/SAT/Math/part-005.pdf,154
SAT,Math,3aa0642c,pdfs/SAT/Math/part-005.pdf,155
SAT,Math,bfa8a85c,pdfs/SAT/Math/part-005.pdf,156
SAT,Math,c9dd92b1,pdfs/SAT/Math/part-005.pdf,157
SAT,Math,9bf4c545,pdfs/SAT/Math/part-005.pdf,158
SAT,Math,fa7a0164,pdfs/SAT/Math/part-005.pdf,159
SAT,Math,40e7a1a9,pdfs/SAT/Math/part-005.pdf,160
SAT,Math,708590d7,pdfs/SAT/Math/part-005.pdf,161
SAT,Math,bf47ad54,pdfs/SAT/Math/part-005.pdf,162
SAT,Math,a6b2fcce,pdfs/SAT/Math/part-005.pdf,164
SAT,Math,699af7b3,pdfs/SAT/Math/part-005.pdf,165
SAT,Math,f52123e0,pdfs/SAT/Math/part-005.pdf,166
SAT,Math,06a152cd,pdfs/SAT/Math/part-005.pdf,167
SAT,Math,7d68096f,pdfs/SAT/Math/part-005.pdf,168
SAT,Math,7760c516,pdfs/SAT/Math/part-005.pdf,169
SAT,Math,8917ce38,pdfs/SAT/Math/part-005.pdf,170
SAT,Math,f4b3672a,pdfs/SAT/Math/part-005.pdf,171
SAT,Math,40f0ee70,pdfs/SAT/Math/part-005.pdf,172
SAT,Math,374b18f9,pdfs/SAT/Math/part-005.pdf,173
SAT,Math,585de39a,pdfs/SAT/Math/part-005.pdf,174
SAT,Math,4ff597db,pdfs/SAT/Math/part-005.pdf,175
SAT,Math,ec787383,pdfs/SAT/Math/part-005.pdf,176
SAT,Math,7e6c745f,pdfs/SAT/Math/part-005.pdf,177
SAT,Math,7b52985c,pdfs/SAT/Math/part-005.pdf,178
SAT,Math,7ce2830a,pdfs/SAT/Math/part-005.pdf,179
SAT,Math,12dbe3de,pdfs/SAT/Math/part-005.pdf,180
SAT,Math,709e04de,pdfs/SAT/Math/part-005.pdf,181
SAT,Math,642519d7,pdfs/SAT/Math/part-005.pdf,182
SAT,Math,0108ac2d,pdfs/SAT/Math/part-005.pdf,183
SAT,Math,949cd96b,pdfs/SAT/Math/part-005.pdf,184
SAT,Math,28c6bd8c,pdfs/SAT/Math/part-005.pdf,185
SAT,Math,912cd125,pdfs/SAT/Math/part-005.pdf,186
SAT,Math,3a6ed720,pdfs/SAT/Math/part-005.pdf,187
SAT,Math,ad7dbb22,pdfs/SAT/Math/part-005.pdf,188
SAT,Math,85b33aa8,pdfs/SAT/Math/part-005.pdf,189
SAT,Math,284303f1,pdfs/SAT/Math/part-005.pdf,190
SAT,Math,ba61d95f,pdfs/SAT/Math/part-005.pdf,191
SAT,Math,873d2838,pdfs/SAT/Math/part-005.pdf,192
SAT,Math,16988f9c,pdfs/SAT/Math/part-005.pdf,193
SAT,Math,2cdefcb1,pdfs/SAT/Math/part-005.pdf,195
SAT,Math,6a715bed,pdfs/SAT/Math/part-005.pdf,196
SAT,Math,8cbf1415,pdfs/SAT/Math/part-005.pdf,197
SAT,Math,58ba7239,pdfs/SAT/Math/part-005.pdf,198
SAT,Math,c7c6445f,pdfs/SAT/Math/part-005.pdf,199
SAT,Math,c54b92a2,pdfs/SAT/Math/part-005.pdf,200
SAT,Math,3c5b19ef,pdfs/SAT/Math/part-005.pdf,202
SAT,Math,73ddfdac,pdfs/SAT/Math/part-005.pdf,203
SAT,Math,96a45430,pdfs/SAT/Math/part-005.pdf,204
SAT,Math,589cd7a6,pdfs/SAT/Math/part-005.pdf,205
SAT,Math,5267c3c7,pdfs/SAT/Math/part-005.pdf,206
SAT,Math,ae32cc3c,pdfs/SAT/Math/part-005.pdf,207
SAT,Math,82dfb646,pdfs/SAT/Math/part-005.pdf,208
SAT,Math,5c3c2e3c,pdfs/SAT/Math/part-005.pdf,209
SAT,Math,ed6b7e5f,pdfs/SAT/Math/part-005.pdf,210
SAT,Math,c5ee6ac0,pdfs/SAT/Math/part-005.pdf,211
SAT,Math,9ce8cbbe,pdfs/SAT/Math/part-005.pdf,213
SAT,Math,61b87506,pdfs/SAT/Math/part-005.pdf,214
SAT,Math,30db8f77,pdfs/SAT/Math/part-005.pdf,215
SAT,Math,4c5ea142,pdfs/SAT/Math/part-005.pdf,216
SAT,Math,43744269,pdfs/SAT/Math/part-005.pdf,217
SAT,Math,3ac09984,pdfs/SAT/Math/part-005.pdf,218
SAT,Math,66f03086,pdfs/SAT/Math/part-005.pdf,219
SAT,Math,61f61789,pdfs/SAT/Math/part-005.pdf,220
SAT,Math,d0430601,pdfs/SAT/Math/part-005.pdf,221
SAT,Math,9110c120,pdfs/SAT/Math/part-005.pdf,222
SAT,Math,c74df824,pdfs/SAT/Math/part-005.pdf,223
SAT,Math,1b96c116,pdfs/SAT/Math/part-005.pdf,224
SAT,Math,9296553d,pdfs/SAT/Math/part-005.pdf,225
SAT,Math,d1db8def,pdfs/SAT/Math/part-005.pdf,226
SAT,Math,b2f6f17d,pdfs/SAT/Math/part-005.pdf,227
SAT,Math,4626102e,pdfs/SAT/Math/part-005.pdf,228
SAT,Math,d6121490,pdfs/SAT/Math/part-005.pdf,229
SAT,Math,55cfaf22,pdfs/SAT/Math/part-005.pdf,230
SAT,Math,b58dbf88,pdfs/SAT/Math/part-005.pdf,231
SAT,Math,5154615f,pdfs/SAT/Math/part-005.pdf,232
SAT,Math,ab7740a8,pdfs/SAT/Math/part-005.pdf,233
SAT,Math,2a08d878,pdfs/SAT/Math/part-005.pdf,234
SAT,Math,820d7a73,pdfs/SAT/Math/part-005.pdf,235
SAT,Math,38a9ac45,pdfs/SAT/Math/part-005.pdf,236
SAT,Math,9c44f828,pdfs/SAT/Math/part-005.pdf,237
SAT,Math,b695711c,pdfs/SAT/Math/part-005.pdf,238
SAT,Math,eb672707,pdfs/SAT/Math/part-005.pdf,239
SAT,Math,7270d642,pdfs/SAT/Math/part-005.pdf,240
SAT,Math,6e3ab4bf,pdfs/SAT/Math/part-005.pdf,241
SAT,Math,c256b723,pdfs/SAT/Math/part-005.pdf,243
SAT,Math,90ba8f98,pdfs/SAT/Math/part-005.pdf,244
SAT,Math,881ef5f5,pdfs/SAT/Math/part-005.pdf,245
SAT,Math,273b7f37,pdfs/SAT/Math/part-005.pdf,246
SAT,Math,2e511919,pdfs/SAT/Math/part-005.pdf,247
SAT,Math,7ed0d098,pdfs/SAT/Math/part-005.pdf,248
SAT,Math,38525983,pdfs/SAT/Math/part-005.pdf,249
SAT,Math,c141366d,pdfs/SAT/Math/part-005.pdf,250
SAT,Math,20845d36,pdfs/SAT/Math/part-005.pdf,252
SAT,Math,2bab1399,pdfs/SAT/Math/part-005.pdf,253
SAT,Math,8bf3f67a,pdfs/SAT/Math/part-005.pdf,254
SAT,Math,a478f9f5,pdfs/SAT/Math/part-005.pdf,255
SAT,Math,dae79de4,pdfs/SAT/Math/part-005.pdf,256
SAT,Math,4bb25495,pdfs/SAT/Math/part-005.pdf,257
SAT,Math,aa43b41f,pdfs/SAT/Math/part-005.pdf,258
SAT,Math,cb4894f9,pdfs/SAT/Math/part-005.pdf,259
SAT,Math,b6569d0e,pdfs/SAT/Math/part-005.pdf,260
SAT,Math,50b99b2d,pdfs/SAT/Math/part-005.pdf,262
SAT,Math,5dc386fb,pdfs/SAT/Math/part-005.pdf,263
SAT,Math,c47256ca,pdfs/SAT/Math/part-005.pdf,264
SAT,Math,86684ce9,pdfs/SAT/Math/part-005.pdf,265
SAT,Math,551c52b9,pdfs/SAT/Math/part-005.pdf,266
SAT,Math,e97fd3f8,pdfs/SAT/Math/part-005.pdf,267
SAT,Math,014c47ab,pdfs/SAT/Math/part-005.pdf,269
SAT,Math,1180401d,pdfs/SAT/Math/part-005.pdf,270
SAT,Math,57481175,pdfs/SAT/Math/part-005.pdf,271
SAT,Math,1b8e412e,pdfs/SAT/Math/part-005.pdf,273
SAT,Math,f6cbb04a,pdfs/SAT/Math/part-005.pdf,274
SAT,Math,568bc2a4,pdfs/SAT/Math/part-005.pdf,275
SAT,Math,96c3e32d,pdfs/SAT/Math/part-005.pdf,276
SAT,Math,98958ae8,pdfs/SAT/Math/part-005.pdf,277
SAT,Math,391ae4b2,pdfs/SAT/Math/part-005.pdf,278
SAT,Math,4096a482,pdfs/SAT/Math/part-005.pdf,279
SAT,Math,57f45509,pdfs/SAT/Math/part-005.pdf,280
SAT,Math,2a59eb45,pdfs/SAT/Math/part-005.pdf,281
SAT,Math,623dbebb,pdfs/SAT/Math/part-005.pdf,282
SAT,Math,2afd3cec,pdfs/SAT/Math/part-005.pdf,283
SAT,Math,2e92cc21,pdfs/SAT/Math/part-005.pdf,284
SAT,Math,7f84b136,pdfs/SAT/Math/part-005.pdf,285
SAT,Math,77cf4fa6,pdfs/SAT/Math/part-005.pdf,286
SAT,Math,2d31caae,pdfs/SAT/Math/part-005.pdf,287
SAT,Math,4a422e3e,pdfs/SAT/Math/part-005.pdf,288
SAT,Math,f496d2c0,pdfs/SAT/Math/part-005.pdf,289
SAT,Math,94660ba8,pdfs/SAT/Math/part-005.pdf,290
SAT,Math,ba0e23b0,pdfs/SAT/Math/part-005.pdf,291
SAT,Math,8156d446,pdfs/SAT/Math/part-005.pdf,292
SAT,Math,c2e7fa6d,pdfs/SAT/Math/part-005.pdf,293
SAT,Math,9b9da812,pdfs/SAT/Math/part-005.pdf,294
SAT,Math,e821a26d,pdfs/SAT/Math/part-005.pdf,296
SAT,Math,21e539a0,pdfs/SAT/Math/part-005.pdf,297
SAT,Math,9eb896c5,pdfs/SAT/Math/part-005.pdf,298
SAT,Math,194ae3b1,pdfs/SAT/Math/part-005.pdf,299
SAT,Math,79340403,pdfs/SAT/Math/part-005.pdf,300
SAT,Math,a8fabad0,pdfs/SAT/Math/part-005.pdf,301
SAT,Math,4837406c,pdfs/SAT/Math/part-005.pdf,302
SAT,Math,d112bc9d,pdfs/SAT/Math/part-005.pdf,303
SAT,Math,99550621,pdfs/SAT/Math/part-005.pdf,305
SAT,Math,3318d37b,pdfs/SAT/Math/part-005.pdf,306
SAT,Math,93779b53,pdfs/SAT/Math/part-005.pdf,307
SAT,Math,9d935bd8,pdfs/SAT/Math/part-005.pdf,308
SAT,Math,8c5dbd3e,pdfs/SAT/Math/part-005.pdf,309
SAT,Math,da978ee6,pdfs/SAT/Math/part-005.pdf,310
SAT,Math,a067c926,pdfs/SAT/Math/part-005.pdf,311
SAT,Math,94c65646,pdfs/SAT/Math/part-005.pdf,313
SAT,Math,5c24c861,pdfs/SAT/Math/part-005.pdf,314
SAT,Math,5f3ee607,pdfs/SAT/Math/part-005.pdf,315
SAT,Math,9e2bf782,pdfs/SAT/Math/part-005.pdf,317
SAT,Math,9ba3e283,pdfs/SAT/Math/part-005.pdf,318
SAT,Math,4cc05491,pdfs/SAT/Math/part-005.pdf,319
SAT,Math,54cb53cf,pdfs/SAT/Math/part-005.pdf,320
SAT,Math,a9647302,pdfs/SAT/Math/part-005.pdf,321
SAT,Math,7b731fc3,pdfs/SAT/Math/part-005.pdf,322
SAT,Math,e9f4521a,pdfs/SAT/Math/part-005.pdf,323
SAT,Math,1c2f50a6,pdfs/SAT/Math/part-005.pdf,324
SAT,Math,89c39d77,pdfs/SAT/Math/part-005.pdf,325
SAT,Math,8193e8cd,pdfs/SAT/Math/part-005.pdf,326
SAT,Math,dccdb20c,pdfs/SAT/Math/part-005.pdf,327
SAT,Math,6feae9c3,pdfs/SAT/Math/part-005.pdf,328
SAT,Math,661dfddd,pdfs/SAT/Math/part-006.pdf,1
SAT,Math,73362607,pdfs/SAT/Math/part-006.pdf,2
SAT,Math,89f20d9e,pdfs/SAT/Math/part-006.pdf,3
SAT,Math,a03b7e02,pdfs/SAT/Math/part-006.pdf,4
SAT,Math,97631565,pdfs/SAT/Math/part-006.pdf,5
SAT,Math,3d73a58b,pdfs/SAT/Math/part-006.pdf,6
SAT,Math,7b1a3200,pdfs/SAT/Math/part-006.pdf,7
SAT,Math,79137c1b,pdfs/SAT/Math/part-006.pdf,8
SAT,Math,b8150b17,pdfs/SAT/Math/part-006.pdf,9
SAT,Math,7d093333,pdfs/SAT/Math/part-006.pdf,10
SAT,Math,1dcea480,pdfs/SAT/Math/part-006.pdf,11
SAT,Math,fdfc90e4,pdfs/SAT/Math/part-006.pdf,12
SAT,Math,a51e6f93,pdfs/SAT/Math/part-006.pdf,13
SAT,Math,674a4084,pdfs/SAT/Math/part-006.pdf,14
SAT,Math,a0b165f8,pdfs/SAT/Math/part-006.pdf,15
SAT,Math,34e18ce4,pdfs/SAT/Math/part-006.pdf,16
SAT,Math,c943acba,pdfs/SAT/Math/part-006.pdf,17
SAT,Math,1e562f24,pdfs/SAT/Math/part-006.pdf,18
SAT,Math,89f8d08a,pdfs/SAT/Math/part-006.pdf,19
SAT,Math,54d93874,pdfs/SAT/Math/part-006.pdf,20
SAT,Math,6a305cd0,pdfs/SAT/Math/part-006.pdf,21
SAT,Math,048811bd,pdfs/SAT/Math/part-006.pdf,22
SAT,Math,e9129a5c,pdfs/SAT/Math/part-006.pdf,23
SAT,Math,869a32f1,pdfs/SAT/Math/part-006.pdf,24
SAT,Math,916ffe9b,pdfs/SAT/Math/part-006.pdf,25
SAT,Math,8173f32b,pdfs/SAT/Math/part-006.pdf,26
SAT,Math,559476f4,pdfs/SAT/Math/part-006.pdf,27
SAT,Math,a3384df0,pdfs/SAT/Math/part-006.pdf,28
SAT,Math,6670e407,pdfs/SAT/Math/part-006.pdf,29
SAT,Math,0a99e5bb,pdfs/SAT/Math/part-006.pdf,30
SAT,Math,9b5b23fc,pdfs/SAT/Math/part-006.pdf,31
SAT,Math,4e527894,pdfs/SAT/Math/part-006.pdf,32
SAT,Math,808f7d6c,pdfs/SAT/Math/part-006.pdf,33
SAT,Math,af142f8d,pdfs/SAT/Math/part-006.pdf,34
SAT,Math,c78bb2b8,pdfs/SAT/Math/part-006.pdf,35
SAT,Math,566759ef,pdfs/SAT/Math/part-006.pdf,36
SAT,Math,6e4a60dd,pdfs/SAT/Math/part-006.pdf,37
SAT,Math,ad1d6adb,pdfs/SAT/Math/part-006.pdf,38
SAT,Math,040f2a84,pdfs/SAT/Math/part-006.pdf,39
SAT,Math,b73025e2,pdfs/SAT/Math/part-006.pdf,40
SAT,Math,9ee22c16,pdfs/SAT/Math/part-006.pdf,41
SAT,Math,41b71b4e,pdfs/SAT/Math/part-006.pdf,42
SAT,Math,eaab8bc1,pdfs/SAT/Math/part-006.pdf,43
SAT,Math,70a2776f,pdfs/SAT/Math/part-006.pdf,44
SAT,Math,46b2e169,pdfs/SAT/Math/part-006.pdf,45
SAT,Math,8213b1b3,pdfs/SAT/Math/part-006.pdf,46
SAT,Math,ecf8d15f,pdfs/SAT/Math/part-006.pdf,47
SAT,Math,f8696cd8,pdfs/SAT/Math/part-006.pdf,48
SAT,Math,bc59c2d9,pdfs/SAT/Math/part-006.pdf,49
SAT,Math,50b2807e,pdfs/SAT/Math/part-006.pdf,50
SAT,Math,34f8cd89,pdfs/SAT/Math/part-006.pdf,52
SAT,Math,6fca0144,pdfs/SAT/Math/part-006.pdf,53
SAT,Math,20b69297,pdfs/SAT/Math/part-006.pdf,54
SAT,Math,94237701,pdfs/SAT/Math/part-006.pdf,55
SAT,Math,24a1e6a7,pdfs/SAT/Math/part-006.pdf,56
SAT,Math,9d95e7ad,pdfs/SAT/Math/part-006.pdf,57
SAT,Math,81d0f1e6,pdfs/SAT/Math/part-006.pdf,58
SAT,Math,11b06e35,pdfs/SAT/Math/part-006.pdf,59
SAT,Math,cf2be18d,pdfs/SAT/Math/part-006.pdf,60
SAT,Math,39aa146d,pdfs/SAT/Math/part-006.pdf,61
SAT,Math,58171b5e,pdfs/SAT/Math/part-006.pdf,63
SAT,Math,d7a3179d,pdfs/SAT/Math/part-006.pdf,64
SAT,Math,d6456c7a,pdfs/SAT/Math/part-006.pdf,65
SAT,Math,4347a032,pdfs/SAT/Math/part-006.pdf,66
SAT,Math,de799680,pdfs/SAT/Math/part-006.pdf,67
SAT,Math,51c9d65f,pdfs/SAT/Math/part-006.pdf,68
SAT,Math,763e6769,pdfs/SAT/Math/part-006.pdf,69
SAT,Math,25faa756,pdfs/SAT/Math/part-006.pdf,70
SAT,Math,ad911622,pdfs/SAT/Math/part-006.pdf,71
SAT,Math,98818acf,pdfs/SAT/Math/part-006.pdf,72
SAT,Math,8d63b6f1,pdfs/SAT/Math/part-006.pdf,73
SAT,Math,25fc031a,pdfs/SAT/Math/part-006.pdf,75
SAT,Math,d72a2b4d,pdfs/SAT/Math/part-006.pdf,77
SAT,Math,cf0ae57a,pdfs/SAT/Math/part-006.pdf,78
SAT,Math,4e375d1f,pdfs/SAT/Math/part-006.pdf,79
SAT,Math,771ee744,pdfs/SAT/Math/part-006.pdf,80
SAT,Math,e9ed719f,pdfs/SAT/Math/part-006.pdf,81
SAT,Math,6d99b141,pdfs/SAT/Math/part-006.pdf,82
SAT,Math,2c3aefc9,pdfs/SAT/Math/part-006.pdf,83
SAT,Math,9912e19f,pdfs/SAT/Math/part-006.pdf,84
SAT,Math,4b7bb316,pdfs/SAT/Math/part-006.pdf,85
SAT,Math,e10d8313,pdfs/SAT/Math/part-006.pdf,86
SAT,Math,bcb66188,pdfs/SAT/Math/part-006.pdf,87
SAT,Math,3e4e2ab0,pdfs/SAT/Math/part-006.pdf,88
SAT,Math,f88f27e5,pdfs/SAT/Math/part-006.pdf,89
SAT,Math,e89f63bf,pdfs/SAT/Math/part-006.pdf,90
SAT,Math,5207e508,pdfs/SAT/Math/part-006.pdf,91
SAT,Math,f67e4efc,pdfs/SAT/Math/part-006.pdf,92
SAT,Math,ecc98c87,pdfs/SAT/Math/part-006.pdf,93
SAT,Math,e5c57163,pdfs/SAT/Math/part-006.pdf,95
SAT,Math,33e29881,pdfs/SAT/Math/part-006.pdf,96
SAT,Math,93f48423,pdfs/SAT/Math/part-006.pdf,97
SAT,Math,5252e606,pdfs/SAT/Math/part-006.pdf,98
SAT,Math,bb560789,pdfs/SAT/Math/part-006.pdf,99
SAT,Math,9342ca50,pdfs/SAT/Math/part-006.pdf,100
SAT,Math,5afbdc8e,pdfs/SAT/Math/part-006.pdf,101
SAT,Math,983412ea,pdfs/SAT/Math/part-006.pdf,102
SAT,Math,d12bca0a,pdfs/SAT/Math/part-006.pdf,103
SAT,Math,a4c0547f,pdfs/SAT/Math/part-006.pdf,104
SAT,Math,659cb706,pdfs/SAT/Math/part-006.pdf,105
SAT,Math,c8d60e48,pdfs/SAT/Math/part-006.pdf,106
SAT,Math,947a3cde,pdfs/SAT/Math/part-006.pdf,107
SAT,Math,1f0b582e,pdfs/SAT/Math/part-006.pdf,108
SAT,Math,deff8a2f,pdfs/SAT/Math/part-006.pdf,109
SAT,Math,1fe41c6b,pdfs/SAT/Math/part-006.pdf,110
SAT,Math,d5f349b7,pdfs/SAT/Math/part-006.pdf,111
SAT,Math,babd7461,pdfs/SAT/Math/part-006.pdf,112
SAT,Math,686b5212,pdfs/SAT/Math/part-006.pdf,113
SAT,Math,a6dbad6b,pdfs/SAT/Math/part-006.pdf,114
SAT,Math,27d075d8,pdfs/SAT/Math/part-006.pdf,115
SAT,Math,81b664bc,pdfs/SAT/Math/part-006.pdf,116
SAT,Math,59cb654c,pdfs/SAT/Math/part-006.pdf,117
SAT,Math,902dc959,pdfs/SAT/Math/part-006.pdf,118
SAT,Math,e86f0651,pdfs/SAT/Math/part-006.pdf,119
SAT,Math,96467fea,pdfs/SAT/Math/part-006.pdf,120
SAT,Math,858fd1cf,pdfs/SAT/Math/part-006.pdf,121
SAT,Math,9adb86ed,pdfs/SAT/Math/part-006.pdf,122
SAT,Math,1dc7e423,pdfs/SAT/Math/part-006.pdf,123
SAT,Math,096c7ef5,pdfs/SAT/Math/part-006.pdf,124
SAT,Math,ec5d4823,pdfs/SAT/Math/part-006.pdf,126
SAT,Math,9966235e,pdfs/SAT/Math/part-006.pdf,127
SAT,Math,2b41a4c4,pdfs/SAT/Math/part-006.pdf,128
SAT,Math,a0369739,pdfs/SAT/Math/part-006.pdf,129
SAT,Math,a07ed090,pdfs/SAT/Math/part-006.pdf,130
SAT,Math,cbe8ca31,pdfs/SAT/Math/part-006.pdf,131
SAT,Math,3b931fb0,pdfs/SAT/Math/part-006.pdf,132
SAT,Math,94364a79,pdfs/SAT/Math/part-006.pdf,133
SAT,Math,51f26ce8,pdfs/SAT/Math/part-006.pdf,134
SAT,Math,408b39ea,pdfs/SAT/Math/part-006.pdf,135
SAT,Math,124bc42b,pdfs/SAT/Math/part-006.pdf,136
SAT,Math,c24e1bda,pdfs/SAT/Math/part-006.pdf,137
SAT,Math,055aafe7,pdfs/SAT/Math/part-006.pdf,138
SAT,Math,2d2cb85e,pdfs/SAT/Math/part-006.pdf,139
SAT,Math,30aa51b7,pdfs/SAT/Math/part-006.pdf,140
SAT,Math,345cc36a,pdfs/SAT/Math/part-006.pdf,141
SAT,Math,8493fd10,pdfs/SAT/Math/part-006.pdf,142
SAT,Math,c8345903,pdfs/SAT/Math/part-006.pdf,143
SAT,Math,901c3215,pdfs/SAT/Math/part-006.pdf,144
SAT,Math,2bddbc1b,pdfs/SAT/Math/part-006.pdf,145
SAT,Math,85f1892d,pdfs/SAT/Math/part-006.pdf,146
SAT,Math,bd87bc09,pdfs/SAT/Math/part-006.pdf,147
SAT,Math,f7dbde16,pdfs/SAT/Math/part-006.pdf,148
SAT,Math,a4ed5285,pdfs/SAT/Math/part-006.pdf,149
SAT,Math,87a9a2d4,pdfs/SAT/Math/part-006.pdf,150
SAT,Math,e6f2ace7,pdfs/SAT/Math/part-006.pdf,151
SAT,Math,b0c5ece5,pdfs/SAT/Math/part-006.pdf,152
SAT,Math,76c73dbf,pdfs/SAT/Math/part-006.pdf,153
SAT,Math,58c26db8,pdfs/SAT/Math/part-006.pdf,154
SAT,Math,e336a1d2,pdfs/SAT/Math/part-006.pdf,155
SAT,Math,e4b4e9ea,pdfs/SAT/Math/part-006.pdf,156
SAT,Math,c0586eb5,pdfs/SAT/Math/part-006.pdf,157
SAT,Math,2a549721,pdfs/SAT/Math/part-006.pdf,158
SAT,Math,52f7b898,pdfs/SAT/Math/part-006.pdf,159
SAT,Math,03c6994f,pdfs/SAT/Math/part-006.pdf,160
SAT,Math,151eda3c,pdfs/SAT/Math/part-006.pdf,161
SAT,Math,35d37640,pdfs/SAT/Math/part-006.pdf,162
SAT,Math,e50afdd3,pdfs/SAT/Math/part-006.pdf,163
SAT,Math,167aff9e,pdfs/SAT/Math/part-006.pdf,164
SAT,Math,2266984b,pdfs/SAT/Math/part-006.pdf,165
SAT,Math,d0b6d927,pdfs/SAT/Math/part-006.pdf,166
SAT,Math,d621cffb,pdfs/SAT/Math/part-006.pdf,167
SAT,Math,1429dcdf,pdfs/SAT/Math/part-006.pdf,168
SAT,Math,69b0d79d,pdfs/SAT/Math/part-006.pdf,169
SAT,Math,5a7e3b46,pdfs/SAT/Math/part-006.pdf,170
SAT,Math,ebbf23ae,pdfs/SAT/Math/part-006.pdf,171
SAT,Math,d7a8aa9c,pdfs/SAT/Math/part-006.pdf,172
SAT,Math,a2659088,pdfs/SAT/Math/part-006.pdf,173
SAT,Math,32f99025,pdfs/SAT/Math/part-006.pdf,174
SAT,Math,502d9690,pdfs/SAT/Math/part-006.pdf,175
SAT,Math,2757549e,pdfs/SAT/Math/part-006.pdf,176
SAT,Math,c4a9c94d,pdfs/SAT/Math/part-006.pdf,178
SAT,Math,6b4707aa,pdfs/SAT/Math/part-006.pdf,179
SAT,Math,4c95c7d4,pdfs/SAT/Math/part-006.pdf,180
SAT,Math,b8a225ff,pdfs/SAT/Math/part-006.pdf,182
SAT,Math,b0a72bdc,pdfs/SAT/Math/part-006.pdf,183
SAT,Math,933fee1a,pdfs/SAT/Math/part-006.pdf,184
SAT,Math,f389569d,pdfs/SAT/Math/part-006.pdf,186
SAT,Math,64c1f044,pdfs/SAT/Math/part-006.pdf,187
SAT,Math,2f7c92ad,pdfs/SAT/Math/part-006.pdf,188
SAT,Math,c447367f,pdfs/SAT/Math/part-006.pdf,189
SAT,Math,b2528e6b,pdfs/SAT/Math/part-006.pdf,190
SAT,Math,9fec9d49,pdfs/SAT/Math/part-006.pdf,191
SAT,Math,ba8ca563,pdfs/SAT/Math/part-006.pdf,192
SAT,Math,5011b039,pdfs/SAT/Math/part-006.pdf,193
SAT,Math,9d078710,pdfs/SAT/Math/part-006.pdf,194
SAT,Math,b1e1c2f5,pdfs/SAT/Math/part-006.pdf,195
SAT,Math,e3158182,pdfs/SAT/Math/part-006.pdf,196
SAT,Math,267f82b5,pdfs/SAT/Math/part-006.pdf,197
SAT,Math,0d43db90,pdfs/SAT/Math/part-006.pdf,198
SAT,Math,62d39eb8,pdfs/SAT/Math/part-006.pdf,199
SAT,Math,94f7c9e2,pdfs/SAT/Math/part-006.pdf,200
SAT,Math,e0874bc2,pdfs/SAT/Math/part-006.pdf,201
SAT,Math,a4bd60a3,pdfs/SAT/Math/part-006.pdf,202
SAT,Math,899c6042,pdfs/SAT/Math/part-006.pdf,203
SAT,Math,498d6795,pdfs/SAT/Math/part-006.pdf,204
SAT,Math,740bf79f,pdfs/SAT/Math/part-006.pdf,205
SAT,Math,0e40dfb0,pdfs/SAT/Math/part-006.pdf,206
SAT,Math,3b225698,pdfs/SAT/Math/part-006.pdf,207
SAT,Math,249d3f80,pdfs/SAT/Math/part-006.pdf,208
SAT,Math,fc5ef8d3,pdfs/SAT/Math/part-006.pdf,209
SAT,Math,a4c05a1b,pdfs/SAT/Math/part-006.pdf,210
SAT,Math,38517165,pdfs/SAT/Math/part-006.pdf,211
SAT,Math,ab176ad6,pdfs/SAT/Math/part-006.pdf,212
SAT,Math,ebf3a962,pdfs/SAT/Math/part-006.pdf,213
SAT,Math,98c12e38,pdfs/SAT/Math/part-006.pdf,214
SAT,Math,aa2d36fe,pdfs/SAT/Math/part-006.pdf,215
SAT,Math,d3fe472f,pdfs/SAT/Math/part-006.pdf,216
SAT,Math,f9d40000,pdfs/SAT/Math/part-006.pdf,217
SAT,Math,0d3f51dc,pdfs/SAT/Math/part-006.pdf,218
SAT,Math,fd8745fc,pdfs/SAT/Math/part-006.pdf,219
SAT,Math,179edb12,pdfs/SAT/Math/part-006.pdf,220
SAT,Math,b434e103,pdfs/SAT/Math/part-006.pdf,221
SAT,Math,3e577e4a,pdfs/SAT/Math/part-006.pdf,222
SAT,Math,b5d62bba,pdfs/SAT/Math/part-006.pdf,223
SAT,Math,62ec6574,pdfs/SAT/Math/part-006.pdf,225
SAT,Math,b0dc920d,pdfs/SAT/Math/part-006.pdf,226
SAT,Math,2085e10e,pdfs/SAT/Math/part-006.pdf,227
SAT,Math,689abc2a,pdfs/SAT/Math/part-006.pdf,228
SAT,Math,fa2771d5,pdfs/SAT/Math/part-006.pdf,229
SAT,Math,bbaac300,pdfs/SAT/Math/part-006.pdf,230
SAT,Math,55bb437a,pdfs/SAT/Math/part-006.pdf,231
SAT,Math,c7bed21d,pdfs/SAT/Math/part-006.pdf,232
SAT,Math,fecc446d,pdfs/SAT/Math/part-006.pdf,233
SAT,Math,8e7689e0,pdfs/SAT/Math/part-006.pdf,234
SAT,Math,69f4bbdc,pdfs/SAT/Math/part-006.pdf,235
SAT,Math,3563d76d,pdfs/SAT/Math/part-006.pdf,236
SAT,Math,c41eb616,pdfs/SAT/Math/part-006.pdf,237
SAT,Math,dfc420b2,pdfs/SAT/Math/part-006.pdf,238
SAT,Math,c8ab85ad,pdfs/SAT/Math/part-006.pdf,239
SAT,Math,de550be0,pdfs/SAT/Math/part-006.pdf,240
SAT,Math,f2495de4,pdfs/SAT/Math/part-006.pdf,241
SAT,Math,800e71b8,pdfs/SAT/Math/part-006.pdf,242
SAT,Math,901e3285,pdfs/SAT/Math/part-006.pdf,243
SAT,Math,bd7f6e30,pdfs/SAT/Math/part-006.pdf,244
SAT,Math,2adbf1b1,pdfs/SAT/Math/part-006.pdf,245
SAT,Math,6708546e,pdfs/SAT/Math/part-006.pdf,246
SAT,Math,ffe862a3,pdfs/SAT/Math/part-006.pdf,247
SAT,Math,24cec8d1,pdfs/SAT/Math/part-006.pdf,248
SAT,Math,8c1aa743,pdfs/SAT/Math/part-006.pdf,249
SAT,Math,7268586c,pdfs/SAT/Math/part-006.pdf,250
SAT,Math,44b2b894,pdfs/SAT/Math/part-006.pdf,251
SAT,Math,7700d098,pdfs/SAT/Math/part-006.pdf,252
SAT,Math,0837c3b9,pdfs/SAT/Math/part-006.pdf,253
SAT,Math,9e44284b,pdfs/SAT/Math/part-006.pdf,254
SAT,Math,4ddfa209,pdfs/SAT/Math/part-006.pdf,255
SAT,Math,98e02472,pdfs/SAT/Math/part-006.pdf,256
SAT,Math,e6c557f9,pdfs/SAT/Math/part-006.pdf,257
SAT,Math,4a141e77,pdfs/SAT/Math/part-006.pdf,258
SAT,Math,58687a66,pdfs/SAT/Math/part-006.pdf,259
SAT,Math,54df8076,pdfs/SAT/Math/part-006.pdf,260
SAT,Math,014edcb7,pdfs/SAT/Math/part-006.pdf,261
SAT,Math,568d66a7,pdfs/SAT/Math/part-006.pdf,262
SAT,Math,322a6dfe,pdfs/SAT/Math/part-006.pdf,263
SAT,Math,0e709a29,pdfs/SAT/Math/part-006.pdf,264
SAT,Math,a6097ec2,pdfs/SAT/Math/part-006.pdf,265
SAT,Math,e570a99c,pdfs/SAT/Math/part-006.pdf,266
SAT,Math,eeb4143c,pdfs/SAT/Math/part-006.pdf,267
SAT,Math,5b2b8866,pdfs/SAT/Math/part-006.pdf,268
SAT,Math,fc8aa563,pdfs/SAT/Math/part-006.pdf,269
SAT,Math,9f934297,pdfs/SAT/Math/part-006.pdf,270
SAT,Math,2855cb58,pdfs/SAT/Math/part-006.pdf,271
SAT,Math,575f1e12,pdfs/SAT/Math/part-006.pdf,272
SAT,Math,74d8b897,pdfs/SAT/Math/part-006.pdf,273
SAT,Math,b4767bef,pdfs/SAT/Math/part-006.pdf,274
SAT,Math,ee540927,pdfs/SAT/Math/part-006.pdf,275
SAT,Math,dc71597b,pdfs/SAT/Math/part-006.pdf,276
SAT,Math,410bdbe6,pdfs/SAT/Math/part-006.pdf,277
SAT,Math,a0cacec1,pdfs/SAT/Math/part-006.pdf,278
SAT,Math,1b2b20b9,pdfs/SAT/Math/part-006.pdf,279
SAT,Math,7ce2e728,pdfs/SAT/Math/part-006.pdf,280
SAT,Math,f811d345,pdfs/SAT/Math/part-006.pdf,281
SAT,Math,c9931030,pdfs/SAT/Math/part-006.pdf,282
SAT,Math,a456f28c,pdfs/SAT/Math/part-006.pdf,283
SAT,Math,9823f279,pdfs/SAT/Math/part-006.pdf,284
SAT,Math,087cdcfd,pdfs/SAT/Math/part-006.pdf,285
SAT,Math,6ae1360d,pdfs/SAT/Math/part-006.pdf,286
SAT,Math,c88183f7,pdfs/SAT/Math/part-006.pdf,287
SAT,Math,6933b3d9,pdfs/SAT/Math/part-006.pdf,288
SAT,Math,afa3c48b,pdfs/SAT/Math/part-006.pdf,289
SAT,Math,9ec76b54,pdfs/SAT/Math/part-006.pdf,290
SAT,Math,992f4e93,pdfs/SAT/Math/part-006.pdf,291
SAT,Math,f1747a6a,pdfs/SAT/Math/part-006.pdf,292
SAT,Math,23c5fcce,pdfs/SAT/Math/part-006.pdf,293
SAT,Math,f1c1e971,pdfs/SAT/Math/part-006.pdf,294
SAT,Math,6ab30ce3,pdfs/SAT/Math/part-006.pdf,295
SAT,Math,1c3d613c,pdfs/SAT/Math/part-006.pdf,296
SAT,Math,2d521ca9,pdfs/SAT/Math/part-006.pdf,297
SAT,Math,9acd101f,pdfs/SAT/Math/part-006.pdf,298
SAT,Math,e9c5bfb2,pdfs/SAT/Math/part-006.pdf,299
SAT,Math,f3f06c3a,pdfs/SAT/Math/part-006.pdf,300
SAT,Math,48fb6483,pdfs/SAT/Math/part-006.pdf,301
SAT,Math,244ff6c4,pdfs/SAT/Math/part-006.pdf,302
SAT,Math,a5ff1a96,pdfs/SAT/Math/part-006.pdf,303
SAT,Math,010243e6,pdfs/SAT/Math/part-006.pdf,304
SAT,Math,08b7a3f5,pdfs/SAT/Math/part-006.pdf,305
SAT,Math,1318dfea,pdfs/SAT/Math/part-006.pdf,306
SAT,Math,5733ce30,pdfs/SAT/Math/part-006.pdf,307
SAT,Math,0acfddb5,pdfs/SAT/Math/part-006.pdf,308
SAT,Math,7a8ad237,pdfs/SAT/Math/part-006.pdf,309
SAT,Math,186fdbca,pdfs/SAT/Math/part-006.pdf,310
SAT,Math,50774285,pdfs/SAT/Math/part-006.pdf,311
SAT,Math,3b4b5b1e,pdfs/SAT/Math/part-006.pdf,312
SAT,Math,73e1b793,pdfs/SAT/Math/part-006.pdf,313
SAT,Math,29e9b28c,pdfs/SAT/Math/part-006.pdf,314
SAT,Math,5b4757df,pdfs/SAT/Math/part-006.pdf,315
SAT,Math,ca2235f6,pdfs/SAT/Math/part-006.pdf,316
SAT,Math,cab8f907,pdfs/SAT/Math/part-006.pdf,317
SAT,Math,856372ca,pdfs/SAT/Math/part-006.pdf,318
SAT,Math,cf0d3050,pdfs/SAT/Math/part-006.pdf,319
SAT,Math,0bb39de4,pdfs/SAT/Math/part-006.pdf,320
SAT,Math,1be8b6b2,pdfs/SAT/Math/part-006.pdf,321
SAT,Math,9c0a0eca,pdfs/SAT/Math/part-006.pdf,322
SAT,Math,9d159400,pdfs/SAT/Math/part-006.pdf,323
SAT,Math,9fdc4eaa,pdfs/SAT/Math/part-006.pdf,324
SAT,Math,379ffefb,pdfs/SAT/Math/part-006.pdf,325
SAT,Math,bf8d843e,pdfs/SAT/Math/part-006.pdf,326
SAT,Math,3453aafc,pdfs/SAT/Math/part-006.pdf,327
SAT,Math,f6ca90cc,pdfs/SAT/Math/part-006.pdf,328
SAT,Math,aef4fd8a,pdfs/SAT/Math/part-006.pdf,329
SAT,Math,43236565,pdfs/SAT/Math/part-006.pdf,330
SAT,Math,981275d2,pdfs/SAT/Math/part-006.pdf,331
SAT,Math,d71550d0,pdfs/SAT/Math/part-006.pdf,332
SAT,Math,7a11ceea,pdfs/SAT/Math/part-006.pdf,333
SAT,Math,25cc5327,pdfs/SAT/Math/part-006.pdf,335
SAT,Math,89661424,pdfs/SAT/Math/part-006.pdf,336
SAT,Math,858809e7,pdfs/SAT/Math/part-006.pdf,337
SAT,Math,196e8e6e,pdfs/SAT/Math/part-006.pdf,339
SAT,Math,d03e29f1,pdfs/SAT/Math/part-006.pdf,340
SAT,Math,de9148c4,pdfs/SAT/Math/part-006.pdf,341
SAT,Math,7c25b0dc,pdfs/SAT/Math/part-006.pdf,342
SAT,Math,36661021,pdfs/SAT/Math/part-006.pdf,343
SAT,Math,e80d62c6,pdfs/SAT/Math/part-006.pdf,344
SAT,Math,4fb972f2,pdfs/SAT/Math/part-006.pdf,345
SAT,Math,f243c383,pdfs/SAT/Math/part-006.pdf,346
SAT,Math,95ba2d09,pdfs/SAT/Math/part-006.pdf,347
SAT,Math,adae6543,pdfs/SAT/Math/part-006.pdf,348
SAT,Math,6dd463ca,pdfs/SAT/Math/part-006.pdf,350
SAT,Math,0815a5af,pdfs/SAT/Math/part-006.pdf,351
SAT,Math,f731d88b,pdfs/SAT/Math/part-006.pdf,352
SAT,Math,93de3f84,pdfs/SAT/Math/part-006.pdf,353
SAT,Math,d21270da,pdfs/SAT/Math/part-006.pdf,354
SAT,Math,16d66178,pdfs/SAT/Math/part-006.pdf,355
SAT,Math,f1251f35,pdfs/SAT/Math/part-006.pdf,356
SAT,Math,5b918ebb,pdfs/SAT/Math/part-006.pdf,357
SAT,Math,c9f8d1e9,pdfs/SAT/Math/part-006.pdf,358
SAT,Math,f60bb551,pdfs/SAT/Math/part-006.pdf,359
SAT,Math,d2047497,pdfs/SAT/Math/part-006.pdf,360
SAT,Math,a71617d3,pdfs/SAT/Math/part-006.pdf,361
SAT,Math,149021da,pdfs/SAT/Math/part-006.pdf,362
SAT,Math,a5aee181,pdfs/SAT/Math/part-006.pdf,363
SAT,Math,11301fb6,pdfs/SAT/Math/part-006.pdf,364
SAT,Math,4efea6a3,pdfs/SAT/Math/part-006.pdf,365
SAT,Math,fb58c0db,pdfs/SAT/Math/part-006.pdf,366
SAT,Math,697b3954,pdfs/SAT/Math/part-006.pdf,367
SAT,Math,ae041e52,pdfs/SAT/Math/part-006.pdf,368
SAT,Math,c6dff223,pdfs/SAT/Math/part-006.pdf,369
SAT,Math,eb70d2d0,pdfs/SAT/Math/part-006.pdf,370
SAT,Math,4757123b,pdfs/SAT/Math/part-006.pdf,372
SAT,Math,64d1f49f,pdfs/SAT/Math/part-006.pdf,373
SAT,Math,f329442c,pdfs/SAT/Math/part-006.pdf,374
SAT,Math,f39f88b7,pdfs/SAT/Math/part-006.pdf,375
SAT,Math,92eb236a,pdfs/SAT/Math/part-006.pdf,376
SAT,Math,ae33e0a1,pdfs/SAT/Math/part-006.pdf,377
SAT,Math,13d9a1c3,pdfs/SAT/Math/part-006.pdf,378
SAT,Math,76670c80,pdfs/SAT/Math/part-006.pdf,379
SAT,Math,17912810,pdfs/SAT/Math/part-006.pdf,380
SAT,Math,4420e500,pdfs/SAT/Math/part-006.pdf,381
SAT,Math,099526fc,pdfs/SAT/Math/part-006.pdf,382
SAT,Math,ffc39dc5,pdfs/SAT/Math/part-006.pdf,384
SAT,Math,8364487a,pdfs/SAT/Math/part-006.pdf,385
SAT,Math,17049054,pdfs/SAT/Math/part-006.pdf,386
SAT,Math,c4e5e23c,pdfs/SAT/Math/part-006.pdf,387
SAT,Math,42155bac,pdfs/SAT/Math/part-006.pdf,388
SAT,Math,a67b9f88,pdfs/SAT/Math/part-006.pdf,389
SAT,Math,165c30c4,pdfs/SAT/Math/part-006.pdf,390
SAT,Math,694b7fce,pdfs/SAT/Math/part-006.pdf,391
SAT,Math,f7e626b2,pdfs/SAT/Math/part-006.pdf,392
SAT,Math,585a9138,pdfs/SAT/Math/part-006.pdf,393
SAT,Math,2be01bd9,pdfs/SAT/Math/part-006.pdf,394
SAT,Math,3828f53d,pdfs/SAT/Math/part-006.pdf,395
SAT,Math,a38c0183,pdfs/SAT/Math/part-006.pdf,396
SAT,Math,739f1bbc,pdfs/SAT/Math/part-006.pdf,397
SAT,Math,1b687ae3,pdfs/SAT/Math/part-006.pdf,398
SAT,Math,dba6a25a,pdfs/SAT/Math/part-006.pdf,399
SAT,Math,c984f1a5,pdfs/SAT/Math/part-006.pdf,400
SAT,Math,0013adbd,pdfs/SAT/Math/part-006.pdf,401
SAT,Math,acd30391,pdfs/SAT/Math/part-006.pdf,402
SAT,Math,4ff7b652,pdfs/SAT/Math/part-006.pdf,403
SAT,Math,053e5e9f,pdfs/SAT/Math/part-006.pdf,404
SAT,Math,8027db3f,pdfs/SAT/Math/part-006.pdf,405
SAT,Math,e0d2e21a,pdfs/SAT/Math/part-006.pdf,406
SAT,Math,1dacfb94,pdfs/SAT/Math/part-006.pdf,407
SAT,Math,cecbdeba,pdfs/SAT/Math/part-006.pdf,408
SAT,Math,10e059a6,pdfs/SAT/Math/part-006.pdf,409
SAT,Math,42b4493b,pdfs/SAT/Math/part-006.pdf,410
SAT,Math,9f9112ab,pdfs/SAT/Math/part-006.pdf,411
SAT,Math,d683a9cc,pdfs/SAT/Math/part-006.pdf,412
SAT,Math,6c67dd47,pdfs/SAT/Math/part-006.pdf,413
SAT,Math,1bf809b5,pdfs/SAT/Math/part-006.pdf,414
SAT,Math,27f1db42,pdfs/SAT/Math/part-006.pdf,415
SAT,Math,14e7c1f4,pdfs/SAT/Math/part-006.pdf,416
SAT,Math,a2e76b60,pdfs/SAT/Math/part-006.pdf,417
SAT,Math,468613c0,pdfs/SAT/Math/part-006.pdf,418
SAT,Math,145337bc,pdfs/SAT/Math/part-006.pdf,419
SAT,Math,36200a38,pdfs/SAT/Math/part-006.pdf,420
SAT,Math,a490003a,pdfs/SAT/Math/part-006.pdf,421
SAT,Math,95ca2683,pdfs/SAT/Math/part-006.pdf,422
SAT,Math,306264ab,pdfs/SAT/Math/part-006.pdf,423
SAT,Math,6a3fbec3,pdfs/SAT/Math/part-006.pdf,424
SAT,Math,37dde49f,pdfs/SAT/Math/part-006.pdf,425
SAT,Math,f67255ea,pdfs/SAT/Math/part-006.pdf,427
SAT,Math,02b02213,pdfs/SAT/Math/part-006.pdf,428
SAT,Math,82c8325f,pdfs/SAT/Math/part-006.pdf,429
SAT,Math,c0b53183,pdfs/SAT/Math/part-006.pdf,430
SAT,Math,459dd6c5,pdfs/SAT/Math/part-006.pdf,431
SAT,Math,44d67c6c,pdfs/SAT/Math/part-006.pdf,432
SAT,Math,603c18ad,pdfs/SAT/Math/part-006.pdf,433
SAT,Math,6585d841,pdfs/SAT/Math/part-006.pdf,434
SAT,Math,3b44439b,pdfs/SAT/Math/part-006.pdf,435
SAT,Math,1efd7ef3,pdfs/SAT/Math/part-006.pdf,436
SAT,Math,9d2e7037,pdfs/SAT/Math/part-006.pdf,437
SAT,Math,25da87f8,pdfs/SAT/Math/part-006.pdf,438
SAT,Math,310c87fe,pdfs/SAT/Math/part-006.pdf,439
SAT,Math,cf53cb56,pdfs/SAT/Math/part-006.pdf,440
SAT,Math,b96ff36e,pdfs/SAT/Math/part-006.pdf,441
PSAT/NMSQT & PSAT 10,Reading and Writing,48ead968,pdfs/PSAT-NMSQT-PSAT10/Reading-and-Writing/part-001.pdf,1
PSAT/NMSQT & PSAT 10,Reading and Writing,8c5213c5,pdfs/PSAT-NMSQT-PSAT10/Reading-and-Writing/part-001.pdf,3
PSAT/NMSQT & PSAT 10,Reading and Writing,3a4ad06d,pdfs/PSAT-NMSQT-PSAT10/Reading-and-Writing/part-001.pdf,4
PSAT/NMSQT & PSAT 10,Reading and Writing,f55d94a7,pdfs/PSAT-NMSQT-PSAT10/Reading-and-Writing/part-001.pdf,5
PSAT/NMSQT & PSAT 10,Reading and Writing,6b27e418,pdfs/PSAT-NMSQT-PSAT10/Reading-and-Writing/part-001.pdf,7
PSAT/NMSQT & PSAT 10,Reading and Writing,50948f5b,pdfs/PSAT-NMSQT-PSAT10/Reading-and-Writing/part-001.pdf,8
PSAT/NMSQT & PSAT 10,Reading and Writing,c1bed5c6,pdfs/PSAT-NMSQT-PSAT10/Reading-and-Writing/part-001.pdf,9
PSAT/NMSQT & PSAT 10,Reading and Writing,7b820c8c,pdfs/PSAT-NMSQT-PSAT10/Reading-and-Writing/part-001.pdf,10
PSAT/NMSQT & PSAT 10,Reading and Writing,3058ee58,pdfs/PSAT-NMSQT-PSAT10/Reading-and-Writing/part-001.pdf,11
PSAT/NMSQT & PSAT 10,Reading and Writing,94aba545,pdfs/PSAT-NMSQT-PSAT10/Reading-and-Writing/part-001.pdf,12
PSAT/NMSQT & PSAT 10,Reading and Writing,e75b4de6,pdfs/PSAT-NMSQT-PSAT10/Reading-and-Writing/part-001.pdf,13
PSAT/NMSQT & PSAT 10,Reading and Writing,2ce657bc,pdfs/PSAT-NMSQT-PSAT10/Reading-and-Writing/part-001.pdf,14
PSAT/NMSQT & PSAT 10,Reading and Writing,956cea40,pdfs/PSAT-NMSQT-PSAT10/Reading-and-Writing/part-001.pdf,16
PSAT/NMSQT & PSAT 10,Reading and Writing,9f90e548,pdfs/PSAT-NMSQT-PSAT10/Reading-and-Writing/part-001.pdf,17
PSAT/NMSQT & PSAT 10,Reading and Writing,c7502ac8,pdfs/PSAT-NMSQT-PSAT10/Reading-and-Writing/part-001.pdf,18
PSAT/NMSQT & PSAT 10,Reading and Writing,a3c10b07,pdfs/PSAT-NMSQT-PSAT10/Reading-and-Writing/part-001.pdf,19
PSAT/NMSQT & PSAT 10,Reading and Writing,c959f10a,pdfs/PSAT-NMSQT-PSAT10/Reading-and-Writing/part-001.pdf,20
PSAT/NMSQT & PSAT 10,Reading and Writing,592172e0,pdfs/PSAT-NMSQT-PSAT10/Reading-and-Writing/part-001.pdf,21
PSAT/NMSQT & PSAT 10,Reading and Writing,962e9f9e,pdfs/PSAT-NMSQT-PSAT10/Reading-and-Writing/part-001.pdf,22
PSAT/NMSQT & PSAT 10,Reading and Writing,859d335a,pdfs/PSAT-NMSQT-PSAT10/Reading-and-Writing/part-001.pdf,23
PSAT/NMSQT & PSAT 10,Reading and Writing,88687d26,pdfs/PSAT-NMSQT-PSAT10/Reading-and-Writing/part-001.pdf,24
PSAT/NMSQT & PSAT 10,Reading and Writing,8ea0034d,pdfs/PSAT-NMSQT-PSAT10/Reading-and-Writing/part-001.pdf,25
PSAT/NMSQT & PSAT 10,Reading and Writing,53efa65d,pdfs/PSAT-NMSQT-PSAT10/Reading-and-Writing/part-001.pdf,26
PSAT/NMSQT & PSAT 10,Reading and Writing,bf9902e8,pdfs/PSAT-NMSQT-PSAT10/Reading-and-Writing/part-001.pdf,27
PSAT/NMSQT & PSAT 10,Reading and Writing,7a6ff57e,pdfs/PSAT-NMSQT-PSAT10/Reading-and-Writing/part-001.pdf,28
PSAT/NMSQT & PSAT 10,Reading and Writing,da71a116,pdfs/PSAT-NMSQT-PSAT10/Reading-and-Writing/part-001.pdf,29
PSAT/NMSQT & PSAT 10,Reading and Writing,ef6cdf4f,pdfs/PSAT-NMSQT-PSAT10/Reading-and-Writing/part-001.pdf,31
PSAT/NMSQT & PSAT 10,Reading and Writing,353eab32,pdfs/PSAT-NMSQT-PSAT10/Reading-and-Writing/part-001.pdf,32
PSAT/NMSQT & PSAT 10,Reading and Writing,2020e37f,pdfs/PSAT-NMSQT-PSAT10/Reading-and-Writing/part-001.pdf,33
PSAT/NMSQT & PSAT 10,Reading and Writing,f4ee57b5,pdfs/PSAT-NMSQT-PSAT10/Reading-and-Writing/part-001.pdf,35
PSAT/NMSQT & PSAT 10,Reading and Writing,da596981,pdfs/PSAT-NMSQT-PSAT10/Reading-and-Writing/part-001.pdf,36
PSAT/NMSQT & PSAT 10,Reading and Writing,9a261015,pdfs/PSAT-NMSQT-PSAT10/Reading-and-Writing/part-001.pdf,38
PSAT/NMSQT & PSAT 10,Reading and Writing,c98af18a,pdfs/PSAT-NMSQT-PSAT10/Reading-and-Writing/part-001.pdf,39
PSAT/NMSQT & PSAT 10,Reading and Writing,242c0e0e,pdfs/PSAT-NMSQT-PSAT10/Reading-and-Writing/part-001.pdf,40
PSAT/NMSQT & PSAT 10,Reading and Writing,82e50d73,pdfs/PSAT-NMSQT-PSAT10/Reading-and-Writing/part-001.pdf,41
PSAT/NMSQT & PSAT 10,Reading and Writing,5cd140fd,pdfs/PSAT-NMSQT-PSAT10/Reading-and-Writing/part-001.pdf,42
PSAT/NMSQT & PSAT 10,Reading and Writing,d6d89e9f,pdfs/PSAT-NMSQT-PSAT10/Reading-and-Writing/part-001.pdf,44
PSAT/NMSQT & PSAT 10,Reading and Writing,61726f0d,pdfs/PSAT-NMSQT-PSAT10/Reading-and-Writing/part-001.pdf,45
PSAT/NMSQT & PSAT 10,Reading and Writing,b0bebe2d,pdfs/PSAT-NMSQT-PSAT10/Reading-and-Writing/part-001.pdf,46
PSAT/NMSQT & PSAT 10,Reading and Writing,5214021d,pdfs/PSAT-NMSQT-PSAT10/Reading-and-Writing/part-001.pdf,47
PSAT/NMSQT & PSAT 10,Reading and Writing,b66835d8,pdfs/PSAT-NMSQT-PSAT10/Reading-and-Writing/part-001.pdf,48
PSAT/NMSQT & PSAT 10,Reading and Writing,f26346be,pdfs/PSAT-NMSQT-PSAT10/Reading-and-Writing/part-001.pdf,50
PSAT/NMSQT & PSAT 10,Reading and Writing,b897d4d3,pdfs/PSAT-NMSQT-PSAT10/Reading-and-Writing/part-001.pdf,51
PSAT/NMSQT & PSAT 10,Reading and Writing,81e00e23,pdfs/PSAT-NMSQT-PSAT10/Reading-and-Writing/part-001.pdf,52
PSAT/NMSQT & PSAT 10,Reading and Writing,c3e55be2,pdfs/PSAT-NMSQT-PSAT10/Reading-and-Writing/part-001.pdf,53
PSAT/NMSQT & PSAT 10,Reading and Writing,70c992f5,pdfs/PSAT-NMSQT-PSAT10/Reading-and-Writing/part-001.pdf,55
PSAT/NMSQT & PSAT 10,Reading and Writing,94216456,pdfs/PSAT-NMSQT-PSAT10/Reading-and-Writing/part-001.pdf,57
PSAT/NMSQT & PSAT 10,Reading and Writing,6d34bc11,pdfs/PSAT-NMSQT-PSAT10/Reading-and-Writing/part-001.pdf,58
PSAT/NMSQT & PSAT 10,Reading and Writing,803913dd,pdfs/PSAT-NMSQT-PSAT10/Reading-and-Writing/part-001.pdf,59
PSAT/NMSQT & PSAT 10,Reading and Writing,fdba0746,pdfs/PSAT-NMSQT-PSAT10/Reading-and-Writing/part-001.pdf,60
PSAT/NMSQT & PSAT 10,Reading and Writing,cd900fb2,pdfs/PSAT-NMSQT-PSAT10/Reading-and-Writing/part-001.pdf,61
PSAT/NMSQT & PSAT 10,Reading and Writing,e6ca104f,pdfs/PSAT-NMSQT-PSAT10/Reading-and-Writing/part-001.pdf,62
PSAT/NMSQT & PSAT 10,Reading and Writing,76a9aa31,pdfs/PSAT-NMSQT-PSAT10/Reading-and-Writing/part-001.pdf,63
PSAT/NMSQT & PSAT 10,Reading and Writing,fe595863,pdfs/PSAT-NMSQT-PSAT10/Reading-and-Writing/part-001.pdf,64
PSAT/NMSQT & PSAT 10,Reading and Writing,ef9a2777,pdfs/PSAT-NMSQT-PSAT10/Reading-and-Writing/part-001.pdf,65
PSAT/NMSQT & PSAT 10,Reading and Writing,6d83c86b,pdfs/PSAT-NMSQT-PSAT10/Reading-and-Writing/part-001.pdf,66
PSAT/NMSQT & PSAT 10,Reading and Writing,a1ca4e04,pdfs/PSAT-NMSQT-PSAT10/Reading-and-Writing/part-001.pdf,68
PSAT/NMSQT & PSAT 10,Reading and Writing,ccc938d2,pdfs/PSAT-NMSQT-PSAT10/Reading-and-Writing/part-001.pdf,69
PSAT/NMSQT & PSAT 10,Reading and Writing,91e76b20,pdfs/PSAT-NMSQT-PSAT10/Reading-and-Writing/part-001.pdf,70
PSAT/NMSQT & PSAT 10,Reading and Writing,2e8f932a,pdfs/PSAT-NMSQT-PSAT10/Reading-and-Writing/part-001.pdf,71
PSAT/NMSQT & PSAT 10,Reading and Writing,721e6af2,pdfs/PSAT-NMSQT-PSAT10/Reading-and-Writing/part-001.pdf,73
PSAT/NMSQT & PSAT 10,Reading and Writing,296d50ce,pdfs/PSAT-NMSQT-PSAT10/Reading-and-Writing/part-001.pdf,74
PSAT/NMSQT & PSAT 10,Reading and Writing,76543181,pdfs/PSAT-NMSQT-PSAT10/Reading-and-Writing/part-001.pdf,75
PSAT/NMSQT & PSAT 10,Reading and Writing,a00743cd,pdfs/PSAT-NMSQT-PSAT10/Reading-and-Writing/part-001.pdf,76
PSAT/NMSQT & PSAT 10,Reading and Writing,63589002,pdfs/PSAT-NMSQT-PSAT10/Reading-and-Writing/part-001.pdf,77
PSAT/NMSQT & PSAT 10,Reading and Writing,bed55dd0,pdfs/PSAT-NMSQT-PSAT10/Reading-and-Writing/part-001.pdf,78
PSAT/NMSQT & PSAT 10,Reading and Writing,13751c70,pdfs/PSAT-NMSQT-PSAT10/Reading-and-Writing/part-001.pdf,79
PSAT/NMSQT & PSAT 10,Reading and Writing,ff3cfbc2,pdfs/PSAT-NMSQT-PSAT10/Reading-and-Writing/part-001.pdf,80
PSAT/NMSQT & PSAT 10,Reading and Writing,1d2bce30,pdfs/PSAT-NMSQT-PSAT10/Reading-and-Writing/part-001.pdf,81
PSAT/NMSQT & PSAT 10,Reading and Writing,6e942780,pdfs/PSAT-NMSQT-PSAT10/Reading-and-Writing/part-001.pdf,82
PSAT/NMSQT & PSAT 10,Reading and Writing,0d06ad3d,pdfs/PSAT-NMSQT-PSAT10/Reading-and-Writing/part-001.pdf,84
PSAT/NMSQT & PSAT 10,Reading and Writing,b655219e,pdfs/PSAT-NMSQT-PSAT10/Reading-and-Writing/part-001.pdf,85
PSAT/NMSQT & PSAT 10,Reading and Writing,bc94fc65,pdfs/PSAT-NMSQT-PSAT10/Reading-and-Writing/part-001.pdf,86
PSAT/NMSQT & PSAT 10,Reading and Writing,46ce84d4,pdfs/PSAT-NMSQT-PSAT10/Reading-and-Writing/part-001.pdf,87
PSAT/NMSQT & PSAT 10,Reading and Writing,254be0fe,pdfs/PSAT-NMSQT-PSAT10/Reading-and-Writing/part-001.pdf,89
PSAT/NMSQT & PSAT 10,Reading and Writing,5745f9f6,pdfs/PSAT-NMSQT-PSAT10/Reading-and-Writing/part-001.pdf,90
PSAT/NMSQT & PSAT 10,Reading and Writing,bca43b29,pdfs/PSAT-NMSQT-PSAT10/Reading-and-Writing/part-001.pdf,91
PSAT/NMSQT & PSAT 10,Reading and Writing,bb1557fc,pdfs/PSAT-NMSQT-PSAT10/Reading-and-Writing/part-001.pdf,93
PSAT/NMSQT & PSAT 10,Reading and Writing,2753d18c,pdfs/PSAT-NMSQT-PSAT10/Reading-and-Writing/part-001.pdf,94
PSAT/NMSQT & PSAT 10,Reading and Writing,4ecba06c,pdfs/PSAT-NMSQT-PSAT10/Reading-and-Writing/part-001.pdf,95
PSAT/NMSQT & PSAT 10,Reading and Writing,e9dd5efa,pdfs/PSAT-NMSQT-PSAT10/Reading-and-Writing/part-001.pdf,96
PSAT/NMSQT & PSAT 10,Reading and Writing,f063c6ec,pdfs/PSAT-NMSQT-PSAT10/Reading-and-Writing/part-001.pdf,97
PSAT/NMSQT & PSAT 10,Reading and Writing,63f7d343,pdfs/PSAT-NMSQT-PSAT10/Reading-and-Writing/part-001.pdf,98
PSAT/NMSQT & PSAT 10,Reading and Writing,4ba50f3e,pdfs/PSAT-NMSQT-PSAT10/Reading-and-Writing/part-001.pdf,99
PSAT/NMSQT & PSAT 10,Reading and Writing,4fd9c280,pdfs/PSAT-NMSQT-PSAT10/Reading-and-Writing/part-001.pdf,100
PSAT/NMSQT & PSAT 10,Reading and Writing,915f188c,pdfs/PSAT-NMSQT-PSAT10/Reading-and-Writing/part-001.pdf,101
PSAT/NMSQT & PSAT 10,Reading and Writing,b33afc15,pdfs/PSAT-NMSQT-PSAT10/Reading-and-Writing/part-001.pdf,102
PSAT/NMSQT & PSAT 10,Reading and Writing,674b5de9,pdfs/PSAT-NMSQT-PSAT10/Reading-and-Writing/part-001.pdf,103
PSAT/NMSQT & PSAT 10,Reading and Writing,55a0521c,pdfs/PSAT-NMSQT-PSAT10/Reading-and-Writing/part-001.pdf,105
PSAT/NMSQT & PSAT 10,Reading and Writing,6b8682d4,pdfs/PSAT-NMSQT-PSAT10/Reading-and-Writing/part-001.pdf,106
PSAT/NMSQT & PSAT 10,Reading and Writing,b47336eb,pdfs/PSAT-NMSQT-PSAT10/Reading-and-Writing/part-001.pdf,107
PSAT/NMSQT & PSAT 10,Reading and Writing,c2889290,pdfs/PSAT-NMSQT-PSAT10/Reading-and-Writing/part-001.pdf,108
PSAT/NMSQT & PSAT 10,Reading and Writing,fc0036f7,pdfs/PSAT-NMSQT-PSAT10/Reading-and-Writing/part-001.pdf,109
PSAT/NMSQT & PSAT 10,Reading and Writing,96b04be5,pdfs/PSAT-NMSQT-PSAT10/Reading-and-Writing/part-001.pdf,110
PSAT/NMSQT & PSAT 10,Reading and Writing,9ebd8bb9,pdfs/PSAT-NMSQT-PSAT10/Reading-and-Writing/part-001.pdf,111
PSAT/NMSQT & PSAT 10,Reading and Writing,fc2ebd49,pdfs/PSAT-NMSQT-PSAT10/Reading-and-Writing/part-001.pdf,112
PSAT/NMSQT & PSAT 10,Reading and Writing,2631cde9,pdfs/PSAT-NMSQT-PSAT10/Reading-and-Writing/part-001.pdf,114
PSAT/NMSQT & PSAT 10,Reading and Writing,0bc8f3eb,pdfs/PSAT-NMSQT-PSAT10/Reading-and-Writing/part-001.pdf,115
PSAT/NMSQT & PSAT 10,Reading and Writing,811c3e07,pdfs/PSAT-NMSQT-PSAT10/Reading-and-Writing/part-001.pdf,116
PSAT/NMSQT & PSAT 10,Reading and Writing,3f36d6c6,pdfs/PSAT-NMSQT-PSAT10/Reading-and-Writing/part-001.pdf,117
PSAT/NMSQT & PSAT 10,Reading and Writing,117f7246,pdfs/PSAT-NMSQT-PSAT10/Reading-and-Writing/part-001.pdf,118
PSAT/NMSQT & PSAT 10,Reading and Writing,bab79dd0,pdfs/PSAT-NMSQT-PSAT10/Reading-and-Writing/part-001.pdf,120
PSAT/NMSQT & PSAT 10,Reading and Writing,a0f1528c,pdfs/PSAT-NMSQT-PSAT10/Reading-and-Writing/part-001.pdf,121
PSAT/NMSQT & PSAT 10,Reading and Writing,9d9ee176,pdfs/PSAT-NMSQT-PSAT10/Reading-and-Writing/part-001.pdf,122
PSAT/NMSQT & PSAT 10,Reading and Writing,7cd37b09,pdfs/PSAT-NMSQT-PSAT10/Reading-and-Writing/part-001.pdf,123
PSAT/NMSQT & PSAT 10,Reading and Writing,8f32a810,pdfs/PSAT-NMSQT-PSAT10/Reading-and-Writing/part-001.pdf,124
PSAT/NMSQT & PSAT 10,Reading and Writing,6405262d,pdfs/PSAT-NMSQT-PSAT10/Reading-and-Writing/part-001.pdf,126
PSAT/NMSQT & PSAT 10,Reading and Writing,de8ce4a5,pdfs/PSAT-NMSQT-PSAT10/Reading-and-Writing/part-001.pdf,127
PSAT/NMSQT & PSAT 10,Reading and Writing,8a5459f8,pdfs/PSAT-NMSQT-PSAT10/Reading-and-Writing/part-001.pdf,129
PSAT/NMSQT & PSAT 10,Reading and Writing,7c13955a,pdfs/PSAT-NMSQT-PSAT10/Reading-and-Writing/part-001.pdf,130
PSAT/NMSQT & PSAT 10,Reading and Writing,fc6aaded,pdfs/PSAT-NMSQT-PSAT10/Reading-and-Writing/part-001.pdf,131
PSAT/NMSQT & PSAT 10,Reading and Writing,07f686fe,pdfs/PSAT-NMSQT-PSAT10/Reading-and-Writing/part-001.pdf,133
PSAT/NMSQT & PSAT 10,Reading and Writing,39d0de68,pdfs/PSAT-NMSQT-PSAT10/Reading-and-Writing/part-001.pdf,134
PSAT/NMSQT & PSAT 10,Reading and Writing,c0297ef7,pdfs/PSAT-NMSQT-PSAT10/Reading-and-Writing/part-001.pdf,135
PSAT/NMSQT & PSAT 10,Reading and Writing,196f220d,pdfs/PSAT-NMSQT-PSAT10/Reading-and-Writing/part-001.pdf,136
PSAT/NMSQT & PSAT 10,Reading and Writing,df4efc49,pdfs/PSAT-NMSQT-PSAT10/Reading-and-Writing/part-001.pdf,137
PSAT/NMSQT & PSAT 10,Reading and Writing,63e77886,pdfs/PSAT-NMSQT-PSAT10/Reading-and-Writing/part-001.pdf,138
PSAT/NMSQT & PSAT 10,Reading and Writing,5c95052c,pdfs/PSAT-NMSQT-PSAT10/Reading-and-Writing/part-001.pdf,139
PSAT/NMSQT & PSAT 10,Reading and Writing,e17d8909,pdfs/PSAT-NMSQT-PSAT10/Reading-and-Writing/part-001.pdf,140
PSAT/NMSQT & PSAT 10,Reading and Writing,dc8d8d2b,pdfs/PSAT-NMSQT-PSAT10/Reading-and-Writing/part-001.pdf,141
PSAT/NMSQT & PSAT 10,Reading and Writing,7ff57a30,pdfs/PSAT-NMSQT-PSAT10/Reading-and-Writing/part-001.pdf,143
PSAT/NMSQT & PSAT 10,Reading and Writing,06dbd232,pdfs/PSAT-NMSQT-PSAT10/Reading-and-Writing/part-001.pdf,144
PSAT/NMSQT & PSAT 10,Reading and Writing,9fa43164,pdfs/PSAT-NMSQT-PSAT10/Reading-and-Writing/part-001.pdf,145
PSAT/NMSQT & PSAT 10,Reading and Writing,b3ae9fdb,pdfs/PSAT-NMSQT-PSAT10/Reading-and-Writing/part-001.pdf,146
PSAT/NMSQT & PSAT 10,Reading and Writing,7805c321,pdfs/PSAT-NMSQT-PSAT10/Reading-and-Writing/part-001.pdf,147
PSAT/NMSQT & PSAT 10,Reading and Writing,5c3d5f96,pdfs/PSAT-NMSQT-PSAT10/Reading-and-Writing/part-001.pdf,148
PSAT/NMSQT & PSAT 10,Reading and Writing,e1603153,pdfs/PSAT-NMSQT-PSAT10/Reading-and-Writing/part-001.pdf,150
PSAT/NMSQT & PSAT 10,Reading and Writing,75225225,pdfs/PSAT-NMSQT-PSAT10/Reading-and-Writing/part-001.pdf,151
PSAT/NMSQT & PSAT 10,Reading and Writing,04a8f85a,pdfs/PSAT-NMSQT-PSAT10/Reading-and-Writing/part-001.pdf,152
PSAT/NMSQT & PSAT 10,Reading and Writing,0176670d,pdfs/PSAT-NMSQT-PSAT10/Reading-and-Writing/part-001.pdf,153
PSAT/NMSQT & PSAT 10,Reading and Writing,8bc6a395,pdfs/PSAT-NMSQT-PSAT10/Reading-and-Writing/part-001.pdf,154
PSAT/NMSQT & PSAT 10,Reading and Writing,255a80e8,pdfs/PSAT-NMSQT-PSAT10/Reading-and-Writing/part-001.pdf,155
PSAT/NMSQT & PSAT 10,Reading and Writing,07d9790f,pdfs/PSAT-NMSQT-PSAT10/Reading-and-Writing/part-001.pdf,156
PSAT/NMSQT & PSAT 10,Reading and Writing,6fb910b3,pdfs/PSAT-NMSQT-PSAT10/Reading-and-Writing/part-001.pdf,157
PSAT/NMSQT & PSAT 10,Reading and Writing,d5f424bb,pdfs/PSAT-NMSQT-PSAT10/Reading-and-Writing/part-001.pdf,158
PSAT/NMSQT & PSAT 10,Reading and Writing,a6fe2ac5,pdfs/PSAT-NMSQT-PSAT10/Reading-and-Writing/part-001.pdf,159
PSAT/NMSQT & PSAT 10,Reading and Writing,aa1e80e0,pdfs/PSAT-NMSQT-PSAT10/Reading-and-Writing/part-001.pdf,162
PSAT/NMSQT & PSAT 10,Reading and Writing,7a8e9e42,pdfs/PSAT-NMSQT-PSAT10/Reading-and-Writing/part-001.pdf,163
PSAT/NMSQT & PSAT 10,Reading and Writing,e7fc0d4e,pdfs/PSAT-NMSQT-PSAT10/Reading-and-Writing/part-001.pdf,164
PSAT/NMSQT & PSAT 10,Reading and Writing,da352ae3,pdfs/PSAT-NMSQT-PSAT10/Reading-and-Writing/part-001.pdf,165
PSAT/NMSQT & PSAT 10,Reading and Writing,ca85a086,pdfs/PSAT-NMSQT-PSAT10/Reading-and-Writing/part-001.pdf,166
PSAT/NMSQT & PSAT 10,Reading and Writing,eaf55c55,pdfs/PSAT-NMSQT-PSAT10/Reading-and-Writing/part-001.pdf,167
PSAT/NMSQT & PSAT 10,Reading and Writing,117304cd,pdfs/PSAT-NMSQT-PSAT10/Reading-and-Writing/part-001.pdf,169
PSAT/NMSQT & PSAT 10,Reading and Writing,574e6245,pdfs/PSAT-NMSQT-PSAT10/Reading-and-Writing/part-001.pdf,170
PSAT/NMSQT & PSAT 10,Reading and Writing,d305f8f1,pdfs/PSAT-NMSQT-PSAT10/Reading-and-Writing/part-001.pdf,171
PSAT/NMSQT & PSAT 10,Reading and Writing,f5bb4052,pdfs/PSAT-NMSQT-PSAT10/Reading-and-Writing/part-001.pdf,172
PSAT/NMSQT & PSAT 10,Reading and Writing,633be89d,pdfs/PSAT-NMSQT-PSAT10/Reading-and-Writing/part-001.pdf,173
PSAT/NMSQT & PSAT 10,Reading and Writing,bed50806,pdfs/PSAT-NMSQT-PSAT10/Reading-and-Writing/part-001.pdf,174
PSAT/NMSQT & PSAT 10,Reading and Writing,97108e98,pdfs/PSAT-NMSQT-PSAT10/Reading-and-Writing/part-001.pdf,176
PSAT/NMSQT & PSAT 10,Reading and Writing,5252137b,pdfs/PSAT-NMSQT-PSAT10/Reading-and-Writing/part-001.pdf,178
PSAT/NMSQT & PSAT 10,Reading and Writing,607385ae,pdfs/PSAT-NMSQT-PSAT10/Reading-and-Writing/part-001.pdf,179
PSAT/NMSQT & PSAT 10,Reading and Writing,3aa136eb,pdfs/PSAT-NMSQT-PSAT10/Reading-and-Writing/part-001.pdf,180
PSAT/NMSQT & PSAT 10,Reading and Writing,a39c17ec,pdfs/PSAT-NMSQT-PSAT10/Reading-and-Writing/part-001.pdf,181
PSAT/NMSQT & PSAT 10,Reading and Writing,8b2d7030,pdfs/PSAT-NMSQT-PSAT10/Reading-and-Writing/part-001.pdf,182
PSAT/NMSQT & PSAT 10,Reading and Writing,68e31e81,pdfs/PSAT-NMSQT-PSAT10/Reading-and-Writing/part-001.pdf,183
PSAT/NMSQT & PSAT 10,Reading and Writing,ae97fe96,pdfs/PSAT-NMSQT-PSAT10/Reading-and-Writing/part-001.pdf,185
PSAT/NMSQT & PSAT 10,Reading and Writing,37088567,pdfs/PSAT-NMSQT-PSAT10/Reading-and-Writing/part-001.pdf,186
PSAT/NMSQT & PSAT 10,Reading and Writing,69117956,pdfs/PSAT-NMSQT-PSAT10/Reading-and-Writing/part-001.pdf,187
PSAT/NMSQT & PSAT 10,Reading and Writing,4ee8fec3,pdfs/PSAT-NMSQT-PSAT10/Reading-and-Writing/part-001.pdf,188
PSAT/NMSQT & PSAT 10,Reading and Writing,80f34f4d,pdfs/PSAT-NMSQT-PSAT10/Reading-and-Writing/part-001.pdf,189
PSAT/NMSQT & PSAT 10,Reading and Writing,b015f7a8,pdfs/PSAT-NMSQT-PSAT10/Reading-and-Writing/part-001.pdf,190
PSAT/NMSQT & PSAT 10,Reading and Writing,9089b238,pdfs/PSAT-NMSQT-PSAT10/Reading-and-Writing/part-001.pdf,191
PSAT/NMSQT & PSAT 10,Reading and Writing,af02ed49,pdfs/PSAT-NMSQT-PSAT10/Reading-and-Writing/part-001.pdf,192
PSAT/NMSQT & PSAT 10,Reading and Writing,1ba4b12f,pdfs/PSAT-NMSQT-PSAT10/Reading-and-Writing/part-001.pdf,193
PSAT/NMSQT & PSAT 10,Reading and Writing,e198dc42,pdfs/PSAT-NMSQT-PSAT10/Reading-and-Writing/part-001.pdf,194
PSAT/NMSQT & PSAT 10,Reading and Writing,ede59bd3,pdfs/PSAT-NMSQT-PSAT10/Reading-and-Writing/part-001.pdf,196
PSAT/NMSQT & PSAT 10,Reading and Writing,d13a0b6d,pdfs/PSAT-NMSQT-PSAT10/Reading-and-Writing/part-001.pdf,197
PSAT/NMSQT & PSAT 10,Reading and Writing,0616f3bf,pdfs/PSAT-NMSQT-PSAT10/Reading-and-Writing/part-001.pdf,198
PSAT/NMSQT & PSAT 10,Reading and Writing,e5e5fb63,pdfs/PSAT-NMSQT-PSAT10/Reading-and-Writing/part-001.pdf,200
PSAT/NMSQT & PSAT 10,Reading and Writing,dedd4920,pdfs/PSAT-NMSQT-PSAT10/Reading-and-Writing/part-001.pdf,201
PSAT/NMSQT & PSAT 10,Reading and Writing,3cd9aedb,pdfs/PSAT-NMSQT-PSAT10/Reading-and-Writing/part-001.pdf,203
PSAT/NMSQT & PSAT 10,Reading and Writing,3531309d,pdfs/PSAT-NMSQT-PSAT10/Reading-and-Writing/part-001.pdf,205
PSAT/NMSQT & PSAT 10,Reading and Writing,ba31c78a,pdfs/PSAT-NMSQT-PSAT10/Reading-and-Writing/part-001.pdf,207
PSAT/NMSQT & PSAT 10,Reading and Writing,a433418c,pdfs/PSAT-NMSQT-PSAT10/Reading-and-Writing/part-001.pdf,208
PSAT/NMSQT & PSAT 10,Reading and Writing,30eb91b3,pdfs/PSAT-NMSQT-PSAT10/Reading-and-Writing/part-001.pdf,209
PSAT/NMSQT & PSAT 10,Reading and Writing,e96cf11d,pdfs/PSAT-NMSQT-PSAT10/Reading-and-Writing/part-001.pdf,210
PSAT/NMSQT & PSAT 10,Reading and Writing,63fcafab,pdfs/PSAT-NMSQT-PSAT10/Reading-and-Writing/part-001.pdf,211
PSAT/NMSQT & PSAT 10,Reading and Writing,42df79d7,pdfs/PSAT-NMSQT-PSAT10/Reading-and-Writing/part-001.pdf,212
PSAT/NMSQT & PSAT 10,Reading and Writing,fb3ffc3a,pdfs/PSAT-NMSQT-PSAT10/Reading-and-Writing/part-001.pdf,213
PSAT/NMSQT & PSAT 10,Reading and Writing,7b5b009d,pdfs/PSAT-NMSQT-PSAT10/Reading-and-Writing/part-001.pdf,214
PSAT/NMSQT & PSAT 10,Reading and Writing,26d8f8fb,pdfs/PSAT-NMSQT-PSAT10/Reading-and-Writing/part-001.pdf,215
PSAT/NMSQT & PSAT 10,Reading and Writing,64618d1a,pdfs/PSAT-NMSQT-PSAT10/Reading-and-Writing/part-001.pdf,216
PSAT/NMSQT & PSAT 10,Reading and Writing,21f1d59b,pdfs/PSAT-NMSQT-PSAT10/Reading-and-Writing/part-001.pdf,217
PSAT/NMSQT & PSAT 10,Reading and Writing,b182e25f,pdfs/PSAT-NMSQT-PSAT10/Reading-and-Writing/part-001.pdf,218
PSAT/NMSQT & PSAT 10,Reading and Writing,a4a67c05,pdfs/PSAT-NMSQT-PSAT10/Reading-and-Writing/part-001.pdf,219
PSAT/NMSQT & PSAT 10,Reading and Writing,118eeafc,pdfs/PSAT-NMSQT-PSAT10/Reading-and-Writing/part-001.pdf,220
PSAT/NMSQT & PSAT 10,Reading and Writing,d678ae15,pdfs/PSAT-NMSQT-PSAT10/Reading-and-Writing/part-001.pdf,221
PSAT/NMSQT & PSAT 10,Reading and Writing,eb6e9d0f,pdfs/PSAT-NMSQT-PSAT10/Reading-and-Writing/part-001.pdf,222
PSAT/NMSQT & PSAT 10,Reading and Writing,6b64950e,pdfs/PSAT-NMSQT-PSAT10/Reading-and-Writing/part-001.pdf,223
PSAT/NMSQT & PSAT 10,Reading and Writing,7c098071,pdfs/PSAT-NMSQT-PSAT10/Reading-and-Writing/part-001.pdf,224
PSAT/NMSQT & PSAT 10,Reading and Writing,7d3a5581,pdfs/PSAT-NMSQT-PSAT10/Reading-and-Writing/part-001.pdf,225
PSAT/NMSQT & PSAT 10,Reading and Writing,1a7e0ba2,pdfs/PSAT-NMSQT-PSAT10/Reading-and-Writing/part-001.pdf,226
PSAT/NMSQT & PSAT 10,Reading and Writing,b89ac4d6,pdfs/PSAT-NMSQT-PSAT10/Reading-and-Writing/part-001.pdf,227
PSAT/NMSQT & PSAT 10,Reading and Writing,76c7325a,pdfs/PSAT-NMSQT-PSAT10/Reading-and-Writing/part-001.pdf,228
PSAT/NMSQT & PSAT 10,Reading and Writing,83a81640,pdfs/PSAT-NMSQT-PSAT10/Reading-and-Writing/part-001.pdf,229
PSAT/NMSQT & PSAT 10,Reading and Writing,082499f7,pdfs/PSAT-NMSQT-PSAT10/Reading-and-Writing/part-001.pdf,230
PSAT/NMSQT & PSAT 10,Reading and Writing,a0080d8d,pdfs/PSAT-NMSQT-PSAT10/Reading-and-Writing/part-001.pdf,231
PSAT/NMSQT & PSAT 10,Reading and Writing,5af88dcc,pdfs/PSAT-NMSQT-PSAT10/Reading-and-Writing/part-001.pdf,233
PSAT/NMSQT & PSAT 10,Reading and Writing,048a342a,pdfs/PSAT-NMSQT-PSAT10/Reading-and-Writing/part-001.pdf,234
PSAT/NMSQT & PSAT 10,Reading and Writing,e3821729,pdfs/PSAT-NMSQT-PSAT10/Reading-and-Writing/part-001.pdf,236
PSAT/NMSQT & PSAT 10,Reading and Writing,fbff44aa,pdfs/PSAT-NMSQT-PSAT10/Reading-and-Writing/part-001.pdf,237
PSAT/NMSQT & PSAT 10,Reading and Writing,439a7144,pdfs/PSAT-NMSQT-PSAT10/Reading-and-Writing/part-001.pdf,238
PSAT/NMSQT & PSAT 10,Reading and Writing,02cf994d,pdfs/PSAT-NMSQT-PSAT10/Reading-and-Writing/part-001.pdf,240
PSAT/NMSQT & PSAT 10,Reading and Writing,52ecc30f,pdfs/PSAT-NMSQT-PSAT10/Reading-and-Writing/part-001.pdf,242
PSAT/NMSQT & PSAT 10,Reading and Writing,bd796d74,pdfs/PSAT-NMSQT-PSAT10/Reading-and-Writing/part-001.pdf,244
PSAT/NMSQT & PSAT 10,Reading and Writing,f333c916,pdfs/PSAT-NMSQT-PSAT10/Reading-and-Writing/part-001.pdf,245
PSAT/NMSQT & PSAT 10,Reading and Writing,b1a158c8,pdfs/PSAT-NMSQT-PSAT10/Reading-and-Writing/part-001.pdf,247
PSAT/NMSQT & PSAT 10,Reading and Writing,e03ad99a,pdfs/PSAT-NMSQT-PSAT10/Reading-and-Writing/part-001.pdf,249
PSAT/NMSQT & PSAT 10,Reading and Writing,ea061d28,pdfs/PSAT-NMSQT-PSAT10/Reading-and-Writing/part-001.pdf,250
PSAT/NMSQT & PSAT 10,Reading and Writing,f9c17f33,pdfs/PSAT-NMSQT-PSAT10/Reading-and-Writing/part-001.pdf,251
PSAT/NMSQT & PSAT 10,Reading and Writing,6d39dd28,pdfs/PSAT-NMSQT-PSAT10/Reading-and-Writing/part-001.pdf,253
PSAT/NMSQT & PSAT 10,Reading and Writing,a5801f74,pdfs/PSAT-NMSQT-PSAT10/Reading-and-Writing/part-001.pdf,254
PSAT/NMSQT & PSAT 10,Reading and Writing,2e97d671,pdfs/PSAT-NMSQT-PSAT10/Reading-and-Writing/part-001.pdf,255
PSAT/NMSQT & PSAT 10,Reading and Writing,fa6fcd44,pdfs/PSAT-NMSQT-PSAT10/Reading-and-Writing/part-001.pdf,256
PSAT/NMSQT & PSAT 10,Reading and Writing,b37f1034,pdfs/PSAT-NMSQT-PSAT10/Reading-and-Writing/part-001.pdf,257
PSAT/NMSQT & PSAT 10,Reading and Writing,de82844e,pdfs/PSAT-NMSQT-PSAT10/Reading-and-Writing/part-001.pdf,258
PSAT/NMSQT & PSAT 10,Reading and Writing,06474146,pdfs/PSAT-NMSQT-PSAT10/Reading-and-Writing/part-001.pdf,259
PSAT/NMSQT & PSAT 10,Reading and Writing,bcf91e3b,pdfs/PSAT-NMSQT-PSAT10/Reading-and-Writing/part-001.pdf,260
PSAT/NMSQT & PSAT 10,Reading and Writing,372e6b70,pdfs/PSAT-NMSQT-PSAT10/Reading-and-Writing/part-001.pdf,261
PSAT/NMSQT & PSAT 10,Reading and Writing,25264ed5,pdfs/PSAT-NMSQT-PSAT10/Reading-and-Writing/part-001.pdf,263
PSAT/NMSQT & PSAT 10,Reading and Writing,ecdff8b3,pdfs/PSAT-NMSQT-PSAT10/Reading-and-Writing/part-001.pdf,265
PSAT/NMSQT & PSAT 10,Reading and Writing,9763c9f4,pdfs/PSAT-NMSQT-PSAT10/Reading-and-Writing/part-001.pdf,266
PSAT/NMSQT & PSAT 10,Reading and Writing,a7802897,pdfs/PSAT-NMSQT-PSAT10/Reading-and-Writing/part-001.pdf,267
PSAT/NMSQT & PSAT 10,Reading and Writing,69c72f4b,pdfs/PSAT-NMSQT-PSAT10/Reading-and-Writing/part-001.pdf,269
PSAT/NMSQT & PSAT 10,Reading and Writing,0eb6e9e1,pdfs/PSAT-NMSQT-PSAT10/Reading-and-Writing/part-001.pdf,270
PSAT/NMSQT & PSAT 10,Reading and Writing,a63b7794,pdfs/PSAT-NMSQT-PSAT10/Reading-and-Writing/part-001.pdf,271
PSAT/NMSQT & PSAT 10,Reading and Writing,baa10d99,pdfs/PSAT-NMSQT-PSAT10/Reading-and-Writing/part-001.pdf,272
PSAT/NMSQT & PSAT 10,Reading and Writing,1ae36de9,pdfs/PSAT-NMSQT-PSAT10/Reading-and-Writing/part-001.pdf,273
PSAT/NMSQT & PSAT 10,Reading and Writing,f132c818,pdfs/PSAT-NMSQT-PSAT10/Reading-and-Writing/part-001.pdf,274
PSAT/NMSQT & PSAT 10,Reading and Writing,f69bfe23,pdfs/PSAT-NMSQT-PSAT10/Reading-and-Writing/part-001.pdf,275
PSAT/NMSQT & PSAT 10,Reading and Writing,bb34c9a4,pdfs/PSAT-NMSQT-PSAT10/Reading-and-Writing/part-001.pdf,276
PSAT/NMSQT & PSAT 10,Reading and Writing,0b983b6a,pdfs/PSAT-NMSQT-PSAT10/Reading-and-Writing/part-001.pdf,277
PSAT/NMSQT & PSAT 10,Reading and Writing,d3bc13a4,pdfs/PSAT-NMSQT-PSAT10/Reading-and-Writing/part-001.pdf,278
PSAT/NMSQT & PSAT 10,Reading and Writing,321c368b,pdfs/PSAT-NMSQT-PSAT10/Reading-and-Writing/part-001.pdf,279
PSAT/NMSQT & PSAT 10,Reading and Writing,88dafe0e,pdfs/PSAT-NMSQT-PSAT10/Reading-and-Writing/part-001.pdf,281
PSAT/NMSQT & PSAT 10,Reading and Writing,bcf9eb58,pdfs/PSAT-NMSQT-PSAT10/Reading-and-Writing/part-001.pdf,282
PSAT/NMSQT & PSAT 10,Reading and Writing,ce93b596,pdfs/PSAT-NMSQT-PSAT10/Reading-and-Writing/part-001.pdf,283
PSAT/NMSQT & PSAT 10,Reading and Writing,466e76ff,pdfs/PSAT-NMSQT-PSAT10/Reading-and-Writing/part-001.pdf,284
PSAT/NMSQT & PSAT 10,Reading and Writing,25375564,pdfs/PSAT-NMSQT-PSAT10/Reading-and-Writing/part-001.pdf,285
PSAT/NMSQT & PSAT 10,Reading and Writing,977aef2f,pdfs/PSAT-NMSQT-PSAT10/Reading-and-Writing/part-001.pdf,286
PSAT/NMSQT & PSAT 10,Reading and Writing,badceece,pdfs/PSAT-NMSQT-PSAT10/Reading-and-Writing/part-001.pdf,287
PSAT/NMSQT & PSAT 10,Reading and Writing,9e7b8d0f,pdfs/PSAT-NMSQT-PSAT10/Reading-and-Writing/part-001.pdf,289
PSAT/NMSQT & PSAT 10,Reading and Writing,3ff0e066,pdfs/PSAT-NMSQT-PSAT10/Reading-and-Writing/part-001.pdf,290
PSAT/NMSQT & PSAT 10,Reading and Writing,b2682f03,pdfs/PSAT-NMSQT-PSAT10/Reading-and-Writing/part-001.pdf,291
PSAT/NMSQT & PSAT 10,Reading and Writing,13ae9989,pdfs/PSAT-NMSQT-PSAT10/Reading-and-Writing/part-001.pdf,293
PSAT/NMSQT & PSAT 10,Reading and Writing,d3d3217e,pdfs/PSAT-NMSQT-PSAT10/Reading-and-Writing/part-001.pdf,294
PSAT/NMSQT & PSAT 10,Reading and Writing,ee9004b8,pdfs/PSAT-NMSQT-PSAT10/Reading-and-Writing/part-001.pdf,295
PSAT/NMSQT & PSAT 10,Reading and Writing,bf4fb760,pdfs/PSAT-NMSQT-PSAT10/Reading-and-Writing/part-001.pdf,296
PSAT/NMSQT & PSAT 10,Reading and Writing,e7f2e698,pdfs/PSAT-NMSQT-PSAT10/Reading-and-Writing/part-001.pdf,297
PSAT/NMSQT & PSAT 10,Reading and Writing,30f008d6,pdfs/PSAT-NMSQT-PSAT10/Reading-and-Writing/part-001.pdf,299
PSAT/NMSQT & PSAT 10,Reading and Writing,338d4539,pdfs/PSAT-NMSQT-PSAT10/Reading-and-Writing/part-001.pdf,300
PSAT/NMSQT & PSAT 10,Reading and Writing,32514d63,pdfs/PSAT-NMSQT-PSAT10/Reading-and-Writing/part-001.pdf,301
PSAT/NMSQT & PSAT 10,Reading and Writing,c4413f1c,pdfs/PSAT-NMSQT-PSAT10/Reading-and-Writing/part-001.pdf,302
PSAT/NMSQT & PSAT 10,Reading and Writing,0f10563f,pdfs/PSAT-NMSQT-PSAT10/Reading-and-Writing/part-001.pdf,303
PSAT/NMSQT & PSAT 10,Reading and Writing,0e8e7b40,pdfs/PSAT-NMSQT-PSAT10/Reading-and-Writing/part-001.pdf,304
PSAT/NMSQT & PSAT 10,Reading and Writing,a600e61c,pdfs/PSAT-NMSQT-PSAT10/Reading-and-Writing/part-001.pdf,305
PSAT/NMSQT & PSAT 10,Reading and Writing,4e21f987,pdfs/PSAT-NMSQT-PSAT10/Reading-and-Writing/part-001.pdf,306
PSAT/NMSQT & PSAT 10,Reading and Writing,8835de19,pdfs/PSAT-NMSQT-PSAT10/Reading-and-Writing/part-001.pdf,307
PSAT/NMSQT & PSAT 10,Reading and Writing,8f23ffbb,pdfs/PSAT-NMSQT-PSAT10/Reading-and-Writing/part-001.pdf,308
PSAT/NMSQT & PSAT 10,Reading and Writing,18cb7e95,pdfs/PSAT-NMSQT-PSAT10/Reading-and-Writing/part-001.pdf,309
PSAT/NMSQT & PSAT 10,Reading and Writing,021bb787,pdfs/PSAT-NMSQT-PSAT10/Reading-and-Writing/part-001.pdf,310
PSAT/NMSQT & PSAT 10,Reading and Writing,ceca01a3,pdfs/PSAT-NMSQT-PSAT10/Reading-and-Writing/part-001.pdf,311
PSAT/NMSQT & PSAT 10,Reading and Writing,f30a99ea,pdfs/PSAT-NMSQT-PSAT10/Reading-and-Writing/part-001.pdf,312
PSAT/NMSQT & PSAT 10,Reading and Writing,a3bb29d0,pdfs/PSAT-NMSQT-PSAT10/Reading-and-Writing/part-001.pdf,313
PSAT/NMSQT & PSAT 10,Reading and Writing,34b503c1,pdfs/PSAT-NMSQT-PSAT10/Reading-and-Writing/part-001.pdf,314
PSAT/NMSQT & PSAT 10,Reading and Writing,4ea9876e,pdfs/PSAT-NMSQT-PSAT10/Reading-and-Writing/part-001.pdf,316
PSAT/NMSQT & PSAT 10,Reading and Writing,a560abea,pdfs/PSAT-NMSQT-PSAT10/Reading-and-Writing/part-001.pdf,317
PSAT/NMSQT & PSAT 10,Reading and Writing,e72eae50,pdfs/PSAT-NMSQT-PSAT10/Reading-and-Writing/part-001.pdf,318
PSAT/NMSQT & PSAT 10,Reading and Writing,04515b94,pdfs/PSAT-NMSQT-PSAT10/Reading-and-Writing/part-001.pdf,319
PSAT/NMSQT & PSAT 10,Reading and Writing,3da0f710,pdfs/PSAT-NMSQT-PSAT10/Reading-and-Writing/part-001.pdf,321
PSAT/NMSQT & PSAT 10,Reading and Writing,203f5236,pdfs/PSAT-NMSQT-PSAT10/Reading-and-Writing/part-001.pdf,322
PSAT/NMSQT & PSAT 10,Reading and Writing,0b965397,pdfs/PSAT-NMSQT-PSAT10/Reading-and-Writing/part-001.pdf,323
PSAT/NMSQT & PSAT 10,Reading and Writing,72a29031,pdfs/PSAT-NMSQT-PSAT10/Reading-and-Writing/part-001.pdf,324
PSAT/NMSQT & PSAT 10,Reading and Writing,48422f1c,pdfs/PSAT-NMSQT-PSAT10/Reading-and-Writing/part-001.pdf,325
PSAT/NMSQT & PSAT 10,Reading and Writing,5cba043e,pdfs/PSAT-NMSQT-PSAT10/Reading-and-Writing/part-001.pdf,327
PSAT/NMSQT & PSAT 10,Reading and Writing,34ec9f45,pdfs/PSAT-NMSQT-PSAT10/Reading-and-Writing/part-001.pdf,328
PSAT/NMSQT & PSAT 10,Reading and Writing,19b9434c,pdfs/PSAT-NMSQT-PSAT10/Reading-and-Writing/part-001.pdf,329
PSAT/NMSQT & PSAT 10,Reading and Writing,9d41bb5c,pdfs/PSAT-NMSQT-PSAT10/Reading-and-Writing/part-001.pdf,330
PSAT/NMSQT & PSAT 10,Reading and Writing,6348827d,pdfs/PSAT-NMSQT-PSAT10/Reading-and-Writing/part-001.pdf,331
PSAT/NMSQT & PSAT 10,Reading and Writing,6bccf48f,pdfs/PSAT-NMSQT-PSAT10/Reading-and-Writing/part-001.pdf,332
PSAT/NMSQT & PSAT 10,Reading and Writing,390b7c57,pdfs/PSAT-NMSQT-PSAT10/Reading-and-Writing/part-001.pdf,333
PSAT/NMSQT & PSAT 10,Reading and Writing,56602bd6,pdfs/PSAT-NMSQT-PSAT10/Reading-and-Writing/part-001.pdf,334
PSAT/NMSQT & PSAT 10,Reading and Writing,1da9da22,pdfs/PSAT-NMSQT-PSAT10/Reading-and-Writing/part-001.pdf,336
PSAT/NMSQT & PSAT 10,Reading and Writing,f501acf4,pdfs/PSAT-NMSQT-PSAT10/Reading-and-Writing/part-001.pdf,337
PSAT/NMSQT & PSAT 10,Reading and Writing,4f547c3d,pdfs/PSAT-NMSQT-PSAT10/Reading-and-Writing/part-001.pdf,339
PSAT/NMSQT & PSAT 10,Reading and Writing,016f25b0,pdfs/PSAT-NMSQT-PSAT10/Reading-and-Writing/part-001.pdf,340
PSAT/NMSQT & PSAT 10,Reading and Writing,e9b05dd3,pdfs/PSAT-NMSQT-PSAT10/Reading-and-Writing/part-001.pdf,341
PSAT/NMSQT & PSAT 10,Reading and Writing,8d19219f,pdfs/PSAT-NMSQT-PSAT10/Reading-and-Writing/part-001.pdf,342
PSAT/NMSQT & PSAT 10,Reading and Writing,88ae01a6,pdfs/PSAT-NMSQT-PSAT10/Reading-and-Writing/part-001.pdf,343
PSAT/NMSQT & PSAT 10,Reading and Writing,6c356b1e,pdfs/PSAT-NMSQT-PSAT10/Reading-and-Writing/part-001.pdf,345
PSAT/NMSQT & PSAT 10,Reading and Writing,93e2ed1a,pdfs/PSAT-NMSQT-PSAT10/Reading-and-Writing/part-001.pdf,347
PSAT/NMSQT & PSAT 10,Reading and Writing,7b2d9d05,pdfs/PSAT-NMSQT-PSAT10/Reading-and-Writing/part-001.pdf,348
PSAT/NMSQT & PSAT 10,Reading and Writing,a3e5b6f4,pdfs/PSAT-NMSQT-PSAT10/Reading-and-Writing/part-001.pdf,349
PSAT/NMSQT & PSAT 10,Reading and Writing,20b9deb0,pdfs/PSAT-NMSQT-PSAT10/Reading-and-Writing/part-001.pdf,350
PSAT/NMSQT & PSAT 10,Reading and Writing,a88fd74b,pdfs/PSAT-NMSQT-PSAT10/Reading-and-Writing/part-001.pdf,351
PSAT/NMSQT & PSAT 10,Reading and Writing,f3b7cb07,pdfs/PSAT-NMSQT-PSAT10/Reading-and-Writing/part-001.pdf,352
PSAT/NMSQT & PSAT 10,Reading and Writing,18b34787,pdfs/PSAT-NMSQT-PSAT10/Reading-and-Writing/part-001.pdf,353
PSAT/NMSQT & PSAT 10,Reading and Writing,71ac8726,pdfs/PSAT-NMSQT-PSAT10/Reading-and-Writing/part-001.pdf,354
PSAT/NMSQT & PSAT 10,Reading and Writing,be369565,pdfs/PSAT-NMSQT-PSAT10/Reading-and-Writing/part-001.pdf,355
PSAT/NMSQT & PSAT 10,Reading and Writing,eb4545f1,pdfs/PSAT-NMSQT-PSAT10/Reading-and-Writing/part-001.pdf,356
PSAT/NMSQT & PSAT 10,Reading and Writing,27ac4b9e,pdfs/PSAT-NMSQT-PSAT10/Reading-and-Writing/part-001.pdf,357
PSAT/NMSQT & PSAT 10,Reading and Writing,c5afa333,pdfs/PSAT-NMSQT-PSAT10/Reading-and-Writing/part-001.pdf,358
PSAT/NMSQT & PSAT 10,Reading and Writing,1e83d7a2,pdfs/PSAT-NMSQT-PSAT10/Reading-and-Writing/part-001.pdf,359
PSAT/NMSQT & PSAT 10,Reading and Writing,3a958875,pdfs/PSAT-NMSQT-PSAT10/Reading-and-Writing/part-001.pdf,360
PSAT/NMSQT & PSAT 10,Reading and Writing,81cde7be,pdfs/PSAT-NMSQT-PSAT10/Reading-and-Writing/part-001.pdf,361
PSAT/NMSQT & PSAT 10,Reading and Writing,8c0b7669,pdfs/PSAT-NMSQT-PSAT10/Reading-and-Writing/part-001.pdf,362
PSAT/NMSQT & PSAT 10,Reading and Writing,73e2057c,pdfs/PSAT-NMSQT-PSAT10/Reading-and-Writing/part-001.pdf,364
PSAT/NMSQT & PSAT 10,Reading and Writing,d4e12115,pdfs/PSAT-NMSQT-PSAT10/Reading-and-Writing/part-001.pdf,366
PSAT/NMSQT & PSAT 10,Reading and Writing,b165218a,pdfs/PSAT-NMSQT-PSAT10/Reading-and-Writing/part-001.pdf,368
PSAT/NMSQT & PSAT 10,Reading and Writing,b2e87bcc,pdfs/PSAT-NMSQT-PSAT10/Reading-and-Writing/part-001.pdf,369
PSAT/NMSQT & PSAT 10,Reading and Writing,1fca5217,pdfs/PSAT-NMSQT-PSAT10/Reading-and-Writing/part-001.pdf,371
PSAT/NMSQT & PSAT 10,Reading and Writing,b6546720,pdfs/PSAT-NMSQT-PSAT10/Reading-and-Writing/part-001.pdf,372
PSAT/NMSQT & PSAT 10,Reading and Writing,d8451066,pdfs/PSAT-NMSQT-PSAT10/Reading-and-Writing/part-001.pdf,373
PSAT/NMSQT & PSAT 10,Reading and Writing,18010d28,pdfs/PSAT-NMSQT-PSAT10/Reading-and-Writing/part-001.pdf,374
PSAT/NMSQT & PSAT 10,Reading and Writing,bc8bed74,pdfs/PSAT-NMSQT-PSAT10/Reading-and-Writing/part-001.pdf,375
PSAT/NMSQT & PSAT 10,Reading and Writing,79f7e44b,pdfs/PSAT-NMSQT-PSAT10/Reading-and-Writing/part-001.pdf,376
PSAT/NMSQT & PSAT 10,Reading and Writing,b1ad381d,pdfs/PSAT-NMSQT-PSAT10/Reading-and-Writing/part-001.pdf,378
PSAT/NMSQT & PSAT 10,Reading and Writing,215af2f9,pdfs/PSAT-NMSQT-PSAT10/Reading-and-Writing/part-001.pdf,379
PSAT/NMSQT & PSAT 10,Reading and Writing,1b1c8cd8,pdfs/PSAT-NMSQT-PSAT10/Reading-and-Writing/part-001.pdf,380
PSAT/NMSQT & PSAT 10,Reading and Writing,fcce3dcd,pdfs/PSAT-NMSQT-PSAT10/Reading-and-Writing/part-001.pdf,381
PSAT/NMSQT & PSAT 10,Reading and Writing,0ab36aa6,pdfs/PSAT-NMSQT-PSAT10/Reading-and-Writing/part-001.pdf,382
PSAT/NMSQT & PSAT 10,Reading and Writing,bc3ee361,pdfs/PSAT-NMSQT-PSAT10/Reading-and-Writing/part-001.pdf,383
PSAT/NMSQT & PSAT 10,Reading and Writing,78bb1833,pdfs/PSAT-NMSQT-PSAT10/Reading-and-Writing/part-001.pdf,384
PSAT/NMSQT & PSAT 10,Reading and Writing,c37db9f7,pdfs/PSAT-NMSQT-PSAT10/Reading-and-Writing/part-001.pdf,386
PSAT/NMSQT & PSAT 10,Reading and Writing,2097efef,pdfs/PSAT-NMSQT-PSAT10/Reading-and-Writing/part-001.pdf,387
PSAT/NMSQT & PSAT 10,Reading and Writing,a8c8b928,pdfs/PSAT-NMSQT-PSAT10/Reading-and-Writing/part-001.pdf,388
PSAT/NMSQT & PSAT 10,Reading and Writing,cc048964,pdfs/PSAT-NMSQT-PSAT10/Reading-and-Writing/part-001.pdf,389
PSAT/NMSQT & PSAT 10,Reading and Writing,e7130983,pdfs/PSAT-NMSQT-PSAT10/Reading-and-Writing/part-001.pdf,390
PSAT/NMSQT & PSAT 10,Reading and Writing,a77bf16b,pdfs/PSAT-NMSQT-PSAT10/Reading-and-Writing/part-001.pdf,391
PSAT/NMSQT & PSAT 10,Reading and Writing,9c451bd4,pdfs/PSAT-NMSQT-PSAT10/Reading-and-Writing/part-001.pdf,392
PSAT/NMSQT & PSAT 10,Reading and Writing,d270afa4,pdfs/PSAT-NMSQT-PSAT10/Reading-and-Writing/part-001.pdf,393
PSAT/NMSQT & PSAT 10,Reading and Writing,7f0fd007,pdfs/PSAT-NMSQT-PSAT10/Reading-and-Writing/part-001.pdf,394
PSAT/NMSQT & PSAT 10,Reading and Writing,d83c2018,pdfs/PSAT-NMSQT-PSAT10/Reading-and-Writing/part-001.pdf,395
PSAT/NMSQT & PSAT 10,Reading and Writing,976393bd,pdfs/PSAT-NMSQT-PSAT10/Reading-and-Writing/part-001.pdf,396
PSAT/NMSQT & PSAT 10,Reading and Writing,d4615142,pdfs/PSAT-NMSQT-PSAT10/Reading-and-Writing/part-001.pdf,397
PSAT/NMSQT & PSAT 10,Reading and Writing,7d72f497,pdfs/PSAT-NMSQT-PSAT10/Reading-and-Writing/part-001.pdf,399
PSAT/NMSQT & PSAT 10,Reading and Writing,865d2924,pdfs/PSAT-NMSQT-PSAT10/Reading-and-Writing/part-001.pdf,400
PSAT/NMSQT & PSAT 10,Reading and Writing,ab7d2d5a,pdfs/PSAT-NMSQT-PSAT10/Reading-and-Writing/part-001.pdf,402
PSAT/NMSQT & PSAT 10,Reading and Writing,7ae2603c,pdfs/PSAT-NMSQT-PSAT10/Reading-and-Writing/part-001.pdf,404
PSAT/NMSQT & PSAT 10,Reading and Writing,d610b3dd,pdfs/PSAT-NMSQT-PSAT10/Reading-and-Writing/part-001.pdf,405
PSAT/NMSQT & PSAT 10,Reading and Writing,dbc4099d,pdfs/PSAT-NMSQT-PSAT10/Reading-and-Writing/part-001.pdf,406
PSAT/NMSQT & PSAT 10,Reading and Writing,9f9b690f,pdfs/PSAT-NMSQT-PSAT10/Reading-and-Writing/part-001.pdf,407
PSAT/NMSQT & PSAT 10,Reading and Writing,24354808,pdfs/PSAT-NMSQT-PSAT10/Reading-and-Writing/part-001.pdf,409
PSAT/NMSQT & PSAT 10,Reading and Writing,c86bd206,pdfs/PSAT-NMSQT-PSAT10/Reading-and-Writing/part-001.pdf,410
PSAT/NMSQT & PSAT 10,Reading and Writing,d23912e5,pdfs/PSAT-NMSQT-PSAT10/Reading-and-Writing/part-001.pdf,411
PSAT/NMSQT & PSAT 10,Reading and Writing,04fcc52f,pdfs/PSAT-NMSQT-PSAT10/Reading-and-Writing/part-001.pdf,412
PSAT/NMSQT & PSAT 10,Reading and Writing,f69cc173,pdfs/PSAT-NMSQT-PSAT10/Reading-and-Writing/part-001.pdf,414
PSAT/NMSQT & PSAT 10,Reading and Writing,09fdcb6a,pdfs/PSAT-NMSQT-PSAT10/Reading-and-Writing/part-001.pdf,415
PSAT/NMSQT & PSAT 10,Reading and Writing,bc4950db,pdfs/PSAT-NMSQT-PSAT10/Reading-and-Writing/part-001.pdf,416
PSAT/NMSQT & PSAT 10,Reading and Writing,c2915b76,pdfs/PSAT-NMSQT-PSAT10/Reading-and-Writing/part-001.pdf,417
PSAT/NMSQT & PSAT 10,Reading and Writing,2b35020e,pdfs/PSAT-NMSQT-PSAT10/Reading-and-Writing/part-001.pdf,418
PSAT/NMSQT & PSAT 10,Reading and Writing,9004e36a,pdfs/PSAT-NMSQT-PSAT10/Reading-and-Writing/part-001.pdf,419
PSAT/NMSQT & PSAT 10,Reading and Writing,4af953b7,pdfs/PSAT-NMSQT-PSAT10/Reading-and-Writing/part-001.pdf,420
PSAT/NMSQT & PSAT 10,Reading and Writing,74d7088a,pdfs/PSAT-NMSQT-PSAT10/Reading-and-Writing/part-001.pdf,421
PSAT/NMSQT & PSAT 10,Reading and Writing,e109a718,pdfs/PSAT-NMSQT-PSAT10/Reading-and-Writing/part-001.pdf,422
PSAT/NMSQT & PSAT 10,Reading and Writing,027320c0,pdfs/PSAT-NMSQT-PSAT10/Reading-and-Writing/part-001.pdf,423
PSAT/NMSQT & PSAT 10,Reading and Writing,32ecc7d8,pdfs/PSAT-NMSQT-PSAT10/Reading-and-Writing/part-001.pdf,425
PSAT/NMSQT & PSAT 10,Reading and Writing,4805cf19,pdfs/PSAT-NMSQT-PSAT10/Reading-and-Writing/part-001.pdf,426
PSAT/NMSQT & PSAT 10,Reading and Writing,10342ab8,pdfs/PSAT-NMSQT-PSAT10/Reading-and-Writing/part-001.pdf,427
PSAT/NMSQT & PSAT 10,Reading and Writing,68937f7f,pdfs/PSAT-NMSQT-PSAT10/Reading-and-Writing/part-001.pdf,428
PSAT/NMSQT & PSAT 10,Reading and Writing,bb7a56ad,pdfs/PSAT-NMSQT-PSAT10/Reading-and-Writing/part-001.pdf,430
PSAT/NMSQT & PSAT 10,Reading and Writing,d290f258,pdfs/PSAT-NMSQT-PSAT10/Reading-and-Writing/part-001.pdf,431
PSAT/NMSQT & PSAT 10,Reading and Writing,016e1bae,pdfs/PSAT-NMSQT-PSAT10/Reading-and-Writing/part-001.pdf,432
PSAT/NMSQT & PSAT 10,Reading and Writing,a191f40b,pdfs/PSAT-NMSQT-PSAT10/Reading-and-Writing/part-001.pdf,433
PSAT/NMSQT & PSAT 10,Reading and Writing,2828a8b1,pdfs/PSAT-NMSQT-PSAT10/Reading-and-Writing/part-001.pdf,434
PSAT/NMSQT & PSAT 10,Reading and Writing,43ae4050,pdfs/PSAT-NMSQT-PSAT10/Reading-and-Writing/part-001.pdf,435
PSAT/NMSQT & PSAT 10,Reading and Writing,3bb63047,pdfs/PSAT-NMSQT-PSAT10/Reading-and-Writing/part-001.pdf,436
PSAT/NMSQT & PSAT 10,Reading and Writing,cf532017,pdfs/PSAT-NMSQT-PSAT10/Reading-and-Writing/part-001.pdf,438
PSAT/NMSQT & PSAT 10,Reading and Writing,d008a479,pdfs/PSAT-NMSQT-PSAT10/Reading-and-Writing/part-001.pdf,439
PSAT/NMSQT & PSAT 10,Reading and Writing,864e8f76,pdfs/PSAT-NMSQT-PSAT10/Reading-and-Writing/part-001.pdf,441
PSAT/NMSQT & PSAT 10,Reading and Writing,6667a035,pdfs/PSAT-NMSQT-PSAT10/Reading-and-Writing/part-001.pdf,442
PSAT/NMSQT & PSAT 10,Reading and Writing,f2aa67ee,pdfs/PSAT-NMSQT-PSAT10/Reading-and-Writing/part-001.pdf,444
PSAT/NMSQT & PSAT 10,Reading and Writing,ee7b23aa,pdfs/PSAT-NMSQT-PSAT10/Reading-and-Writing/part-001.pdf,445
PSAT/NMSQT & PSAT 10,Reading and Writing,11364f1a,pdfs/PSAT-NMSQT-PSAT10/Reading-and-Writing/part-001.pdf,446
PSAT/NMSQT & PSAT 10,Reading and Writing,638ee271,pdfs/PSAT-NMSQT-PSAT10/Reading-and-Writing/part-001.pdf,447
PSAT/NMSQT & PSAT 10,Reading and Writing,0fe4889e,pdfs/PSAT-NMSQT-PSAT10/Reading-and-Writing/part-001.pdf,449
PSAT/NMSQT & PSAT 10,Reading and Writing,d274ff61,pdfs/PSAT-NMSQT-PSAT10/Reading-and-Writing/part-001.pdf,450
PSAT/NMSQT & PSAT 10,Reading and Writing,db83642d,pdfs/PSAT-NMSQT-PSAT10/Reading-and-Writing/part-001.pdf,451
PSAT/NMSQT & PSAT 10,Reading and Writing,2d5794bf,pdfs/PSAT-NMSQT-PSAT10/Reading-and-Writing/part-001.pdf,453
PSAT/NMSQT & PSAT 10,Reading and Writing,2819ba57,pdfs/PSAT-NMSQT-PSAT10/Reading-and-Writing/part-001.pdf,454
PSAT/NMSQT & PSAT 10,Reading and Writing,3f780367,pdfs/PSAT-NMSQT-PSAT10/Reading-and-Writing/part-001.pdf,456
PSAT/NMSQT & PSAT 10,Reading and Writing,d91421d9,pdfs/PSAT-NMSQT-PSAT10/Reading-and-Writing/part-001.pdf,458
PSAT/NMSQT & PSAT 10,Reading and Writing,bffcd1bf,pdfs/PSAT-NMSQT-PSAT10/Reading-and-Writing/part-001.pdf,459
PSAT/NMSQT & PSAT 10,Reading and Writing,0fc82396,pdfs/PSAT-NMSQT-PSAT10/Reading-and-Writing/part-001.pdf,460
PSAT/NMSQT & PSAT 10,Reading and Writing,2cc02724,pdfs/PSAT-NMSQT-PSAT10/Reading-and-Writing/part-001.pdf,462
PSAT/NMSQT & PSAT 10,Reading and Writing,009f6e9a,pdfs/PSAT-NMSQT-PSAT10/Reading-and-Writing/part-001.pdf,464
PSAT/NMSQT & PSAT 10,Reading and Writing,d5a98073,pdfs/PSAT-NMSQT-PSAT10/Reading-and-Writing/part-001.pdf,465
PSAT/NMSQT & PSAT 10,Reading and Writing,bed40d46,pdfs/PSAT-NMSQT-PSAT10/Reading-and-Writing/part-001.pdf,467
PSAT/NMSQT & PSAT 10,Reading and Writing,8b47f6a0,pdfs/PSAT-NMSQT-PSAT10/Reading-and-Writing/part-001.pdf,468
PSAT/NMSQT & PSAT 10,Reading and Writing,4405be64,pdfs/PSAT-NMSQT-PSAT10/Reading-and-Writing/part-001.pdf,469
PSAT/NMSQT & PSAT 10,Reading and Writing,76c246d0,pdfs/PSAT-NMSQT-PSAT10/Reading-and-Writing/part-001.pdf,470
PSAT/NMSQT & PSAT 10,Reading and Writing,06a5435f,pdfs/PSAT-NMSQT-PSAT10/Reading-and-Writing/part-001.pdf,471
PSAT/NMSQT & PSAT 10,Reading and Writing,4e4d5d76,pdfs/PSAT-NMSQT-PSAT10/Reading-and-Writing/part-001.pdf,472
PSAT/NMSQT & PSAT 10,Reading and Writing,77af933f,pdfs/PSAT-NMSQT-PSAT10/Reading-and-Writing/part-001.pdf,473
PSAT/NMSQT & PSAT 10,Reading and Writing,314c4964,pdfs/PSAT-NMSQT-PSAT10/Reading-and-Writing/part-001.pdf,474
PSAT/NMSQT & PSAT 10,Reading and Writing,1964841d,pdfs/PSAT-NMSQT-PSAT10/Reading-and-Writing/part-001.pdf,475
PSAT/NMSQT & PSAT 10,Reading and Writing,0d14ba16,pdfs/PSAT-NMSQT-PSAT10/Reading-and-Writing/part-001.pdf,476
PSAT/NMSQT & PSAT 10,Reading and Writing,46b4d4ba,pdfs/PSAT-NMSQT-PSAT10/Reading-and-Writing/part-001.pdf,477
PSAT/NMSQT & PSAT 10,Reading and Writing,c692d34f,pdfs/PSAT-NMSQT-PSAT10/Reading-and-Writing/part-001.pdf,478
PSAT/NMSQT & PSAT 10,Reading and Writing,5382cf9e,pdfs/PSAT-NMSQT-PSAT10/Reading-and-Writing/part-001.pdf,479
PSAT/NMSQT & PSAT 10,Reading and Writing,3dedd301,pdfs/PSAT-NMSQT-PSAT10/Reading-and-Writing/part-002.pdf,1
PSAT/NMSQT & PSAT 10,Reading and Writing,e0cd7bbe,pdfs/PSAT-NMSQT-PSAT10/Reading-and-Writing/part-002.pdf,2
PSAT/NMSQT & PSAT 10,Reading and Writing,0f022b49,pdfs/PSAT-NMSQT-PSAT10/Reading-and-Writing/part-002.pdf,3
PSAT/NMSQT & PSAT 10,Reading and Writing,173988fc,pdfs/PSAT-NMSQT-PSAT10/Reading-and-Writing/part-002.pdf,4
PSAT/NMSQT & PSAT 10,Reading and Writing,4a9c01c3,pdfs/PSAT-NMSQT-PSAT10/Reading-and-Writing/part-002.pdf,5
PSAT/NMSQT & PSAT 10,Reading and Writing,d884bc18,pdfs/PSAT-NMSQT-PSAT10/Reading-and-Writing/part-002.pdf,6
PSAT/NMSQT & PSAT 10,Reading and Writing,efdb2af9,pdfs/PSAT-NMSQT-PSAT10/Reading-and-Writing/part-002.pdf,7
PSAT/NMSQT & PSAT 10,Reading and Writing,b6f167af,pdfs/PSAT-NMSQT-PSAT10/Reading-and-Writing/part-002.pdf,8
PSAT/NMSQT & PSAT 10,Reading and Writing,24c338a5,pdfs/PSAT-NMSQT-PSAT10/Reading-and-Writing/part-002.pdf,9
PSAT/NMSQT & PSAT 10,Reading and Writing,c3ccd4bf,pdfs/PSAT-NMSQT-PSAT10/Reading-and-Writing/part-002.pdf,11
PSAT/NMSQT & PSAT 10,Reading and Writing,1d64952e,pdfs/PSAT-NMSQT-PSAT10/Reading-and-Writing/part-002.pdf,13
PSAT/NMSQT & PSAT 10,Reading and Writing,0e240ead,pdfs/PSAT-NMSQT-PSAT10/Reading-and-Writing/part-002.pdf,14
PSAT/NMSQT & PSAT 10,Reading and Writing,c2b2d9d5,pdfs/PSAT-NMSQT-PSAT10/Reading-and-Writing/part-002.pdf,15
PSAT/NMSQT & PSAT 10,Reading and Writing,554c82f7,pdfs/PSAT-NMSQT-PSAT10/Reading-and-Writing/part-002.pdf,16
PSAT/NMSQT & PSAT 10,Reading and Writing,85d78dcb,pdfs/PSAT-NMSQT-PSAT10/Reading-and-Writing/part-002.pdf,17
PSAT/NMSQT & PSAT 10,Reading and Writing,ac60cb1b,pdfs/PSAT-NMSQT-PSAT10/Reading-and-Writing/part-002.pdf,18
PSAT/NMSQT & PSAT 10,Reading and Writing,1efa3315,pdfs/PSAT-NMSQT-PSAT10/Reading-and-Writing/part-002.pdf,19
PSAT/NMSQT & PSAT 10,Reading and Writing,10a80194,pdfs/PSAT-NMSQT-PSAT10/Reading-and-Writing/part-002.pdf,21
PSAT/NMSQT & PSAT 10,Reading and Writing,532c486a,pdfs/PSAT-NMSQT-PSAT10/Reading-and-Writing/part-002.pdf,22
PSAT/NMSQT & PSAT 10,Reading and Writing,f2448388,pdfs/PSAT-NMSQT-PSAT10/Reading-and-Writing/part-002.pdf,23
PSAT/NMSQT & PSAT 10,Reading and Writing,8c5a9e66,pdfs/PSAT-NMSQT-PSAT10/Reading-and-Writing/part-002.pdf,24
PSAT/NMSQT & PSAT 10,Reading and Writing,2c23403c,pdfs/PSAT-NMSQT-PSAT10/Reading-and-Writing/part-002.pdf,26
PSAT/NMSQT & PSAT 10,Reading and Writing,cee8ff6b,pdfs/PSAT-NMSQT-PSAT10/Reading-and-Writing/part-002.pdf,27
PSAT/NMSQT & PSAT 10,Reading and Writing,2dc6eef0,pdfs/PSAT-NMSQT-PSAT10/Reading-and-Writing/part-002.pdf,28
PSAT/NMSQT & PSAT 10,Reading and Writing,0314d374,pdfs/PSAT-NMSQT-PSAT10/Reading-and-Writing/part-002.pdf,29
PSAT/NMSQT & PSAT 10,Reading and Writing,1b8f6527,pdfs/PSAT-NMSQT-PSAT10/Reading-and-Writing/part-002.pdf,30
PSAT/NMSQT & PSAT 10,Reading and Writing,6100dec7,pdfs/PSAT-NMSQT-PSAT10/Reading-and-Writing/part-002.pdf,32
PSAT/NMSQT & PSAT 10,Reading and Writing,db56cab2,pdfs/PSAT-NMSQT-PSAT10/Reading-and-Writing/part-002.pdf,33
PSAT/NMSQT & PSAT 10,Reading and Writing,e9dc775b,pdfs/PSAT-NMSQT-PSAT10/Reading-and-Writing/part-002.pdf,34
PSAT/NMSQT & PSAT 10,Reading and Writing,78ef828d,pdfs/PSAT-NMSQT-PSAT10/Reading-and-Writing/part-002.pdf,35
PSAT/NMSQT & PSAT 10,Reading and Writing,d75304c2,pdfs/PSAT-NMSQT-PSAT10/Reading-and-Writing/part-002.pdf,36
PSAT/NMSQT & PSAT 10,Reading and Writing,14335416,pdfs/PSAT-NMSQT-PSAT10/Reading-and-Writing/part-002.pdf,37
PSAT/NMSQT & PSAT 10,Reading and Writing,8c76da92,pdfs/PSAT-NMSQT-PSAT10/Reading-and-Writing/part-002.pdf,39
PSAT/NMSQT & PSAT 10,Reading and Writing,ca325968,pdfs/PSAT-NMSQT-PSAT10/Reading-and-Writing/part-002.pdf,40
PSAT/NMSQT & PSAT 10,Reading and Writing,85aba4cc,pdfs/PSAT-NMSQT-PSAT10/Reading-and-Writing/part-002.pdf,41
PSAT/NMSQT & PSAT 10,Reading and Writing,6d687483,pdfs/PSAT-NMSQT-PSAT10/Reading-and-Writing/part-002.pdf,42
PSAT/NMSQT & PSAT 10,Reading and Writing,5ca78213,pdfs/PSAT-NMSQT-PSAT10/Reading-and-Writing/part-002.pdf,43
PSAT/NMSQT & PSAT 10,Reading and Writing,518ae267,pdfs/PSAT-NMSQT-PSAT10/Reading-and-Writing/part-002.pdf,45
PSAT/NMSQT & PSAT 10,Reading and Writing,0aad4144,pdfs/PSAT-NMSQT-PSAT10/Reading-and-Writing/part-002.pdf,46
PSAT/NMSQT & PSAT 10,Reading and Writing,4ef0356c,pdfs/PSAT-NMSQT-PSAT10/Reading-and-Writing/part-002.pdf,47
PSAT/NMSQT & PSAT 10,Reading and Writing,b5087ceb,pdfs/PSAT-NMSQT-PSAT10/Reading-and-Writing/part-002.pdf,48
PSAT/NMSQT & PSAT 10,Reading and Writing,73716eaa,pdfs/PSAT-NMSQT-PSAT10/Reading-and-Writing/part-002.pdf,49
PSAT/NMSQT & PSAT 10,Reading and Writing,bfe2ec99,pdfs/PSAT-NMSQT-PSAT10/Reading-and-Writing/part-002.pdf,50
PSAT/NMSQT & PSAT 10,Reading and Writing,59842bc4,pdfs/PSAT-NMSQT-PSAT10/Reading-and-Writing/part-002.pdf,52
PSAT/NMSQT & PSAT 10,Reading and Writing,fa96cbad,pdfs/PSAT-NMSQT-PSAT10/Reading-and-Writing/part-002.pdf,53
PSAT/NMSQT & PSAT 10,Reading and Writing,85bac6c8,pdfs/PSAT-NMSQT-PSAT10/Reading-and-Writing/part-002.pdf,55
PSAT/NMSQT & PSAT 10,Reading and Writing,efd0eb2b,pdfs/PSAT-NMSQT-PSAT10/Reading-and-Writing/part-002.pdf,57
PSAT/NMSQT & PSAT 10,Reading and Writing,6bfbd559,pdfs/PSAT-NMSQT-PSAT10/Reading-and-Writing/part-002.pdf,58
PSAT/NMSQT & PSAT 10,Reading and Writing,8c1f542c,pdfs/PSAT-NMSQT-PSAT10/Reading-and-Writing/part-002.pdf,59
PSAT/NMSQT & PSAT 10,Reading and Writing,b3d50f20,pdfs/PSAT-NMSQT-PSAT10/Reading-and-Writing/part-002.pdf,60
PSAT/NMSQT & PSAT 10,Reading and Writing,73b09512,pdfs/PSAT-NMSQT-PSAT10/Reading-and-Writing/part-002.pdf,61
PSAT/NMSQT & PSAT 10,Reading and Writing,0bbb7361,pdfs/PSAT-NMSQT-PSAT10/Reading-and-Writing/part-002.pdf,62
PSAT/NMSQT & PSAT 10,Reading and Writing,2451820c,pdfs/PSAT-NMSQT-PSAT10/Reading-and-Writing/part-002.pdf,64
PSAT/NMSQT & PSAT 10,Reading and Writing,584bfc85,pdfs/PSAT-NMSQT-PSAT10/Reading-and-Writing/part-002.pdf,65
PSAT/NMSQT & PSAT 10,Reading and Writing,9a14ae2a,pdfs/PSAT-NMSQT-PSAT10/Reading-and-Writing/part-002.pdf,66
PSAT/NMSQT & PSAT 10,Reading and Writing,911c9ec7,pdfs/PSAT-NMSQT-PSAT10/Reading-and-Writing/part-002.pdf,67
PSAT/NMSQT & PSAT 10,Reading and Writing,e3c03a69,pdfs/PSAT-NMSQT-PSAT10/Reading-and-Writing/part-002.pdf,68
PSAT/NMSQT & PSAT 10,Reading and Writing,07c8ec11,pdfs/PSAT-NMSQT-PSAT10/Reading-and-Writing/part-002.pdf,69
PSAT/NMSQT & PSAT 10,Reading and Writing,e1693d31,pdfs/PSAT-NMSQT-PSAT10/Reading-and-Writing/part-002.pdf,71
PSAT/NMSQT & PSAT 10,Reading and Writing,0b6ecd9f,pdfs/PSAT-NMSQT-PSAT10/Reading-and-Writing/part-002.pdf,73
PSAT/NMSQT & PSAT 10,Reading and Writing,cc9f9661,pdfs/PSAT-NMSQT-PSAT10/Reading-and-Writing/part-002.pdf,75
PSAT/NMSQT & PSAT 10,Reading and Writing,88c42c03,pdfs/PSAT-NMSQT-PSAT10/Reading-and-Writing/part-002.pdf,76
PSAT/NMSQT & PSAT 10,Reading and Writing,75cf6be0,pdfs/PSAT-NMSQT-PSAT10/Reading-and-Writing/part-002.pdf,77
PSAT/NMSQT & PSAT 10,Reading and Writing,1950a80b,pdfs/PSAT-NMSQT-PSAT10/Reading-and-Writing/part-002.pdf,78
PSAT/NMSQT & PSAT 10,Reading and Writing,38189045,pdfs/PSAT-NMSQT-PSAT10/Reading-and-Writing/part-002.pdf,79
PSAT/NMSQT & PSAT 10,Reading and Writing,2e59c2b3,pdfs/PSAT-NMSQT-PSAT10/Reading-and-Writing/part-002.pdf,80
PSAT/NMSQT & PSAT 10,Reading and Writing,e0d19940,pdfs/PSAT-NMSQT-PSAT10/Reading-and-Writing/part-002.pdf,82
PSAT/NMSQT & PSAT 10,Reading and Writing,e2cdf7df,pdfs/PSAT-NMSQT-PSAT10/Reading-and-Writing/part-002.pdf,84
PSAT/NMSQT & PSAT 10,Reading and Writing,e061952b,pdfs/PSAT-NMSQT-PSAT10/Reading-and-Writing/part-002.pdf,85
PSAT/NMSQT & PSAT 10,Reading and Writing,f4401398,pdfs/PSAT-NMSQT-PSAT10/Reading-and-Writing/part-002.pdf,86
PSAT/NMSQT & PSAT 10,Reading and Writing,a66a6041,pdfs/PSAT-NMSQT-PSAT10/Reading-and-Writing/part-002.pdf,87
PSAT/NMSQT & PSAT 10,Reading and Writing,88f44616,pdfs/PSAT-NMSQT-PSAT10/Reading-and-Writing/part-002.pdf,88
PSAT/NMSQT & PSAT 10,Reading and Writing,9e9e80ae,pdfs/PSAT-NMSQT-PSAT10/Reading-and-Writing/part-002.pdf,90
PSAT/NMSQT & PSAT 10,Reading and Writing,0545b7c5,pdfs/PSAT-NMSQT-PSAT10/Reading-and-Writing/part-002.pdf,91
PSAT/NMSQT & PSAT 10,Reading and Writing,3deee75e,pdfs/PSAT-NMSQT-PSAT10/Reading-and-Writing/part-002.pdf,92
PSAT/NMSQT & PSAT 10,Reading and Writing,c5b7c6c0,pdfs/PSAT-NMSQT-PSAT10/Reading-and-Writing/part-002.pdf,93
PSAT/NMSQT & PSAT 10,Reading and Writing,37c1a431,pdfs/PSAT-NMSQT-PSAT10/Reading-and-Writing/part-002.pdf,94
PSAT/NMSQT & PSAT 10,Reading and Writing,6308d3b5,pdfs/PSAT-NMSQT-PSAT10/Reading-and-Writing/part-002.pdf,96
PSAT/NMSQT & PSAT 10,Reading and Writing,a83c2153,pdfs/PSAT-NMSQT-PSAT10/Reading-and-Writing/part-002.pdf,97
PSAT/NMSQT & PSAT 10,Reading and Writing,df1e8b90,pdfs/PSAT-NMSQT-PSAT10/Reading-and-Writing/part-002.pdf,98
PSAT/NMSQT & PSAT 10,Reading and Writing,4bf73157,pdfs/PSAT-NMSQT-PSAT10/Reading-and-Writing/part-002.pdf,100
PSAT/NMSQT & PSAT 10,Reading and Writing,252316fc,pdfs/PSAT-NMSQT-PSAT10/Reading-and-Writing/part-002.pdf,101
PSAT/NMSQT & PSAT 10,Reading and Writing,50c39c25,pdfs/PSAT-NMSQT-PSAT10/Reading-and-Writing/part-002.pdf,103
PSAT/NMSQT & PSAT 10,Reading and Writing,8e17af1b,pdfs/PSAT-NMSQT-PSAT10/Reading-and-Writing/part-002.pdf,104
PSAT/NMSQT & PSAT 10,Reading and Writing,877c02e3,pdfs/PSAT-NMSQT-PSAT10/Reading-and-Writing/part-002.pdf,105
PSAT/NMSQT & PSAT 10,Reading and Writing,bb8caaf4,pdfs/PSAT-NMSQT-PSAT10/Reading-and-Writing/part-002.pdf,106
PSAT/NMSQT & PSAT 10,Reading and Writing,f6d0d8cc,pdfs/PSAT-NMSQT-PSAT10/Reading-and-Writing/part-002.pdf,107
PSAT/NMSQT & PSAT 10,Reading and Writing,ba0cac9b,pdfs/PSAT-NMSQT-PSAT10/Reading-and-Writing/part-002.pdf,108
PSAT/NMSQT & PSAT 10,Reading and Writing,9f7841af,pdfs/PSAT-NMSQT-PSAT10/Reading-and-Writing/part-002.pdf,109
PSAT/NMSQT & PSAT 10,Reading and Writing,e757dff9,pdfs/PSAT-NMSQT-PSAT10/Reading-and-Writing/part-002.pdf,111
PSAT/NMSQT & PSAT 10,Reading and Writing,eee090ae,pdfs/PSAT-NMSQT-PSAT10/Reading-and-Writing/part-002.pdf,112
PSAT/NMSQT & PSAT 10,Reading and Writing,f5c040b9,pdfs/PSAT-NMSQT-PSAT10/Reading-and-Writing/part-002.pdf,113
PSAT/NMSQT & PSAT 10,Reading and Writing,46e2e239,pdfs/PSAT-NMSQT-PSAT10/Reading-and-Writing/part-002.pdf,115
PSAT/NMSQT & PSAT 10,Reading and Writing,466931c2,pdfs/PSAT-NMSQT-PSAT10/Reading-and-Writing/part-002.pdf,116
PSAT/NMSQT & PSAT 10,Reading and Writing,b3b72385,pdfs/PSAT-NMSQT-PSAT10/Reading-and-Writing/part-002.pdf,117
PSAT/NMSQT & PSAT 10,Reading and Writing,30307b8d,pdfs/PSAT-NMSQT-PSAT10/Reading-and-Writing/part-002.pdf,119
PSAT/NMSQT & PSAT 10,Reading and Writing,51e57683,pdfs/PSAT-NMSQT-PSAT10/Reading-and-Writing/part-002.pdf,120
PSAT/NMSQT & PSAT 10,Reading and Writing,2775435f,pdfs/PSAT-NMSQT-PSAT10/Reading-and-Writing/part-002.pdf,121
PSAT/NMSQT & PSAT 10,Reading and Writing,55d7267a,pdfs/PSAT-NMSQT-PSAT10/Reading-and-Writing/part-002.pdf,123
PSAT/NMSQT & PSAT 10,Reading and Writing,89a21006,pdfs/PSAT-NMSQT-PSAT10/Reading-and-Writing/part-002.pdf,124
PSAT/NMSQT & PSAT 10,Reading and Writing,04996a3b,pdfs/PSAT-NMSQT-PSAT10/Reading-and-Writing/part-002.pdf,125
PSAT/NMSQT & PSAT 10,Reading and Writing,64793afe,pdfs/PSAT-NMSQT-PSAT10/Reading-and-Writing/part-002.pdf,126
PSAT/NMSQT & PSAT 10,Reading and Writing,a0f27d5f,pdfs/PSAT-NMSQT-PSAT10/Reading-and-Writing/part-002.pdf,127
PSAT/NMSQT & PSAT 10,Reading and Writing,166aedbb,pdfs/PSAT-NMSQT-PSAT10/Reading-and-Writing/part-002.pdf,128
PSAT/NMSQT & PSAT 10,Reading and Writing,02efd255,pdfs/PSAT-NMSQT-PSAT10/Reading-and-Writing/part-002.pdf,129
PSAT/NMSQT & PSAT 10,Reading and Writing,c3db7949,pdfs/PSAT-NMSQT-PSAT10/Reading-and-Writing/part-002.pdf,131
PSAT/NMSQT & PSAT 10,Reading and Writing,bd226876,pdfs/PSAT-NMSQT-PSAT10/Reading-and-Writing/part-002.pdf,132
PSAT/NMSQT & PSAT 10,Reading and Writing,cedeef8d,pdfs/PSAT-NMSQT-PSAT10/Reading-and-Writing/part-002.pdf,134
PSAT/NMSQT & PSAT 10,Reading and Writing,f5d3e4bb,pdfs/PSAT-NMSQT-PSAT10/Reading-and-Writing/part-002.pdf,136
PSAT/NMSQT & PSAT 10,Reading and Writing,6d10dffd,pdfs/PSAT-NMSQT-PSAT10/Reading-and-Writing/part-002.pdf,137
PSAT/NMSQT & PSAT 10,Reading and Writing,cae130b4,pdfs/PSAT-NMSQT-PSAT10/Reading-and-Writing/part-002.pdf,138
PSAT/NMSQT & PSAT 10,Reading and Writing,5e472d94,pdfs/PSAT-NMSQT-PSAT10/Reading-and-Writing/part-002.pdf,139
PSAT/NMSQT & PSAT 10,Reading and Writing,fb5e5767,pdfs/PSAT-NMSQT-PSAT10/Reading-and-Writing/part-002.pdf,140
PSAT/NMSQT & PSAT 10,Reading and Writing,c90d9e14,pdfs/PSAT-NMSQT-PSAT10/Reading-and-Writing/part-002.pdf,141
PSAT/NMSQT & PSAT 10,Reading and Writing,94ffacd2,pdfs/PSAT-NMSQT-PSAT10/Reading-and-Writing/part-002.pdf,142
PSAT/NMSQT & PSAT 10,Reading and Writing,0e1418a8,pdfs/PSAT-NMSQT-PSAT10/Reading-and-Writing/part-002.pdf,143
PSAT/NMSQT & PSAT 10,Reading and Writing,e3cf1e8c,pdfs/PSAT-NMSQT-PSAT10/Reading-and-Writing/part-002.pdf,145
PSAT/NMSQT & PSAT 10,Reading and Writing,ec51463b,pdfs/PSAT-NMSQT-PSAT10/Reading-and-Writing/part-002.pdf,146
PSAT/NMSQT & PSAT 10,Reading and Writing,ec502adc,pdfs/PSAT-NMSQT-PSAT10/Reading-and-Writing/part-002.pdf,147
PSAT/NMSQT & PSAT 10,Reading and Writing,0fb54b41,pdfs/PSAT-NMSQT-PSAT10/Reading-and-Writing/part-002.pdf,148
PSAT/NMSQT & PSAT 10,Reading and Writing,bdcc37ca,pdfs/PSAT-NMSQT-PSAT10/Reading-and-Writing/part-002.pdf,149
PSAT/NMSQT & PSAT 10,Reading and Writing,0c023ab7,pdfs/PSAT-NMSQT-PSAT10/Reading-and-Writing/part-002.pdf,150
PSAT/NMSQT & PSAT 10,Reading and Writing,42f342a5,pdfs/PSAT-NMSQT-PSAT10/Reading-and-Writing/part-002.pdf,151
PSAT/NMSQT & PSAT 10,Reading and Writing,a2de8c4d,pdfs/PSAT-NMSQT-PSAT10/Reading-and-Writing/part-002.pdf,152
PSAT/NMSQT & PSAT 10,Reading and Writing,da1c19e3,pdfs/PSAT-NMSQT-PSAT10/Reading-and-Writing/part-002.pdf,153
PSAT/NMSQT & PSAT 10,Reading and Writing,9920f4f3,pdfs/PSAT-NMSQT-PSAT10/Reading-and-Writing/part-002.pdf,154
PSAT/NMSQT & PSAT 10,Reading and Writing,ecaf5ae1,pdfs/PSAT-NMSQT-PSAT10/Reading-and-Writing/part-002.pdf,155
PSAT/NMSQT & PSAT 10,Reading and Writing,d35fdcd9,pdfs/PSAT-NMSQT-PSAT10/Reading-and-Writing/part-002.pdf,156
PSAT/NMSQT & PSAT 10,Reading and Writing,ef574ccb,pdfs/PSAT-NMSQT-PSAT10/Reading-and-Writing/part-002.pdf,157
PSAT/NMSQT & PSAT 10,Reading and Writing,f603eb7a,pdfs/PSAT-NMSQT-PSAT10/Reading-and-Writing/part-002.pdf,158
PSAT/NMSQT & PSAT 10,Reading and Writing,ee82845f,pdfs/PSAT-NMSQT-PSAT10/Reading-and-Writing/part-002.pdf,160
PSAT/NMSQT & PSAT 10,Reading and Writing,94d7ad2a,pdfs/PSAT-NMSQT-PSAT10/Reading-and-Writing/part-002.pdf,161
PSAT/NMSQT & PSAT 10,Reading and Writing,c94e0963,pdfs/PSAT-NMSQT-PSAT10/Reading-and-Writing/part-002.pdf,162
PSAT/NMSQT & PSAT 10,Reading and Writing,1ba058b9,pdfs/PSAT-NMSQT-PSAT10/Reading-and-Writing/part-002.pdf,163
PSAT/NMSQT & PSAT 10,Reading and Writing,f82bb29c,pdfs/PSAT-NMSQT-PSAT10/Reading-and-Writing/part-002.pdf,165
PSAT/NMSQT & PSAT 10,Reading and Writing,1e97fce2,pdfs/PSAT-NMSQT-PSAT10/Reading-and-Writing/part-002.pdf,167
PSAT/NMSQT & PSAT 10,Reading and Writing,f218ea54,pdfs/PSAT-NMSQT-PSAT10/Reading-and-Writing/part-002.pdf,168
PSAT/NMSQT & PSAT 10,Reading and Writing,417c13e3,pdfs/PSAT-NMSQT-PSAT10/Reading-and-Writing/part-002.pdf,169
PSAT/NMSQT & PSAT 10,Reading and Writing,e6084e38,pdfs/PSAT-NMSQT-PSAT10/Reading-and-Writing/part-002.pdf,170
PSAT/NMSQT & PSAT 10,Reading and Writing,12ffca6a,pdfs/PSAT-NMSQT-PSAT10/Reading-and-Writing/part-002.pdf,171
PSAT/NMSQT & PSAT 10,Reading and Writing,5f5ebcd2,pdfs/PSAT-NMSQT-PSAT10/Reading-and-Writing/part-002.pdf,172
PSAT/NMSQT & PSAT 10,Reading and Writing,355fc5f1,pdfs/PSAT-NMSQT-PSAT10/Reading-and-Writing/part-002.pdf,173
PSAT/NMSQT & PSAT 10,Reading and Writing,ec358850,pdfs/PSAT-NMSQT-PSAT10/Reading-and-Writing/part-002.pdf,174
PSAT/NMSQT & PSAT 10,Reading and Writing,39e6cd7d,pdfs/PSAT-NMSQT-PSAT10/Reading-and-Writing/part-002.pdf,175
PSAT/NMSQT & PSAT 10,Reading and Writing,43a0ad44,pdfs/PSAT-NMSQT-PSAT10/Reading-and-Writing/part-002.pdf,176
PSAT/NMSQT & PSAT 10,Reading and Writing,f47a11ac,pdfs/PSAT-NMSQT-PSAT10/Reading-and-Writing/part-002.pdf,177
PSAT/NMSQT & PSAT 10,Reading and Writing,763ac966,pdfs/PSAT-NMSQT-PSAT10/Reading-and-Writing/part-002.pdf,179
PSAT/NMSQT & PSAT 10,Reading and Writing,e9373672,pdfs/PSAT-NMSQT-PSAT10/Reading-and-Writing/part-002.pdf,181
PSAT/NMSQT & PSAT 10,Reading and Writing,9b871bd0,pdfs/PSAT-NMSQT-PSAT10/Reading-and-Writing/part-002.pdf,182
PSAT/NMSQT & PSAT 10,Reading and Writing,aef9d442,pdfs/PSAT-NMSQT-PSAT10/Reading-and-Writing/part-002.pdf,184
PSAT/NMSQT & PSAT 10,Reading and Writing,59c2c137,pdfs/PSAT-NMSQT-PSAT10/Reading-and-Writing/part-002.pdf,185
PSAT/NMSQT & PSAT 10,Reading and Writing,4b632c93,pdfs/PSAT-NMSQT-PSAT10/Reading-and-Writing/part-002.pdf,186
PSAT/NMSQT & PSAT 10,Reading and Writing,744dfa2f,pdfs/PSAT-NMSQT-PSAT10/Reading-and-Writing/part-002.pdf,188
PSAT/NMSQT & PSAT 10,Reading and Writing,c5894e50,pdfs/PSAT-NMSQT-PSAT10/Reading-and-Writing/part-002.pdf,189
PSAT/NMSQT & PSAT 10,Reading and Writing,b2bd1f67,pdfs/PSAT-NMSQT-PSAT10/Reading-and-Writing/part-002.pdf,190
PSAT/NMSQT & PSAT 10,Reading and Writing,3dcdd94f,pdfs/PSAT-NMSQT-PSAT10/Reading-and-Writing/part-002.pdf,191
PSAT/NMSQT & PSAT 10,Reading and Writing,0252e6a1,pdfs/PSAT-NMSQT-PSAT10/Reading-and-Writing/part-002.pdf,192
PSAT/NMSQT & PSAT 10,Reading and Writing,045980be,pdfs/PSAT-NMSQT-PSAT10/Reading-and-Writing/part-002.pdf,193
PSAT/NMSQT & PSAT 10,Reading and Writing,bba06da2,pdfs/PSAT-NMSQT-PSAT10/Reading-and-Writing/part-002.pdf,194
PSAT/NMSQT & PSAT 10,Reading and Writing,3cd6524f,pdfs/PSAT-NMSQT-PSAT10/Reading-and-Writing/part-002.pdf,196
PSAT/NMSQT & PSAT 10,Reading and Writing,9f5895d3,pdfs/PSAT-NMSQT-PSAT10/Reading-and-Writing/part-002.pdf,197
PSAT/NMSQT & PSAT 10,Reading and Writing,ea31636b,pdfs/PSAT-NMSQT-PSAT10/Reading-and-Writing/part-002.pdf,198
PSAT/NMSQT & PSAT 10,Reading and Writing,01639789,pdfs/PSAT-NMSQT-PSAT10/Reading-and-Writing/part-002.pdf,199
PSAT/NMSQT & PSAT 10,Reading and Writing,68f5dab1,pdfs/PSAT-NMSQT-PSAT10/Reading-and-Writing/part-002.pdf,200
PSAT/NMSQT & PSAT 10,Reading and Writing,0094f813,pdfs/PSAT-NMSQT-PSAT10/Reading-and-Writing/part-002.pdf,201
PSAT/NMSQT & PSAT 10,Reading and Writing,2b1c290a,pdfs/PSAT-NMSQT-PSAT10/Reading-and-Writing/part-002.pdf,202
PSAT/NMSQT & PSAT 10,Reading and Writing,ba4279e8,pdfs/PSAT-NMSQT-PSAT10/Reading-and-Writing/part-002.pdf,203
PSAT/NMSQT & PSAT 10,Reading and Writing,c0ff21d8,pdfs/PSAT-NMSQT-PSAT10/Reading-and-Writing/part-002.pdf,204
PSAT/NMSQT & PSAT 10,Reading and Writing,65620c09,pdfs/PSAT-NMSQT-PSAT10/Reading-and-Writing/part-002.pdf,206
PSAT/NMSQT & PSAT 10,Reading and Writing,128b7cff,pdfs/PSAT-NMSQT-PSAT10/Reading-and-Writing/part-002.pdf,207
PSAT/NMSQT & PSAT 10,Reading and Writing,0f92b9f5,pdfs/PSAT-NMSQT-PSAT10/Reading-and-Writing/part-002.pdf,208
PSAT/NMSQT & PSAT 10,Reading and Writing,8f430d54,pdfs/PSAT-NMSQT-PSAT10/Reading-and-Writing/part-002.pdf,209
PSAT/NMSQT & PSAT 10,Reading and Writing,833eacb3,pdfs/PSAT-NMSQT-PSAT10/Reading-and-Writing/part-002.pdf,210
PSAT/NMSQT & PSAT 10,Reading and Writing,4ac22921,pdfs/PSAT-NMSQT-PSAT10/Reading-and-Writing/part-002.pdf,211
PSAT/NMSQT & PSAT 10,Reading and Writing,84d1a528,pdfs/PSAT-NMSQT-PSAT10/Reading-and-Writing/part-002.pdf,212
PSAT/NMSQT & PSAT 10,Reading and Writing,5d2fe389,pdfs/PSAT-NMSQT-PSAT10/Reading-and-Writing/part-002.pdf,213
PSAT/NMSQT & PSAT 10,Reading and Writing,033eb360,pdfs/PSAT-NMSQT-PSAT10/Reading-and-Writing/part-002.pdf,215
PSAT/NMSQT & PSAT 10,Reading and Writing,1eb7e794,pdfs/PSAT-NMSQT-PSAT10/Reading-and-Writing/part-002.pdf,216
PSAT/NMSQT & PSAT 10,Reading and Writing,c9d02246,pdfs/PSAT-NMSQT-PSAT10/Reading-and-Writing/part-002.pdf,217
PSAT/NMSQT & PSAT 10,Reading and Writing,dd5947a4,pdfs/PSAT-NMSQT-PSAT10/Reading-and-Writing/part-002.pdf,218
PSAT/NMSQT & PSAT 10,Reading and Writing,f5a636db,pdfs/PSAT-NMSQT-PSAT10/Reading-and-Writing/part-002.pdf,219
PSAT/NMSQT & PSAT 10,Reading and Writing,b171ea8d,pdfs/PSAT-NMSQT-PSAT10/Reading-and-Writing/part-002.pdf,220
PSAT/NMSQT & PSAT 10,Reading and Writing,5aedafd4,pdfs/PSAT-NMSQT-PSAT10/Reading-and-Writing/part-002.pdf,221
PSAT/NMSQT & PSAT 10,Reading and Writing,645006eb,pdfs/PSAT-NMSQT-PSAT10/Reading-and-Writing/part-002.pdf,222
PSAT/NMSQT & PSAT 10,Reading and Writing,dfd5ee27,pdfs/PSAT-NMSQT-PSAT10/Reading-and-Writing/part-002.pdf,223
PSAT/NMSQT & PSAT 10,Reading and Writing,6cc3f514,pdfs/PSAT-NMSQT-PSAT10/Reading-and-Writing/part-002.pdf,224
PSAT/NMSQT & PSAT 10,Reading and Writing,fd7720f1,pdfs/PSAT-NMSQT-PSAT10/Reading-and-Writing/part-002.pdf,225
PSAT/NMSQT & PSAT 10,Reading and Writing,05fc9eec,pdfs/PSAT-NMSQT-PSAT10/Reading-and-Writing/part-002.pdf,226
PSAT/NMSQT & PSAT 10,Reading and Writing,16e2ce52,pdfs/PSAT-NMSQT-PSAT10/Reading-and-Writing/part-002.pdf,227
PSAT/NMSQT & PSAT 10,Reading and Writing,bef84c5e,pdfs/PSAT-NMSQT-PSAT10/Reading-and-Writing/part-002.pdf,228
PSAT/NMSQT & PSAT 10,Reading and Writing,332e8f12,pdfs/PSAT-NMSQT-PSAT10/Reading-and-Writing/part-002.pdf,230
PSAT/NMSQT & PSAT 10,Reading and Writing,d02bfecf,pdfs/PSAT-NMSQT-PSAT10/Reading-and-Writing/part-002.pdf,231
PSAT/NMSQT & PSAT 10,Reading and Writing,4c603792,pdfs/PSAT-NMSQT-PSAT10/Reading-and-Writing/part-002.pdf,232
PSAT/NMSQT & PSAT 10,Reading and Writing,d52328bf,pdfs/PSAT-NMSQT-PSAT10/Reading-and-Writing/part-002.pdf,233
PSAT/NMSQT & PSAT 10,Reading and Writing,09d1bf78,pdfs/PSAT-NMSQT-PSAT10/Reading-and-Writing/part-002.pdf,234
PSAT/NMSQT & PSAT 10,Reading and Writing,b9d43164,pdfs/PSAT-NMSQT-PSAT10/Reading-and-Writing/part-002.pdf,235
PSAT/NMSQT & PSAT 10,Reading and Writing,b4f0c22a,pdfs/PSAT-NMSQT-PSAT10/Reading-and-Writing/part-002.pdf,236
PSAT/NMSQT & PSAT 10,Reading and Writing,d56cb9fe,pdfs/PSAT-NMSQT-PSAT10/Reading-and-Writing/part-002.pdf,237
PSAT/NMSQT & PSAT 10,Reading and Writing,12852fd3,pdfs/PSAT-NMSQT-PSAT10/Reading-and-Writing/part-002.pdf,238
PSAT/NMSQT & PSAT 10,Reading and Writing,b2dea9f1,pdfs/PSAT-NMSQT-PSAT10/Reading-and-Writing/part-002.pdf,239
PSAT/NMSQT & PSAT 10,Reading and Writing,e7013cd8,pdfs/PSAT-NMSQT-PSAT10/Reading-and-Writing/part-002.pdf,240
PSAT/NMSQT & PSAT 10,Reading and Writing,4deb144c,pdfs/PSAT-NMSQT-PSAT10/Reading-and-Writing/part-002.pdf,241
PSAT/NMSQT & PSAT 10,Reading and Writing,5f78e1f9,pdfs/PSAT-NMSQT-PSAT10/Reading-and-Writing/part-002.pdf,243
PSAT/NMSQT & PSAT 10,Reading and Writing,767a370d,pdfs/PSAT-NMSQT-PSAT10/Reading-and-Writing/part-002.pdf,244
PSAT/NMSQT & PSAT 10,Reading and Writing,a6d3df8d,pdfs/PSAT-NMSQT-PSAT10/Reading-and-Writing/part-002.pdf,245
PSAT/NMSQT & PSAT 10,Reading and Writing,c9e16f33,pdfs/PSAT-NMSQT-PSAT10/Reading-and-Writing/part-002.pdf,246
PSAT/NMSQT & PSAT 10,Reading and Writing,e1474ac4,pdfs/PSAT-NMSQT-PSAT10/Reading-and-Writing/part-002.pdf,247
PSAT/NMSQT & PSAT 10,Reading and Writing,15c42963,pdfs/PSAT-NMSQT-PSAT10/Reading-and-Writing/part-002.pdf,248
PSAT/NMSQT & PSAT 10,Reading and Writing,c9a2edec,pdfs/PSAT-NMSQT-PSAT10/Reading-and-Writing/part-002.pdf,249
PSAT/NMSQT & PSAT 10,Reading and Writing,2b265404,pdfs/PSAT-NMSQT-PSAT10/Reading-and-Writing/part-002.pdf,250
PSAT/NMSQT & PSAT 10,Reading and Writing,d68fdaad,pdfs/PSAT-NMSQT-PSAT10/Reading-and-Writing/part-002.pdf,251
PSAT/NMSQT & PSAT 10,Reading and Writing,5443dce5,pdfs/PSAT-NMSQT-PSAT10/Reading-and-Writing/part-002.pdf,252
PSAT/NMSQT & PSAT 10,Reading and Writing,62bb43f6,pdfs/PSAT-NMSQT-PSAT10/Reading-and-Writing/part-002.pdf,253
PSAT/NMSQT & PSAT 10,Reading and Writing,1c0b2972,pdfs/PSAT-NMSQT-PSAT10/Reading-and-Writing/part-002.pdf,254
PSAT/NMSQT & PSAT 10,Reading and Writing,e36419af,pdfs/PSAT-NMSQT-PSAT10/Reading-and-Writing/part-002.pdf,255
PSAT/NMSQT & PSAT 10,Reading and Writing,df09b892,pdfs/PSAT-NMSQT-PSAT10/Reading-and-Writing/part-002.pdf,256
PSAT/NMSQT & PSAT 10,Reading and Writing,a7e97043,pdfs/PSAT-NMSQT-PSAT10/Reading-and-Writing/part-002.pdf,257
PSAT/NMSQT & PSAT 10,Reading and Writing,f83a61c5,pdfs/PSAT-NMSQT-PSAT10/Reading-and-Writing/part-002.pdf,258
PSAT/NMSQT & PSAT 10,Reading and Writing,c403773d,pdfs/PSAT-NMSQT-PSAT10/Reading-and-Writing/part-002.pdf,259
PSAT/NMSQT & PSAT 10,Reading and Writing,d326f965,pdfs/PSAT-NMSQT-PSAT10/Reading-and-Writing/part-002.pdf,260
PSAT/NMSQT & PSAT 10,Reading and Writing,77ac529e,pdfs/PSAT-NMSQT-PSAT10/Reading-and-Writing/part-002.pdf,261
PSAT/NMSQT & PSAT 10,Reading and Writing,352f954d,pdfs/PSAT-NMSQT-PSAT10/Reading-and-Writing/part-002.pdf,262
PSAT/NMSQT & PSAT 10,Reading and Writing,cc29a943,pdfs/PSAT-NMSQT-PSAT10/Reading-and-Writing/part-002.pdf,263
PSAT/NMSQT & PSAT 10,Reading and Writing,f5d735e4,pdfs/PSAT-NMSQT-PSAT10/Reading-and-Writing/part-002.pdf,264
PSAT/NMSQT & PSAT 10,Reading and Writing,fc385cd1,pdfs/PSAT-NMSQT-PSAT10/Reading-and-Writing/part-002.pdf,265
PSAT/NMSQT & PSAT 10,Reading and Writing,1ff56d95,pdfs/PSAT-NMSQT-PSAT10/Reading-and-Writing/part-002.pdf,266
PSAT/NMSQT & PSAT 10,Reading and Writing,7f6b148e,pdfs/PSAT-NMSQT-PSAT10/Reading-and-Writing/part-002.pdf,267
PSAT/NMSQT & PSAT 10,Reading and Writing,f714fd20,pdfs/PSAT-NMSQT-PSAT10/Reading-and-Writing/part-002.pdf,268
PSAT/NMSQT & PSAT 10,Reading and Writing,03c10074,pdfs/PSAT-NMSQT-PSAT10/Reading-and-Writing/part-002.pdf,270
PSAT/NMSQT & PSAT 10,Reading and Writing,eeec4a12,pdfs/PSAT-NMSQT-PSAT10/Reading-and-Writing/part-002.pdf,271
PSAT/NMSQT & PSAT 10,Reading and Writing,bb0a59ae,pdfs/PSAT-NMSQT-PSAT10/Reading-and-Writing/part-002.pdf,272
PSAT/NMSQT & PSAT 10,Reading and Writing,de055f54,pdfs/PSAT-NMSQT-PSAT10/Reading-and-Writing/part-002.pdf,273
PSAT/NMSQT & PSAT 10,Reading and Writing,82d80616,pdfs/PSAT-NMSQT-PSAT10/Reading-and-Writing/part-002.pdf,274
PSAT/NMSQT & PSAT 10,Reading and Writing,d87106d7,pdfs/PSAT-NMSQT-PSAT10/Reading-and-Writing/part-002.pdf,275
PSAT/NMSQT & PSAT 10,Reading and Writing,094da21d,pdfs/PSAT-NMSQT-PSAT10/Reading-and-Writing/part-002.pdf,276
PSAT/NMSQT & PSAT 10,Reading and Writing,a4e9a566,pdfs/PSAT-NMSQT-PSAT10/Reading-and-Writing/part-002.pdf,277
PSAT/NMSQT & PSAT 10,Reading and Writing,e45c7436,pdfs/PSAT-NMSQT-PSAT10/Reading-and-Writing/part-002.pdf,278
PSAT/NMSQT & PSAT 10,Reading and Writing,531c583f,pdfs/PSAT-NMSQT-PSAT10/Reading-and-Writing/part-002.pdf,279
PSAT/NMSQT & PSAT 10,Reading and Writing,546b695e,pdfs/PSAT-NMSQT-PSAT10/Reading-and-Writing/part-002.pdf,280
PSAT/NMSQT & PSAT 10,Reading and Writing,81283e3c,pdfs/PSAT-NMSQT-PSAT10/Reading-and-Writing/part-002.pdf,281
PSAT/NMSQT & PSAT 10,Reading and Writing,90bfb9f0,pdfs/PSAT-NMSQT-PSAT10/Reading-and-Writing/part-002.pdf,282
PSAT/NMSQT & PSAT 10,Reading and Writing,673e0f85,pdfs/PSAT-NMSQT-PSAT10/Reading-and-Writing/part-002.pdf,283
PSAT/NMSQT & PSAT 10,Reading and Writing,76717567,pdfs/PSAT-NMSQT-PSAT10/Reading-and-Writing/part-002.pdf,284
PSAT/NMSQT & PSAT 10,Reading and Writing,51e5c2f8,pdfs/PSAT-NMSQT-PSAT10/Reading-and-Writing/part-002.pdf,285
PSAT/NMSQT & PSAT 10,Reading and Writing,56ebe26a,pdfs/PSAT-NMSQT-PSAT10/Reading-and-Writing/part-002.pdf,286
PSAT/NMSQT & PSAT 10,Reading and Writing,eb59336c,pdfs/PSAT-NMSQT-PSAT10/Reading-and-Writing/part-002.pdf,287
PSAT/NMSQT & PSAT 10,Reading and Writing,eb2b6adb,pdfs/PSAT-NMSQT-PSAT10/Reading-and-Writing/part-002.pdf,288
PSAT/NMSQT & PSAT 10,Reading and Writing,ab1ea900,pdfs/PSAT-NMSQT-PSAT10/Reading-and-Writing/part-002.pdf,289
PSAT/NMSQT & PSAT 10,Reading and Writing,19217740,pdfs/PSAT-NMSQT-PSAT10/Reading-and-Writing/part-002.pdf,290
PSAT/NMSQT & PSAT 10,Reading and Writing,82e61f51,pdfs/PSAT-NMSQT-PSAT10/Reading-and-Writing/part-002.pdf,291
PSAT/NMSQT & PSAT 10,Reading and Writing,b72d0320,pdfs/PSAT-NMSQT-PSAT10/Reading-and-Writing/part-002.pdf,292
PSAT/NMSQT & PSAT 10,Reading and Writing,9150446d,pdfs/PSAT-NMSQT-PSAT10/Reading-and-Writing/part-002.pdf,293
PSAT/NMSQT & PSAT 10,Reading and Writing,71b1b541,pdfs/PSAT-NMSQT-PSAT10/Reading-and-Writing/part-002.pdf,294
PSAT/NMSQT & PSAT 10,Reading and Writing,9cbf5f49,pdfs/PSAT-NMSQT-PSAT10/Reading-and-Writing/part-002.pdf,295
PSAT/NMSQT & PSAT 10,Reading and Writing,696f758d,pdfs/PSAT-NMSQT-PSAT10/Reading-and-Writing/part-002.pdf,296
PSAT/NMSQT & PSAT 10,Reading and Writing,c2b18743,pdfs/PSAT-NMSQT-PSAT10/Reading-and-Writing/part-002.pdf,297
PSAT/NMSQT & PSAT 10,Reading and Writing,e088793d,pdfs/PSAT-NMSQT-PSAT10/Reading-and-Writing/part-002.pdf,298
PSAT/NMSQT & PSAT 10,Reading and Writing,d27d7984,pdfs/PSAT-NMSQT-PSAT10/Reading-and-Writing/part-002.pdf,299
PSAT/NMSQT & PSAT 10,Reading and Writing,2b18fad1,pdfs/PSAT-NMSQT-PSAT10/Reading-and-Writing/part-002.pdf,300
PSAT/NMSQT & PSAT 10,Reading and Writing,aa055d7d,pdfs/PSAT-NMSQT-PSAT10/Reading-and-Writing/part-002.pdf,301
PSAT/NMSQT & PSAT 10,Reading and Writing,4210a14e,pdfs/PSAT-NMSQT-PSAT10/Reading-and-Writing/part-002.pdf,302
PSAT/NMSQT & PSAT 10,Reading and Writing,e65f9b81,pdfs/PSAT-NMSQT-PSAT10/Reading-and-Writing/part-002.pdf,303
PSAT/NMSQT & PSAT 10,Reading and Writing,30085461,pdfs/PSAT-NMSQT-PSAT10/Reading-and-Writing/part-002.pdf,304
PSAT/NMSQT & PSAT 10,Reading and Writing,ca26c9a1,pdfs/PSAT-NMSQT-PSAT10/Reading-and-Writing/part-002.pdf,306
PSAT/NMSQT & PSAT 10,Reading and Writing,ce2586b8,pdfs/PSAT-NMSQT-PSAT10/Reading-and-Writing/part-002.pdf,307
PSAT/NMSQT & PSAT 10,Reading and Writing,aa283b65,pdfs/PSAT-NMSQT-PSAT10/Reading-and-Writing/part-002.pdf,308
PSAT/NMSQT & PSAT 10,Reading and Writing,9c0c8da4,pdfs/PSAT-NMSQT-PSAT10/Reading-and-Writing/part-002.pdf,309
PSAT/NMSQT & PSAT 10,Reading and Writing,85822995,pdfs/PSAT-NMSQT-PSAT10/Reading-and-Writing/part-002.pdf,310
PSAT/NMSQT & PSAT 10,Reading and Writing,85fb2851,pdfs/PSAT-NMSQT-PSAT10/Reading-and-Writing/part-002.pdf,311
PSAT/NMSQT & PSAT 10,Reading and Writing,b60d402e,pdfs/PSAT-NMSQT-PSAT10/Reading-and-Writing/part-002.pdf,312
PSAT/NMSQT & PSAT 10,Reading and Writing,d7aa47e1,pdfs/PSAT-NMSQT-PSAT10/Reading-and-Writing/part-002.pdf,313
PSAT/NMSQT & PSAT 10,Reading and Writing,f3d76adf,pdfs/PSAT-NMSQT-PSAT10/Reading-and-Writing/part-002.pdf,314
PSAT/NMSQT & PSAT 10,Reading and Writing,3ca2f8d7,pdfs/PSAT-NMSQT-PSAT10/Reading-and-Writing/part-002.pdf,315
PSAT/NMSQT & PSAT 10,Reading and Writing,789fa304,pdfs/PSAT-NMSQT-PSAT10/Reading-and-Writing/part-002.pdf,317
PSAT/NMSQT & PSAT 10,Reading and Writing,384fe4cf,pdfs/PSAT-NMSQT-PSAT10/Reading-and-Writing/part-002.pdf,318
PSAT/NMSQT & PSAT 10,Reading and Writing,bdfad876,pdfs/PSAT-NMSQT-PSAT10/Reading-and-Writing/part-002.pdf,319
PSAT/NMSQT & PSAT 10,Reading and Writing,9aadb463,pdfs/PSAT-NMSQT-PSAT10/Reading-and-Writing/part-002.pdf,320
PSAT/NMSQT & PSAT 10,Reading and Writing,9445f211,pdfs/PSAT-NMSQT-PSAT10/Reading-and-Writing/part-002.pdf,321
PSAT/NMSQT & PSAT 10,Reading and Writing,cdbc0f69,pdfs/PSAT-NMSQT-PSAT10/Reading-and-Writing/part-002.pdf,322
PSAT/NMSQT & PSAT 10,Reading and Writing,6fae7757,pdfs/PSAT-NMSQT-PSAT10/Reading-and-Writing/part-002.pdf,323
PSAT/NMSQT & PSAT 10,Reading and Writing,3543d765,pdfs/PSAT-NMSQT-PSAT10/Reading-and-Writing/part-002.pdf,324
PSAT/NMSQT & PSAT 10,Reading and Writing,0edc0ea9,pdfs/PSAT-NMSQT-PSAT10/Reading-and-Writing/part-002.pdf,325
PSAT/NMSQT & PSAT 10,Reading and Writing,7017000f,pdfs/PSAT-NMSQT-PSAT10/Reading-and-Writing/part-002.pdf,327
PSAT/NMSQT & PSAT 10,Reading and Writing,d377baf4,pdfs/PSAT-NMSQT-PSAT10/Reading-and-Writing/part-002.pdf,328
PSAT/NMSQT & PSAT 10,Reading and Writing,e6653676,pdfs/PSAT-NMSQT-PSAT10/Reading-and-Writing/part-002.pdf,329
PSAT/NMSQT & PSAT 10,Reading and Writing,ab1b7517,pdfs/PSAT-NMSQT-PSAT10/Reading-and-Writing/part-002.pdf,330
PSAT/NMSQT & PSAT 10,Reading and Writing,2357589e,pdfs/PSAT-NMSQT-PSAT10/Reading-and-Writing/part-002.pdf,331
PSAT/NMSQT & PSAT 10,Reading and Writing,bd5640a7,pdfs/PSAT-NMSQT-PSAT10/Reading-and-Writing/part-002.pdf,332
PSAT/NMSQT & PSAT 10,Reading and Writing,561f41db,pdfs/PSAT-NMSQT-PSAT10/Reading-and-Writing/part-002.pdf,334
PSAT/NMSQT & PSAT 10,Reading and Writing,d60941bc,pdfs/PSAT-NMSQT-PSAT10/Reading-and-Writing/part-002.pdf,335
PSAT/NMSQT & PSAT 10,Reading and Writing,588dc880,pdfs/PSAT-NMSQT-PSAT10/Reading-and-Writing/part-002.pdf,336
PSAT/NMSQT & PSAT 10,Reading and Writing,5873ade0,pdfs/PSAT-NMSQT-PSAT10/Reading-and-Writing/part-002.pdf,337
PSAT/NMSQT & PSAT 10,Reading and Writing,e28d8e2b,pdfs/PSAT-NMSQT-PSAT10/Reading-and-Writing/part-002.pdf,338
PSAT/NMSQT & PSAT 10,Reading and Writing,f88c3808,pdfs/PSAT-NMSQT-PSAT10/Reading-and-Writing/part-002.pdf,339
PSAT/NMSQT & PSAT 10,Reading and Writing,17ecac52,pdfs/PSAT-NMSQT-PSAT10/Reading-and-Writing/part-002.pdf,340
PSAT/NMSQT & PSAT 10,Reading and Writing,5c335379,pdfs/PSAT-NMSQT-PSAT10/Reading-and-Writing/part-002.pdf,341
PSAT/NMSQT & PSAT 10,Reading and Writing,374b07bc,pdfs/PSAT-NMSQT-PSAT10/Reading-and-Writing/part-002.pdf,342
PSAT/NMSQT & PSAT 10,Reading and Writing,eeff1923,pdfs/PSAT-NMSQT-PSAT10/Reading-and-Writing/part-002.pdf,343
PSAT/NMSQT & PSAT 10,Reading and Writing,8c894f33,pdfs/PSAT-NMSQT-PSAT10/Reading-and-Writing/part-002.pdf,344
PSAT/NMSQT & PSAT 10,Reading and Writing,17146498,pdfs/PSAT-NMSQT-PSAT10/Reading-and-Writing/part-002.pdf,345
PSAT/NMSQT & PSAT 10,Reading and Writing,f19d6180,pdfs/PSAT-NMSQT-PSAT10/Reading-and-Writing/part-002.pdf,346
PSAT/NMSQT & PSAT 10,Reading and Writing,23767ca5,pdfs/PSAT-NMSQT-PSAT10/Reading-and-Writing/part-002.pdf,347
PSAT/NMSQT & PSAT 10,Reading and Writing,bc581a90,pdfs/PSAT-NMSQT-PSAT10/Reading-and-Writing/part-002.pdf,348
PSAT/NMSQT & PSAT 10,Reading and Writing,e2d13873,pdfs/PSAT-NMSQT-PSAT10/Reading-and-Writing/part-002.pdf,349
PSAT/NMSQT & PSAT 10,Reading and Writing,df561d13,pdfs/PSAT-NMSQT-PSAT10/Reading-and-Writing/part-002.pdf,350
PSAT/NMSQT & PSAT 10,Reading and Writing,0a0d346f,pdfs/PSAT-NMSQT-PSAT10/Reading-and-Writing/part-002.pdf,351
PSAT/NMSQT & PSAT 10,Reading and Writing,7d8390b1,pdfs/PSAT-NMSQT-PSAT10/Reading-and-Writing/part-002.pdf,352
PSAT/NMSQT & PSAT 10,Reading and Writing,d5a16632,pdfs/PSAT-NMSQT-PSAT10/Reading-and-Writing/part-002.pdf,353
PSAT/NMSQT & PSAT 10,Reading and Writing,fca04045,pdfs/PSAT-NMSQT-PSAT10/Reading-and-Writing/part-002.pdf,354
PSAT/NMSQT & PSAT 10,Reading and Writing,64af9749,pdfs/PSAT-NMSQT-PSAT10/Reading-and-Writing/part-002.pdf,355
PSAT/NMSQT & PSAT 10,Reading and Writing,906fc0a0,pdfs/PSAT-NMSQT-PSAT10/Reading-and-Writing/part-002.pdf,356
PSAT/NMSQT & PSAT 10,Reading and Writing,688fba00,pdfs/PSAT-NMSQT-PSAT10/Reading-and-Writing/part-002.pdf,357
PSAT/NMSQT & PSAT 10,Reading and Writing,b9ffe90f,pdfs/PSAT-NMSQT-PSAT10/Reading-and-Writing/part-002.pdf,358
PSAT/NMSQT & PSAT 10,Reading and Writing,03e53728,pdfs/PSAT-NMSQT-PSAT10/Reading-and-Writing/part-002.pdf,359
PSAT/NMSQT & PSAT 10,Reading and Writing,fe4fc413,pdfs/PSAT-NMSQT-PSAT10/Reading-and-Writing/part-002.pdf,360
PSAT/NMSQT & PSAT 10,Reading and Writing,abe4123c,pdfs/PSAT-NMSQT-PSAT10/Reading-and-Writing/part-002.pdf,361
PSAT/NMSQT & PSAT 10,Reading and Writing,fcf1ad58,pdfs/PSAT-NMSQT-PSAT10/Reading-and-Writing/part-002.pdf,362
PSAT/NMSQT & PSAT 10,Reading and Writing,02f84d95,pdfs/PSAT-NMSQT-PSAT10/Reading-and-Writing/part-002.pdf,363
PSAT/NMSQT & PSAT 10,Reading and Writing,9e994887,pdfs/PSAT-NMSQT-PSAT10/Reading-and-Writing/part-002.pdf,364
PSAT/NMSQT & PSAT 10,Reading and Writing,6e30747e,pdfs/PSAT-NMSQT-PSAT10/Reading-and-Writing/part-002.pdf,365
PSAT/NMSQT & PSAT 10,Reading and Writing,445907fc,pdfs/PSAT-NMSQT-PSAT10/Reading-and-Writing/part-002.pdf,366
PSAT/NMSQT & PSAT 10,Reading and Writing,0cfd13eb,pdfs/PSAT-NMSQT-PSAT10/Reading-and-Writing/part-002.pdf,367
PSAT/NMSQT & PSAT 10,Reading and Writing,89b84c67,pdfs/PSAT-NMSQT-PSAT10/Reading-and-Writing/part-002.pdf,368
PSAT/NMSQT & PSAT 10,Reading and Writing,fb16e2c2,pdfs/PSAT-NMSQT-PSAT10/Reading-and-Writing/part-002.pdf,369
PSAT/NMSQT & PSAT 10,Reading and Writing,6f82b732,pdfs/PSAT-NMSQT-PSAT10/Reading-and-Writing/part-002.pdf,371
PSAT/NMSQT & PSAT 10,Reading and Writing,3e900373,pdfs/PSAT-NMSQT-PSAT10/Reading-and-Writing/part-002.pdf,372
PSAT/NMSQT & PSAT 10,Reading and Writing,a9e8c48c,pdfs/PSAT-NMSQT-PSAT10/Reading-and-Writing/part-002.pdf,373
PSAT/NMSQT & PSAT 10,Reading and Writing,83563942,pdfs/PSAT-NMSQT-PSAT10/Reading-and-Writing/part-002.pdf,374
PSAT/NMSQT & PSAT 10,Reading and Writing,32816015,pdfs/PSAT-NMSQT-PSAT10/Reading-and-Writing/part-002.pdf,375
PSAT/NMSQT & PSAT 10,Reading and Writing,e90f502d,pdfs/PSAT-NMSQT-PSAT10/Reading-and-Writing/part-002.pdf,376
PSAT/NMSQT & PSAT 10,Reading and Writing,b680bfe1,pdfs/PSAT-NMSQT-PSAT10/Reading-and-Writing/part-002.pdf,377
PSAT/NMSQT & PSAT 10,Reading and Writing,45c02aa9,pdfs/PSAT-NMSQT-PSAT10/Reading-and-Writing/part-002.pdf,378
PSAT/NMSQT & PSAT 10,Reading and Writing,e4bcc684,pdfs/PSAT-NMSQT-PSAT10/Reading-and-Writing/part-002.pdf,379
PSAT/NMSQT & PSAT 10,Reading and Writing,7b434da9,pdfs/PSAT-NMSQT-PSAT10/Reading-and-Writing/part-002.pdf,380
PSAT/NMSQT & PSAT 10,Reading and Writing,14cfc92c,pdfs/PSAT-NMSQT-PSAT10/Reading-and-Writing/part-002.pdf,381
PSAT/NMSQT & PSAT 10,Reading and Writing,f75063a1,pdfs/PSAT-NMSQT-PSAT10/Reading-and-Writing/part-002.pdf,382
PSAT/NMSQT & PSAT 10,Reading and Writing,fc085cba,pdfs/PSAT-NMSQT-PSAT10/Reading-and-Writing/part-002.pdf,383
PSAT/NMSQT & PSAT 10,Reading and Writing,687b3704,pdfs/PSAT-NMSQT-PSAT10/Reading-and-Writing/part-002.pdf,384
PSAT/NMSQT & PSAT 10,Reading and Writing,da80d2c1,pdfs/PSAT-NMSQT-PSAT10/Reading-and-Writing/part-002.pdf,385
PSAT/NMSQT & PSAT 10,Reading and Writing,24879d91,pdfs/PSAT-NMSQT-PSAT10/Reading-and-Writing/part-002.pdf,386
PSAT/NMSQT & PSAT 10,Reading and Writing,668e8835,pdfs/PSAT-NMSQT-PSAT10/Reading-and-Writing/part-002.pdf,387
PSAT/NMSQT & PSAT 10,Reading and Writing,c8b920ee,pdfs/PSAT-NMSQT-PSAT10/Reading-and-Writing/part-002.pdf,388
PSAT/NMSQT & PSAT 10,Reading and Writing,30673ac1,pdfs/PSAT-NMSQT-PSAT10/Reading-and-Writing/part-002.pdf,389
PSAT/NMSQT & PSAT 10,Reading and Writing,fe6aebdb,pdfs/PSAT-NMSQT-PSAT10/Reading-and-Writing/part-002.pdf,390
PSAT/NMSQT & PSAT 10,Reading and Writing,1fcff87d,pdfs/PSAT-NMSQT-PSAT10/Reading-and-Writing/part-002.pdf,391
PSAT/NMSQT & PSAT 10,Reading and Writing,d23196e2,pdfs/PSAT-NMSQT-PSAT10/Reading-and-Writing/part-002.pdf,392
PSAT/NMSQT & PSAT 10,Reading and Writing,3067b065,pdfs/PSAT-NMSQT-PSAT10/Reading-and-Writing/part-002.pdf,393
PSAT/NMSQT & PSAT 10,Reading and Writing,c287dfe2,pdfs/PSAT-NMSQT-PSAT10/Reading-and-Writing/part-002.pdf,394
PSAT/NMSQT & PSAT 10,Reading and Writing,f01cb598,pdfs/PSAT-NMSQT-PSAT10/Reading-and-Writing/part-002.pdf,395
PSAT/NMSQT & PSAT 10,Reading and Writing,c884ab0f,pdfs/PSAT-NMSQT-PSAT10/Reading-and-Writing/part-002.pdf,396
PSAT/NMSQT & PSAT 10,Reading and Writing,45c7093e,pdfs/PSAT-NMSQT-PSAT10/Reading-and-Writing/part-002.pdf,397
PSAT/NMSQT & PSAT 10,Reading and Writing,493479db,pdfs/PSAT-NMSQT-PSAT10/Reading-and-Writing/part-002.pdf,398
PSAT/NMSQT & PSAT 10,Reading and Writing,74ce749a,pdfs/PSAT-NMSQT-PSAT10/Reading-and-Writing/part-002.pdf,399
PSAT/NMSQT & PSAT 10,Reading and Writing,7b484e2e,pdfs/PSAT-NMSQT-PSAT10/Reading-and-Writing/part-002.pdf,400
PSAT/NMSQT & PSAT 10,Reading and Writing,1807b2b6,pdfs/PSAT-NMSQT-PSAT10/Reading-and-Writing/part-002.pdf,401
PSAT/NMSQT & PSAT 10,Reading and Writing,984e33f8,pdfs/PSAT-NMSQT-PSAT10/Reading-and-Writing/part-002.pdf,402
PSAT/NMSQT & PSAT 10,Reading and Writing,46e0ae04,pdfs/PSAT-NMSQT-PSAT10/Reading-and-Writing/part-002.pdf,404
PSAT/NMSQT & PSAT 10,Reading and Writing,f439d7d6,pdfs/PSAT-NMSQT-PSAT10/Reading-and-Writing/part-002.pdf,405
PSAT/NMSQT & PSAT 10,Reading and Writing,da0963e2,pdfs/PSAT-NMSQT-PSAT10/Reading-and-Writing/part-002.pdf,406
PSAT/NMSQT & PSAT 10,Reading and Writing,180a1b9f,pdfs/PSAT-NMSQT-PSAT10/Reading-and-Writing/part-002.pdf,407
PSAT/NMSQT & PSAT 10,Reading and Writing,4c8c8da2,pdfs/PSAT-NMSQT-PSAT10/Reading-and-Writing/part-002.pdf,408
PSAT/NMSQT & PSAT 10,Reading and Writing,ea9fd302,pdfs/PSAT-NMSQT-PSAT10/Reading-and-Writing/part-002.pdf,409
PSAT/NMSQT & PSAT 10,Reading and Writing,e351cb23,pdfs/PSAT-NMSQT-PSAT10/Reading-and-Writing/part-002.pdf,410
PSAT/NMSQT & PSAT 10,Reading and Writing,9bde4a6b,pdfs/PSAT-NMSQT-PSAT10/Reading-and-Writing/part-002.pdf,411
PSAT/NMSQT & PSAT 10,Reading and Writing,b098f631,pdfs/PSAT-NMSQT-PSAT10/Reading-and-Writing/part-002.pdf,412
PSAT/NMSQT & PSAT 10,Reading and Writing,a13b5906,pdfs/PSAT-NMSQT-PSAT10/Reading-and-Writing/part-002.pdf,413
PSAT/NMSQT & PSAT 10,Reading and Writing,d105cd4a,pdfs/PSAT-NMSQT-PSAT10/Reading-and-Writing/part-002.pdf,414
PSAT/NMSQT & PSAT 10,Reading and Writing,85c176d5,pdfs/PSAT-NMSQT-PSAT10/Reading-and-Writing/part-002.pdf,415
PSAT/NMSQT & PSAT 10,Reading and Writing,3bf6678c,pdfs/PSAT-NMSQT-PSAT10/Reading-and-Writing/part-002.pdf,416
PSAT/NMSQT & PSAT 10,Reading and Writing,0534fba8,pdfs/PSAT-NMSQT-PSAT10/Reading-and-Writing/part-002.pdf,417
PSAT/NMSQT & PSAT 10,Reading and Writing,d32c89df,pdfs/PSAT-NMSQT-PSAT10/Reading-and-Writing/part-002.pdf,418
PSAT/NMSQT & PSAT 10,Reading and Writing,39ca5776,pdfs/PSAT-NMSQT-PSAT10/Reading-and-Writing/part-002.pdf,419
PSAT/NMSQT & PSAT 10,Reading and Writing,699c6598,pdfs/PSAT-NMSQT-PSAT10/Reading-and-Writing/part-002.pdf,420
PSAT/NMSQT & PSAT 10,Reading and Writing,c09cc24d,pdfs/PSAT-NMSQT-PSAT10/Reading-and-Writing/part-002.pdf,421
PSAT/NMSQT & PSAT 10,Reading and Writing,d53eff07,pdfs/PSAT-NMSQT-PSAT10/Reading-and-Writing/part-002.pdf,422
PSAT/NMSQT & PSAT 10,Reading and Writing,da1ab09c,pdfs/PSAT-NMSQT-PSAT10/Reading-and-Writing/part-002.pdf,423
PSAT/NMSQT & PSAT 10,Reading and Writing,cc76d23a,pdfs/PSAT-NMSQT-PSAT10/Reading-and-Writing/part-002.pdf,424
PSAT/NMSQT & PSAT 10,Reading and Writing,11e8532c,pdfs/PSAT-NMSQT-PSAT10/Reading-and-Writing/part-002.pdf,425
PSAT/NMSQT & PSAT 10,Reading and Writing,670606aa,pdfs/PSAT-NMSQT-PSAT10/Reading-and-Writing/part-002.pdf,426
PSAT/NMSQT & PSAT 10,Reading and Writing,b943772c,pdfs/PSAT-NMSQT-PSAT10/Reading-and-Writing/part-002.pdf,427
PSAT/NMSQT & PSAT 10,Reading and Writing,cf57c1d5,pdfs/PSAT-NMSQT-PSAT10/Reading-and-Writing/part-002.pdf,428
PSAT/NMSQT & PSAT 10,Reading and Writing,340b33cd,pdfs/PSAT-NMSQT-PSAT10/Reading-and-Writing/part-002.pdf,429
PSAT/NMSQT & PSAT 10,Reading and Writing,ff4c2448,pdfs/PSAT-NMSQT-PSAT10/Reading-and-Writing/part-002.pdf,430
PSAT/NMSQT & PSAT 10,Reading and Writing,bac45e57,pdfs/PSAT-NMSQT-PSAT10/Reading-and-Writing/part-002.pdf,431
PSAT/NMSQT & PSAT 10,Reading and Writing,79285709,pdfs/PSAT-NMSQT-PSAT10/Reading-and-Writing/part-002.pdf,433
PSAT/NMSQT & PSAT 10,Reading and Writing,00bfdbd7,pdfs/PSAT-NMSQT-PSAT10/Reading-and-Writing/part-002.pdf,434
PSAT/NMSQT & PSAT 10,Reading and Writing,c6ba6555,pdfs/PSAT-NMSQT-PSAT10/Reading-and-Writing/part-002.pdf,435
PSAT/NMSQT & PSAT 10,Reading and Writing,4259636f,pdfs/PSAT-NMSQT-PSAT10/Reading-and-Writing/part-002.pdf,436
PSAT/NMSQT & PSAT 10,Reading and Writing,f2779b1c,pdfs/PSAT-NMSQT-PSAT10/Reading-and-Writing/part-002.pdf,437
PSAT/NMSQT & PSAT 10,Reading and Writing,ccf99785,pdfs/PSAT-NMSQT-PSAT10/Reading-and-Writing/part-002.pdf,438
PSAT/NMSQT & PSAT 10,Reading and Writing,1e09b7c3,pdfs/PSAT-NMSQT-PSAT10/Reading-and-Writing/part-002.pdf,439
PSAT/NMSQT & PSAT 10,Reading and Writing,a9b5b357,pdfs/PSAT-NMSQT-PSAT10/Reading-and-Writing/part-002.pdf,440
PSAT/NMSQT & PSAT 10,Reading and Writing,733d2605,pdfs/PSAT-NMSQT-PSAT10/Reading-and-Writing/part-002.pdf,441
PSAT/NMSQT & PSAT 10,Reading and Writing,e19a5d1f,pdfs/PSAT-NMSQT-PSAT10/Reading-and-Writing/part-002.pdf,443
PSAT/NMSQT & PSAT 10,Reading and Writing,66d89dae,pdfs/PSAT-NMSQT-PSAT10/Reading-and-Writing/part-002.pdf,444
PSAT/NMSQT & PSAT 10,Reading and Writing,fad0e654,pdfs/PSAT-NMSQT-PSAT10/Reading-and-Writing/part-002.pdf,445
PSAT/NMSQT & PSAT 10,Reading and Writing,c980a7ce,pdfs/PSAT-NMSQT-PSAT10/Reading-and-Writing/part-002.pdf,446
PSAT/NMSQT & PSAT 10,Reading and Writing,1e7c4c03,pdfs/PSAT-NMSQT-PSAT10/Reading-and-Writing/part-002.pdf,447
PSAT/NMSQT & PSAT 10,Reading and Writing,973c10f3,pdfs/PSAT-NMSQT-PSAT10/Reading-and-Writing/part-002.pdf,448
PSAT/NMSQT & PSAT 10,Reading and Writing,a15579ac,pdfs/PSAT-NMSQT-PSAT10/Reading-and-Writing/part-002.pdf,449
PSAT/NMSQT & PSAT 10,Reading and Writing,0c61d9c0,pdfs/PSAT-NMSQT-PSAT10/Reading-and-Writing/part-003.pdf,1
PSAT/NMSQT & PSAT 10,Reading and Writing,58fa99cd,pdfs/PSAT-NMSQT-PSAT10/Reading-and-Writing/part-003.pdf,2
PSAT/NMSQT & PSAT 10,Reading and Writing,fdb7021d,pdfs/PSAT-NMSQT-PSAT10/Reading-and-Writing/part-003.pdf,3
PSAT/NMSQT & PSAT 10,Reading and Writing,0d062a27,pdfs/PSAT-NMSQT-PSAT10/Reading-and-Writing/part-003.pdf,4
PSAT/NMSQT & PSAT 10,Reading and Writing,6721a0e1,pdfs/PSAT-NMSQT-PSAT10/Reading-and-Writing/part-003.pdf,5
PSAT/NMSQT & PSAT 10,Reading and Writing,37b92f8f,pdfs/PSAT-NMSQT-PSAT10/Reading-and-Writing/part-003.pdf,6
PSAT/NMSQT & PSAT 10,Reading and Writing,e928ebb8,pdfs/PSAT-NMSQT-PSAT10/Reading-and-Writing/part-003.pdf,7
PSAT/NMSQT & PSAT 10,Reading and Writing,1ccdb293,pdfs/PSAT-NMSQT-PSAT10/Reading-and-Writing/part-003.pdf,8
PSAT/NMSQT & PSAT 10,Reading and Writing,a05e2f16,pdfs/PSAT-NMSQT-PSAT10/Reading-and-Writing/part-003.pdf,9
PSAT/NMSQT & PSAT 10,Reading and Writing,a9a1251d,pdfs/PSAT-NMSQT-PSAT10/Reading-and-Writing/part-003.pdf,10
PSAT/NMSQT & PSAT 10,Reading and Writing,7eff2e55,pdfs/PSAT-NMSQT-PSAT10/Reading-and-Writing/part-003.pdf,11
PSAT/NMSQT & PSAT 10,Reading and Writing,c51b865d,pdfs/PSAT-NMSQT-PSAT10/Reading-and-Writing/part-003.pdf,12
PSAT/NMSQT & PSAT 10,Reading and Writing,b2e31abc,pdfs/PSAT-NMSQT-PSAT10/Reading-and-Writing/part-003.pdf,13
PSAT/NMSQT & PSAT 10,Reading and Writing,de7397fe,pdfs/PSAT-NMSQT-PSAT10/Reading-and-Writing/part-003.pdf,14
PSAT/NMSQT & PSAT 10,Reading and Writing,580d03bf,pdfs/PSAT-NMSQT-PSAT10/Reading-and-Writing/part-003.pdf,16
PSAT/NMSQT & PSAT 10,Reading and Writing,a5831311,pdfs/PSAT-NMSQT-PSAT10/Reading-and-Writing/part-003.pdf,17
PSAT/NMSQT & PSAT 10,Reading and Writing,a0d3efc9,pdfs/PSAT-NMSQT-PSAT10/Reading-and-Writing/part-003.pdf,18
PSAT/NMSQT & PSAT 10,Reading and Writing,829f55e4,pdfs/PSAT-NMSQT-PSAT10/Reading-and-Writing/part-003.pdf,19
PSAT/NMSQT & PSAT 10,Reading and Writing,748123f3,pdfs/PSAT-NMSQT-PSAT10/Reading-and-Writing/part-003.pdf,20
PSAT/NMSQT & PSAT 10,Reading and Writing,d3a4a37a,pdfs/PSAT-NMSQT-PSAT10/Reading-and-Writing/part-003.pdf,21
PSAT/NMSQT & PSAT 10,Reading and Writing,1af18dd8,pdfs/PSAT-NMSQT-PSAT10/Reading-and-Writing/part-003.pdf,23
PSAT/NMSQT & PSAT 10,Reading and Writing,c8e4aa15,pdfs/PSAT-NMSQT-PSAT10/Reading-and-Writing/part-003.pdf,24
PSAT/NMSQT & PSAT 10,Reading and Writing,604e673d,pdfs/PSAT-NMSQT-PSAT10/Reading-and-Writing/part-003.pdf,25
PSAT/NMSQT & PSAT 10,Reading and Writing,1fafd575,pdfs/PSAT-NMSQT-PSAT10/Reading-and-Writing/part-003.pdf,26
PSAT/NMSQT & PSAT 10,Reading and Writing,8c5a6863,pdfs/PSAT-NMSQT-PSAT10/Reading-and-Writing/part-003.pdf,27
PSAT/NMSQT & PSAT 10,Reading and Writing,b9cb09aa,pdfs/PSAT-NMSQT-PSAT10/Reading-and-Writing/part-003.pdf,28
PSAT/NMSQT & PSAT 10,Reading and Writing,a885a013,pdfs/PSAT-NMSQT-PSAT10/Reading-and-Writing/part-003.pdf,29
PSAT/NMSQT & PSAT 10,Reading and Writing,7403c225,pdfs/PSAT-NMSQT-PSAT10/Reading-and-Writing/part-003.pdf,30
PSAT/NMSQT & PSAT 10,Reading and Writing,60f5c0d5,pdfs/PSAT-NMSQT-PSAT10/Reading-and-Writing/part-003.pdf,31
PSAT/NMSQT & PSAT 10,Reading and Writing,5f6c6854,pdfs/PSAT-NMSQT-PSAT10/Reading-and-Writing/part-003.pdf,32
PSAT/NMSQT & PSAT 10,Reading and Writing,80d8ac0f,pdfs/PSAT-NMSQT-PSAT10/Reading-and-Writing/part-003.pdf,33
PSAT/NMSQT & PSAT 10,Reading and Writing,3f9c1be4,pdfs/PSAT-NMSQT-PSAT10/Reading-and-Writing/part-003.pdf,34
PSAT/NMSQT & PSAT 10,Reading and Writing,748ab121,pdfs/PSAT-NMSQT-PSAT10/Reading-and-Writing/part-003.pdf,35
PSAT/NMSQT & PSAT 10,Reading and Writing,51737eb4,pdfs/PSAT-NMSQT-PSAT10/Reading-and-Writing/part-003.pdf,37
PSAT/NMSQT & PSAT 10,Reading and Writing,b86ddd83,pdfs/PSAT-NMSQT-PSAT10/Reading-and-Writing/part-003.pdf,38
PSAT/NMSQT & PSAT 10,Reading and Writing,71db08c3,pdfs/PSAT-NMSQT-PSAT10/Reading-and-Writing/part-003.pdf,40
PSAT/NMSQT & PSAT 10,Reading and Writing,b294c336,pdfs/PSAT-NMSQT-PSAT10/Reading-and-Writing/part-003.pdf,41
PSAT/NMSQT & PSAT 10,Reading and Writing,eabebfb1,pdfs/PSAT-NMSQT-PSAT10/Reading-and-Writing/part-003.pdf,42
PSAT/NMSQT & PSAT 10,Reading and Writing,c80a1b9c,pdfs/PSAT-NMSQT-PSAT10/Reading-and-Writing/part-003.pdf,43
PSAT/NMSQT & PSAT 10,Reading and Writing,c5292c3e,pdfs/PSAT-NMSQT-PSAT10/Reading-and-Writing/part-003.pdf,44
PSAT/NMSQT & PSAT 10,Reading and Writing,d59843e6,pdfs/PSAT-NMSQT-PSAT10/Reading-and-Writing/part-003.pdf,45
PSAT/NMSQT & PSAT 10,Reading and Writing,6dd0e3ff,pdfs/PSAT-NMSQT-PSAT10/Reading-and-Writing/part-003.pdf,46
PSAT/NMSQT & PSAT 10,Reading and Writing,572c32e8,pdfs/PSAT-NMSQT-PSAT10/Reading-and-Writing/part-003.pdf,47
PSAT/NMSQT & PSAT 10,Reading and Writing,4792a12d,pdfs/PSAT-NMSQT-PSAT10/Reading-and-Writing/part-003.pdf,48
PSAT/NMSQT & PSAT 10,Reading and Writing,2a6209ef,pdfs/PSAT-NMSQT-PSAT10/Reading-and-Writing/part-003.pdf,49
PSAT/NMSQT & PSAT 10,Reading and Writing,60cfe96c,pdfs/PSAT-NMSQT-PSAT10/Reading-and-Writing/part-003.pdf,50
PSAT/NMSQT & PSAT 10,Reading and Writing,73beedf7,pdfs/PSAT-NMSQT-PSAT10/Reading-and-Writing/part-003.pdf,51
PSAT/NMSQT & PSAT 10,Reading and Writing,c93c43dc,pdfs/PSAT-NMSQT-PSAT10/Reading-and-Writing/part-003.pdf,52
PSAT/NMSQT & PSAT 10,Reading and Writing,8a991dc8,pdfs/PSAT-NMSQT-PSAT10/Reading-and-Writing/part-003.pdf,53
PSAT/NMSQT & PSAT 10,Reading and Writing,4871dabb,pdfs/PSAT-NMSQT-PSAT10/Reading-and-Writing/part-003.pdf,54
PSAT/NMSQT & PSAT 10,Reading and Writing,63baf524,pdfs/PSAT-NMSQT-PSAT10/Reading-and-Writing/part-003.pdf,55
PSAT/NMSQT & PSAT 10,Reading and Writing,95092fa0,pdfs/PSAT-NMSQT-PSAT10/Reading-and-Writing/part-003.pdf,56
PSAT/NMSQT & PSAT 10,Reading and Writing,25ba38fe,pdfs/PSAT-NMSQT-PSAT10/Reading-and-Writing/part-003.pdf,57
PSAT/NMSQT & PSAT 10,Reading and Writing,8ee4627c,pdfs/PSAT-NMSQT-PSAT10/Reading-and-Writing/part-003.pdf,58
PSAT/NMSQT & PSAT 10,Reading and Writing,bed303b9,pdfs/PSAT-NMSQT-PSAT10/Reading-and-Writing/part-003.pdf,59
PSAT/NMSQT & PSAT 10,Reading and Writing,e0dcce91,pdfs/PSAT-NMSQT-PSAT10/Reading-and-Writing/part-003.pdf,60
PSAT/NMSQT & PSAT 10,Reading and Writing,c031c0fe,pdfs/PSAT-NMSQT-PSAT10/Reading-and-Writing/part-003.pdf,61
PSAT/NMSQT & PSAT 10,Reading and Writing,0ebcf433,pdfs/PSAT-NMSQT-PSAT10/Reading-and-Writing/part-003.pdf,62
PSAT/NMSQT & PSAT 10,Reading and Writing,d6069057,pdfs/PSAT-NMSQT-PSAT10/Reading-and-Writing/part-003.pdf,63
PSAT/NMSQT & PSAT 10,Reading and Writing,ec524a35,pdfs/PSAT-NMSQT-PSAT10/Reading-and-Writing/part-003.pdf,64
PSAT/NMSQT & PSAT 10,Reading and Writing,0804d2ea,pdfs/PSAT-NMSQT-PSAT10/Reading-and-Writing/part-003.pdf,65
PSAT/NMSQT & PSAT 10,Reading and Writing,34dc1171,pdfs/PSAT-NMSQT-PSAT10/Reading-and-Writing/part-003.pdf,66
PSAT/NMSQT & PSAT 10,Reading and Writing,697dcd7e,pdfs/PSAT-NMSQT-PSAT10/Reading-and-Writing/part-003.pdf,67
PSAT/NMSQT & PSAT 10,Reading and Writing,c95cacfb,pdfs/PSAT-NMSQT-PSAT10/Reading-and-Writing/part-003.pdf,68
PSAT/NMSQT & PSAT 10,Reading and Writing,02f23002,pdfs/PSAT-NMSQT-PSAT10/Reading-and-Writing/part-003.pdf,69
PSAT/NMSQT & PSAT 10,Reading and Writing,65a195aa,pdfs/PSAT-NMSQT-PSAT10/Reading-and-Writing/part-003.pdf,70
PSAT/NMSQT & PSAT 10,Reading and Writing,5a56cbe8,pdfs/PSAT-NMSQT-PSAT10/Reading-and-Writing/part-003.pdf,71
PSAT/NMSQT & PSAT 10,Reading and Writing,c4b1ca8b,pdfs/PSAT-NMSQT-PSAT10/Reading-and-Writing/part-003.pdf,73
PSAT/NMSQT & PSAT 10,Reading and Writing,8ece0047,pdfs/PSAT-NMSQT-PSAT10/Reading-and-Writing/part-003.pdf,74
PSAT/NMSQT & PSAT 10,Reading and Writing,50894857,pdfs/PSAT-NMSQT-PSAT10/Reading-and-Writing/part-003.pdf,75
PSAT/NMSQT & PSAT 10,Reading and Writing,8ba933c3,pdfs/PSAT-NMSQT-PSAT10/Reading-and-Writing/part-003.pdf,76
PSAT/NMSQT & PSAT 10,Reading and Writing,5888a6f4,pdfs/PSAT-NMSQT-PSAT10/Reading-and-Writing/part-003.pdf,77
PSAT/NMSQT & PSAT 10,Reading and Writing,f3a6dcad,pdfs/PSAT-NMSQT-PSAT10/Reading-and-Writing/part-003.pdf,78
PSAT/NMSQT & PSAT 10,Reading and Writing,c18e95b7,pdfs/PSAT-NMSQT-PSAT10/Reading-and-Writing/part-003.pdf,79
PSAT/NMSQT & PSAT 10,Reading and Writing,7002dccc,pdfs/PSAT-NMSQT-PSAT10/Reading-and-Writing/part-003.pdf,80
PSAT/NMSQT & PSAT 10,Reading and Writing,52db755d,pdfs/PSAT-NMSQT-PSAT10/Reading-and-Writing/part-003.pdf,81
PSAT/NMSQT & PSAT 10,Reading and Writing,23718fee,pdfs/PSAT-NMSQT-PSAT10/Reading-and-Writing/part-003.pdf,82
PSAT/NMSQT & PSAT 10,Reading and Writing,6afc9a3a,pdfs/PSAT-NMSQT-PSAT10/Reading-and-Writing/part-003.pdf,83
PSAT/NMSQT & PSAT 10,Reading and Writing,2c46da8b,pdfs/PSAT-NMSQT-PSAT10/Reading-and-Writing/part-003.pdf,84
PSAT/NMSQT & PSAT 10,Reading and Writing,cdeb95e7,pdfs/PSAT-NMSQT-PSAT10/Reading-and-Writing/part-003.pdf,85
PSAT/NMSQT & PSAT 10,Reading and Writing,4a13cac8,pdfs/PSAT-NMSQT-PSAT10/Reading-and-Writing/part-003.pdf,86
PSAT/NMSQT & PSAT 10,Reading and Writing,5e533189,pdfs/PSAT-NMSQT-PSAT10/Reading-and-Writing/part-003.pdf,87
PSAT/NMSQT & PSAT 10,Reading and Writing,202cd649,pdfs/PSAT-NMSQT-PSAT10/Reading-and-Writing/part-003.pdf,88
PSAT/NMSQT & PSAT 10,Reading and Writing,8cd1e66e,pdfs/PSAT-NMSQT-PSAT10/Reading-and-Writing/part-003.pdf,89
PSAT/NMSQT & PSAT 10,Reading and Writing,d9a6817c,pdfs/PSAT-NMSQT-PSAT10/Reading-and-Writing/part-003.pdf,90
PSAT/NMSQT & PSAT 10,Reading and Writing,ec88fda1,pdfs/PSAT-NMSQT-PSAT10/Reading-and-Writing/part-003.pdf,91
PSAT/NMSQT & PSAT 10,Reading and Writing,912389e9,pdfs/PSAT-NMSQT-PSAT10/Reading-and-Writing/part-003.pdf,92
PSAT/NMSQT & PSAT 10,Reading and Writing,33a40d89,pdfs/PSAT-NMSQT-PSAT10/Reading-and-Writing/part-003.pdf,93
PSAT/NMSQT & PSAT 10,Reading and Writing,edd374eb,pdfs/PSAT-NMSQT-PSAT10/Reading-and-Writing/part-003.pdf,94
PSAT/NMSQT & PSAT 10,Reading and Writing,cb863037,pdfs/PSAT-NMSQT-PSAT10/Reading-and-Writing/part-003.pdf,95
PSAT/NMSQT & PSAT 10,Reading and Writing,ab934d88,pdfs/PSAT-NMSQT-PSAT10/Reading-and-Writing/part-003.pdf,96
PSAT/NMSQT & PSAT 10,Reading and Writing,3da95a40,pdfs/PSAT-NMSQT-PSAT10/Reading-and-Writing/part-003.pdf,97
PSAT/NMSQT & PSAT 10,Reading and Writing,c4d615fc,pdfs/PSAT-NMSQT-PSAT10/Reading-and-Writing/part-003.pdf,98
PSAT/NMSQT & PSAT 10,Reading and Writing,f13d9ed0,pdfs/PSAT-NMSQT-PSAT10/Reading-and-Writing/part-003.pdf,99
PSAT/NMSQT & PSAT 10,Reading and Writing,084e8a77,pdfs/PSAT-NMSQT-PSAT10/Reading-and-Writing/part-003.pdf,100
PSAT/NMSQT & PSAT 10,Reading and Writing,f987e871,pdfs/PSAT-NMSQT-PSAT10/Reading-and-Writing/part-003.pdf,101
PSAT/NMSQT & PSAT 10,Reading and Writing,ac2a3e8e,pdfs/PSAT-NMSQT-PSAT10/Reading-and-Writing/part-003.pdf,102
PSAT/NMSQT & PSAT 10,Reading and Writing,e70d7578,pdfs/PSAT-NMSQT-PSAT10/Reading-and-Writing/part-003.pdf,103
PSAT/NMSQT & PSAT 10,Reading and Writing,afc3d0d1,pdfs/PSAT-NMSQT-PSAT10/Reading-and-Writing/part-003.pdf,104
PSAT/NMSQT & PSAT 10,Reading and Writing,c04c6175,pdfs/PSAT-NMSQT-PSAT10/Reading-and-Writing/part-003.pdf,105
PSAT/NMSQT & PSAT 10,Reading and Writing,3af992cf,pdfs/PSAT-NMSQT-PSAT10/Reading-and-Writing/part-003.pdf,106
PSAT/NMSQT & PSAT 10,Reading and Writing,4fb72160,pdfs/PSAT-NMSQT-PSAT10/Reading-and-Writing/part-003.pdf,107
PSAT/NMSQT & PSAT 10,Reading and Writing,cf959e6c,pdfs/PSAT-NMSQT-PSAT10/Reading-and-Writing/part-003.pdf,108
PSAT/NMSQT & PSAT 10,Reading and Writing,55e53150,pdfs/PSAT-NMSQT-PSAT10/Reading-and-Writing/part-003.pdf,109
PSAT/NMSQT & PSAT 10,Reading and Writing,0d9d50d7,pdfs/PSAT-NMSQT-PSAT10/Reading-and-Writing/part-003.pdf,110
PSAT/NMSQT & PSAT 10,Reading and Writing,d10ee7a0,pdfs/PSAT-NMSQT-PSAT10/Reading-and-Writing/part-003.pdf,111
PSAT/NMSQT & PSAT 10,Reading and Writing,42aae3b7,pdfs/PSAT-NMSQT-PSAT10/Reading-and-Writing/part-003.pdf,112
PSAT/NMSQT & PSAT 10,Reading and Writing,05d9b07b,pdfs/PSAT-NMSQT-PSAT10/Reading-and-Writing/part-003.pdf,113
PSAT/NMSQT & PSAT 10,Reading and Writing,a5efa231,pdfs/PSAT-NMSQT-PSAT10/Reading-and-Writing/part-003.pdf,115
PSAT/NMSQT & PSAT 10,Reading and Writing,133abbda,pdfs/PSAT-NMSQT-PSAT10/Reading-and-Writing/part-003.pdf,116
PSAT/NMSQT & PSAT 10,Reading and Writing,f552bfb4,pdfs/PSAT-NMSQT-PSAT10/Reading-and-Writing/part-003.pdf,117
PSAT/NMSQT & PSAT 10,Reading and Writing,83e391e6,pdfs/PSAT-NMSQT-PSAT10/Reading-and-Writing/part-003.pdf,118
PSAT/NMSQT & PSAT 10,Reading and Writing,e52added,pdfs/PSAT-NMSQT-PSAT10/Reading-and-Writing/part-003.pdf,120
PSAT/NMSQT & PSAT 10,Reading and Writing,4531fbbf,pdfs/PSAT-NMSQT-PSAT10/Reading-and-Writing/part-003.pdf,121
PSAT/NMSQT & PSAT 10,Reading and Writing,535c4602,pdfs/PSAT-NMSQT-PSAT10/Reading-and-Writing/part-003.pdf,122
PSAT/NMSQT & PSAT 10,Reading and Writing,d60bc86d,pdfs/PSAT-NMSQT-PSAT10/Reading-and-Writing/part-003.pdf,123
PSAT/NMSQT & PSAT 10,Reading and Writing,60708747,pdfs/PSAT-NMSQT-PSAT10/Reading-and-Writing/part-003.pdf,125
PSAT/NMSQT & PSAT 10,Reading and Writing,ce436d52,pdfs/PSAT-NMSQT-PSAT10/Reading-and-Writing/part-003.pdf,126
PSAT/NMSQT & PSAT 10,Reading and Writing,a443105a,pdfs/PSAT-NMSQT-PSAT10/Reading-and-Writing/part-003.pdf,127
PSAT/NMSQT & PSAT 10,Reading and Writing,89790d73,pdfs/PSAT-NMSQT-PSAT10/Reading-and-Writing/part-003.pdf,128
PSAT/NMSQT & PSAT 10,Reading and Writing,3e47683f,pdfs/PSAT-NMSQT-PSAT10/Reading-and-Writing/part-003.pdf,129
PSAT/NMSQT & PSAT 10,Reading and Writing,af924809,pdfs/PSAT-NMSQT-PSAT10/Reading-and-Writing/part-003.pdf,131
PSAT/NMSQT & PSAT 10,Reading and Writing,e07e635c,pdfs/PSAT-NMSQT-PSAT10/Reading-and-Writing/part-003.pdf,132
PSAT/NMSQT & PSAT 10,Reading and Writing,9492c926,pdfs/PSAT-NMSQT-PSAT10/Reading-and-Writing/part-003.pdf,133
PSAT/NMSQT & PSAT 10,Reading and Writing,032fd227,pdfs/PSAT-NMSQT-PSAT10/Reading-and-Writing/part-003.pdf,134
PSAT/NMSQT & PSAT 10,Reading and Writing,df9f6fc6,pdfs/PSAT-NMSQT-PSAT10/Reading-and-Writing/part-003.pdf,135
PSAT/NMSQT & PSAT 10,Reading and Writing,fb54c4a0,pdfs/PSAT-NMSQT-PSAT10/Reading-and-Writing/part-003.pdf,136
PSAT/NMSQT & PSAT 10,Reading and Writing,d5125e70,pdfs/PSAT-NMSQT-PSAT10/Reading-and-Writing/part-003.pdf,137
PSAT/NMSQT & PSAT 10,Reading and Writing,9493b46b,pdfs/PSAT-NMSQT-PSAT10/Reading-and-Writing/part-003.pdf,138
PSAT/NMSQT & PSAT 10,Reading and Writing,97643f46,pdfs/PSAT-NMSQT-PSAT10/Reading-and-Writing/part-003.pdf,139
PSAT/NMSQT & PSAT 10,Reading and Writing,ecbd6424,pdfs/PSAT-NMSQT-PSAT10/Reading-and-Writing/part-003.pdf,140
PSAT/NMSQT & PSAT 10,Reading and Writing,e3c71a7b,pdfs/PSAT-NMSQT-PSAT10/Reading-and-Writing/part-003.pdf,141
PSAT/NMSQT & PSAT 10,Reading and Writing,b735e8a7,pdfs/PSAT-NMSQT-PSAT10/Reading-and-Writing/part-003.pdf,142
PSAT/NMSQT & PSAT 10,Reading and Writing,74e7cada,pdfs/PSAT-NMSQT-PSAT10/Reading-and-Writing/part-003.pdf,143
PSAT/NMSQT & PSAT 10,Reading and Writing,0e385e33,pdfs/PSAT-NMSQT-PSAT10/Reading-and-Writing/part-003.pdf,144
PSAT/NMSQT & PSAT 10,Reading and Writing,c6fb83ae,pdfs/PSAT-NMSQT-PSAT10/Reading-and-Writing/part-003.pdf,145
PSAT/NMSQT & PSAT 10,Reading and Writing,e7aae27f,pdfs/PSAT-NMSQT-PSAT10/Reading-and-Writing/part-003.pdf,146
PSAT/NMSQT & PSAT 10,Reading and Writing,ba927027,pdfs/PSAT-NMSQT-PSAT10/Reading-and-Writing/part-003.pdf,147
PSAT/NMSQT & PSAT 10,Reading and Writing,6b91d967,pdfs/PSAT-NMSQT-PSAT10/Reading-and-Writing/part-003.pdf,148
PSAT/NMSQT & PSAT 10,Reading and Writing,4fd9ca5d,pdfs/PSAT-NMSQT-PSAT10/Reading-and-Writing/part-003.pdf,149
PSAT/NMSQT & PSAT 10,Reading and Writing,5b03feaf,pdfs/PSAT-NMSQT-PSAT10/Reading-and-Writing/part-003.pdf,150
PSAT/NMSQT & PSAT 10,Reading and Writing,acef5165,pdfs/PSAT-NMSQT-PSAT10/Reading-and-Writing/part-003.pdf,151
PSAT/NMSQT & PSAT 10,Reading and Writing,95b41836,pdfs/PSAT-NMSQT-PSAT10/Reading-and-Writing/part-003.pdf,152
PSAT/NMSQT & PSAT 10,Reading and Writing,428d801f,pdfs/PSAT-NMSQT-PSAT10/Reading-and-Writing/part-003.pdf,153
PSAT/NMSQT & PSAT 10,Reading and Writing,c4d6c874,pdfs/PSAT-NMSQT-PSAT10/Reading-and-Writing/part-003.pdf,154
PSAT/NMSQT & PSAT 10,Reading and Writing,a68eb278,pdfs/PSAT-NMSQT-PSAT10/Reading-and-Writing/part-003.pdf,155
PSAT/NMSQT & PSAT 10,Reading and Writing,8f9ba3f1,pdfs/PSAT-NMSQT-PSAT10/Reading-and-Writing/part-003.pdf,156
PSAT/NMSQT & PSAT 10,Reading and Writing,236404af,pdfs/PSAT-NMSQT-PSAT10/Reading-and-Writing/part-003.pdf,157
PSAT/NMSQT & PSAT 10,Reading and Writing,526977db,pdfs/PSAT-NMSQT-PSAT10/Reading-and-Writing/part-003.pdf,158
PSAT/NMSQT & PSAT 10,Reading and Writing,ae31c343,pdfs/PSAT-NMSQT-PSAT10/Reading-and-Writing/part-003.pdf,159
PSAT/NMSQT & PSAT 10,Reading and Writing,32897050,pdfs/PSAT-NMSQT-PSAT10/Reading-and-Writing/part-003.pdf,160
PSAT/NMSQT & PSAT 10,Reading and Writing,29b5b9c2,pdfs/PSAT-NMSQT-PSAT10/Reading-and-Writing/part-003.pdf,161
PSAT/NMSQT & PSAT 10,Reading and Writing,ca315bef,pdfs/PSAT-NMSQT-PSAT10/Reading-and-Writing/part-003.pdf,162
PSAT/NMSQT & PSAT 10,Reading and Writing,9027e78b,pdfs/PSAT-NMSQT-PSAT10/Reading-and-Writing/part-003.pdf,163
PSAT/NMSQT & PSAT 10,Reading and Writing,1a692bd0,pdfs/PSAT-NMSQT-PSAT10/Reading-and-Writing/part-003.pdf,164
PSAT/NMSQT & PSAT 10,Reading and Writing,0b016420,pdfs/PSAT-NMSQT-PSAT10/Reading-and-Writing/part-003.pdf,165
PSAT/NMSQT & PSAT 10,Reading and Writing,13c5c4c2,pdfs/PSAT-NMSQT-PSAT10/Reading-and-Writing/part-003.pdf,166
PSAT/NMSQT & PSAT 10,Reading and Writing,121f7427,pdfs/PSAT-NMSQT-PSAT10/Reading-and-Writing/part-003.pdf,167
PSAT/NMSQT & PSAT 10,Reading and Writing,92852f09,pdfs/PSAT-NMSQT-PSAT10/Reading-and-Writing/part-003.pdf,168
PSAT/NMSQT & PSAT 10,Reading and Writing,198c26cc,pdfs/PSAT-NMSQT-PSAT10/Reading-and-Writing/part-003.pdf,169
PSAT/NMSQT & PSAT 10,Reading and Writing,9377e03a,pdfs/PSAT-NMSQT-PSAT10/Reading-and-Writing/part-003.pdf,170
PSAT/NMSQT & PSAT 10,Reading and Writing,b428c117,pdfs/PSAT-NMSQT-PSAT10/Reading-and-Writing/part-003.pdf,171
PSAT/NMSQT & PSAT 10,Reading and Writing,85ee2027,pdfs/PSAT-NMSQT-PSAT10/Reading-and-Writing/part-003.pdf,172
PSAT/NMSQT & PSAT 10,Reading and Writing,e5547b7e,pdfs/PSAT-NMSQT-PSAT10/Reading-and-Writing/part-003.pdf,173
PSAT/NMSQT & PSAT 10,Reading and Writing,e5c826be,pdfs/PSAT-NMSQT-PSAT10/Reading-and-Writing/part-003.pdf,175
PSAT/NMSQT & PSAT 10,Reading and Writing,86f4681d,pdfs/PSAT-NMSQT-PSAT10/Reading-and-Writing/part-003.pdf,176
PSAT/NMSQT & PSAT 10,Reading and Writing,c1fdc455,pdfs/PSAT-NMSQT-PSAT10/Reading-and-Writing/part-003.pdf,177
PSAT/NMSQT & PSAT 10,Reading and Writing,49c3a5db,pdfs/PSAT-NMSQT-PSAT10/Reading-and-Writing/part-003.pdf,179
PSAT/NMSQT & PSAT 10,Reading and Writing,50e2cbb3,pdfs/PSAT-NMSQT-PSAT10/Reading-and-Writing/part-003.pdf,180
PSAT/NMSQT & PSAT 10,Reading and Writing,9c0074c0,pdfs/PSAT-NMSQT-PSAT10/Reading-and-Writing/part-003.pdf,181
PSAT/NMSQT & PSAT 10,Reading and Writing,1cb8fe51,pdfs/PSAT-NMSQT-PSAT10/Reading-and-Writing/part-003.pdf,182
PSAT/NMSQT & PSAT 10,Reading and Writing,35e921f5,pdfs/PSAT-NMSQT-PSAT10/Reading-and-Writing/part-003.pdf,183
PSAT/NMSQT & PSAT 10,Reading and Writing,a3913947,pdfs/PSAT-NMSQT-PSAT10/Reading-and-Writing/part-003.pdf,184
PSAT/NMSQT & PSAT 10,Reading and Writing,166021c8,pdfs/PSAT-NMSQT-PSAT10/Reading-and-Writing/part-003.pdf,185
PSAT/NMSQT & PSAT 10,Reading and Writing,a6c10151,pdfs/PSAT-NMSQT-PSAT10/Reading-and-Writing/part-003.pdf,186
PSAT/NMSQT & PSAT 10,Reading and Writing,6f104dd1,pdfs/PSAT-NMSQT-PSAT10/Reading-and-Writing/part-003.pdf,187
PSAT/NMSQT & PSAT 10,Reading and Writing,a69cfd86,pdfs/PSAT-NMSQT-PSAT10/Reading-and-Writing/part-003.pdf,188
PSAT/NMSQT & PSAT 10,Reading and Writing,16e22b5e,pdfs/PSAT-NMSQT-PSAT10/Reading-and-Writing/part-003.pdf,189
PSAT/NMSQT & PSAT 10,Reading and Writing,b4159cd8,pdfs/PSAT-NMSQT-PSAT10/Reading-and-Writing/part-003.pdf,190
PSAT/NMSQT & PSAT 10,Reading and Writing,e2693373,pdfs/PSAT-NMSQT-PSAT10/Reading-and-Writing/part-003.pdf,191
PSAT/NMSQT & PSAT 10,Reading and Writing,857d1bff,pdfs/PSAT-NMSQT-PSAT10/Reading-and-Writing/part-003.pdf,192
PSAT/NMSQT & PSAT 10,Reading and Writing,1a092efe,pdfs/PSAT-NMSQT-PSAT10/Reading-and-Writing/part-003.pdf,193
PSAT/NMSQT & PSAT 10,Reading and Writing,cc919e5f,pdfs/PSAT-NMSQT-PSAT10/Reading-and-Writing/part-003.pdf,194
PSAT/NMSQT & PSAT 10,Reading and Writing,c0ea30ed,pdfs/PSAT-NMSQT-PSAT10/Reading-and-Writing/part-003.pdf,195
PSAT/NMSQT & PSAT 10,Reading and Writing,34135282,pdfs/PSAT-NMSQT-PSAT10/Reading-and-Writing/part-003.pdf,196
PSAT/NMSQT & PSAT 10,Reading and Writing,55c05ddf,pdfs/PSAT-NMSQT-PSAT10/Reading-and-Writing/part-003.pdf,197
PSAT/NMSQT & PSAT 10,Reading and Writing,5a7f02fa,pdfs/PSAT-NMSQT-PSAT10/Reading-and-Writing/part-003.pdf,198
PSAT/NMSQT & PSAT 10,Reading and Writing,cfbdb79f,pdfs/PSAT-NMSQT-PSAT10/Reading-and-Writing/part-003.pdf,199
PSAT/NMSQT & PSAT 10,Reading and Writing,8f528a85,pdfs/PSAT-NMSQT-PSAT10/Reading-and-Writing/part-003.pdf,200
PSAT/NMSQT & PSAT 10,Reading and Writing,51d1f812,pdfs/PSAT-NMSQT-PSAT10/Reading-and-Writing/part-003.pdf,202
PSAT/NMSQT & PSAT 10,Reading and Writing,9ed570a6,pdfs/PSAT-NMSQT-PSAT10/Reading-and-Writing/part-003.pdf,203
PSAT/NMSQT & PSAT 10,Reading and Writing,df33507e,pdfs/PSAT-NMSQT-PSAT10/Reading-and-Writing/part-003.pdf,204
PSAT/NMSQT & PSAT 10,Reading and Writing,67aeed94,pdfs/PSAT-NMSQT-PSAT10/Reading-and-Writing/part-003.pdf,205
PSAT/NMSQT & PSAT 10,Reading and Writing,2c0fce04,pdfs/PSAT-NMSQT-PSAT10/Reading-and-Writing/part-003.pdf,206
PSAT/NMSQT & PSAT 10,Reading and Writing,1abf42c6,pdfs/PSAT-NMSQT-PSAT10/Reading-and-Writing/part-003.pdf,207
PSAT/NMSQT & PSAT 10,Reading and Writing,691593e9,pdfs/PSAT-NMSQT-PSAT10/Reading-and-Writing/part-003.pdf,208
PSAT/NMSQT & PSAT 10,Reading and Writing,fa9319f0,pdfs/PSAT-NMSQT-PSAT10/Reading-and-Writing/part-003.pdf,209
PSAT/NMSQT & PSAT 10,Reading and Writing,de9c98e2,pdfs/PSAT-NMSQT-PSAT10/Reading-and-Writing/part-003.pdf,210
PSAT/NMSQT & PSAT 10,Reading and Writing,8f0cc7a7,pdfs/PSAT-NMSQT-PSAT10/Reading-and-Writing/part-003.pdf,211
PSAT/NMSQT & PSAT 10,Reading and Writing,1fdb3173,pdfs/PSAT-NMSQT-PSAT10/Reading-and-Writing/part-003.pdf,212
PSAT/NMSQT & PSAT 10,Reading and Writing,8221b9e0,pdfs/PSAT-NMSQT-PSAT10/Reading-and-Writing/part-003.pdf,213
PSAT/NMSQT & PSAT 10,Reading and Writing,0f55ce99,pdfs/PSAT-NMSQT-PSAT10/Reading-and-Writing/part-003.pdf,214
PSAT/NMSQT & PSAT 10,Reading and Writing,784fef59,pdfs/PSAT-NMSQT-PSAT10/Reading-and-Writing/part-003.pdf,215
PSAT/NMSQT & PSAT 10,Reading and Writing,1c82df5b,pdfs/PSAT-NMSQT-PSAT10/Reading-and-Writing/part-003.pdf,216
PSAT/NMSQT & PSAT 10,Reading and Writing,f1be2bd1,pdfs/PSAT-NMSQT-PSAT10/Reading-and-Writing/part-003.pdf,217
PSAT/NMSQT & PSAT 10,Reading and Writing,1f38cdb9,pdfs/PSAT-NMSQT-PSAT10/Reading-and-Writing/part-003.pdf,218
PSAT/NMSQT & PSAT 10,Reading and Writing,7a551866,pdfs/PSAT-NMSQT-PSAT10/Reading-and-Writing/part-003.pdf,219
PSAT/NMSQT & PSAT 10,Reading and Writing,60451ae9,pdfs/PSAT-NMSQT-PSAT10/Reading-and-Writing/part-003.pdf,220
PSAT/NMSQT & PSAT 10,Reading and Writing,e4b76f9d,pdfs/PSAT-NMSQT-PSAT10/Reading-and-Writing/part-003.pdf,221
PSAT/NMSQT & PSAT 10,Reading and Writing,96765dfd,pdfs/PSAT-NMSQT-PSAT10/Reading-and-Writing/part-003.pdf,222
PSAT/NMSQT & PSAT 10,Reading and Writing,601b8d64,pdfs/PSAT-NMSQT-PSAT10/Reading-and-Writing/part-003.pdf,223
PSAT/NMSQT & PSAT 10,Reading and Writing,5ead5de0,pdfs/PSAT-NMSQT-PSAT10/Reading-and-Writing/part-003.pdf,224
PSAT/NMSQT & PSAT 10,Reading and Writing,7dd29895,pdfs/PSAT-NMSQT-PSAT10/Reading-and-Writing/part-003.pdf,225
PSAT/NMSQT & PSAT 10,Reading and Writing,92fc161a,pdfs/PSAT-NMSQT-PSAT10/Reading-and-Writing/part-003.pdf,227
PSAT/NMSQT & PSAT 10,Reading and Writing,a47f5b24,pdfs/PSAT-NMSQT-PSAT10/Reading-and-Writing/part-003.pdf,228
PSAT/NMSQT & PSAT 10,Reading and Writing,914646fb,pdfs/PSAT-NMSQT-PSAT10/Reading-and-Writing/part-003.pdf,229
PSAT/NMSQT & PSAT 10,Reading and Writing,3f54168c,pdfs/PSAT-NMSQT-PSAT10/Reading-and-Writing/part-003.pdf,230
PSAT/NMSQT & PSAT 10,Reading and Writing,5e002257,pdfs/PSAT-NMSQT-PSAT10/Reading-and-Writing/part-003.pdf,231
PSAT/NMSQT & PSAT 10,Reading and Writing,e8039829,pdfs/PSAT-NMSQT-PSAT10/Reading-and-Writing/part-003.pdf,232
PSAT/NMSQT & PSAT 10,Reading and Writing,053bf2c3,pdfs/PSAT-NMSQT-PSAT10/Reading-and-Writing/part-003.pdf,233
PSAT/NMSQT & PSAT 10,Reading and Writing,e888813b,pdfs/PSAT-NMSQT-PSAT10/Reading-and-Writing/part-003.pdf,234
PSAT/NMSQT & PSAT 10,Reading and Writing,608d9ef2,pdfs/PSAT-NMSQT-PSAT10/Reading-and-Writing/part-003.pdf,236
PSAT/NMSQT & PSAT 10,Reading and Writing,849dc345,pdfs/PSAT-NMSQT-PSAT10/Reading-and-Writing/part-003.pdf,237
PSAT/NMSQT & PSAT 10,Reading and Writing,01869007,pdfs/PSAT-NMSQT-PSAT10/Reading-and-Writing/part-003.pdf,238
PSAT/NMSQT & PSAT 10,Reading and Writing,e4a34065,pdfs/PSAT-NMSQT-PSAT10/Reading-and-Writing/part-003.pdf,239
PSAT/NMSQT & PSAT 10,Reading and Writing,fc124fc1,pdfs/PSAT-NMSQT-PSAT10/Reading-and-Writing/part-003.pdf,240
PSAT/NMSQT & PSAT 10,Reading and Writing,86d42df7,pdfs/PSAT-NMSQT-PSAT10/Reading-and-Writing/part-003.pdf,241
PSAT/NMSQT & PSAT 10,Reading and Writing,cc8a5e6e,pdfs/PSAT-NMSQT-PSAT10/Reading-and-Writing/part-003.pdf,242
PSAT/NMSQT & PSAT 10,Reading and Writing,3fadd284,pdfs/PSAT-NMSQT-PSAT10/Reading-and-Writing/part-003.pdf,243
PSAT/NMSQT & PSAT 10,Reading and Writing,439cebfd,pdfs/PSAT-NMSQT-PSAT10/Reading-and-Writing/part-003.pdf,244
PSAT/NMSQT & PSAT 10,Reading and Writing,34e8f21e,pdfs/PSAT-NMSQT-PSAT10/Reading-and-Writing/part-003.pdf,245
PSAT/NMSQT & PSAT 10,Reading and Writing,18e3f389,pdfs/PSAT-NMSQT-PSAT10/Reading-and-Writing/part-003.pdf,246
PSAT/NMSQT & PSAT 10,Reading and Writing,c75c34ad,pdfs/PSAT-NMSQT-PSAT10/Reading-and-Writing/part-003.pdf,247
PSAT/NMSQT & PSAT 10,Reading and Writing,9b826048,pdfs/PSAT-NMSQT-PSAT10/Reading-and-Writing/part-003.pdf,248
PSAT/NMSQT & PSAT 10,Reading and Writing,90b424de,pdfs/PSAT-NMSQT-PSAT10/Reading-and-Writing/part-003.pdf,249
PSAT/NMSQT & PSAT 10,Reading and Writing,71506d6f,pdfs/PSAT-NMSQT-PSAT10/Reading-and-Writing/part-003.pdf,250
PSAT/NMSQT & PSAT 10,Reading and Writing,aa8f5175,pdfs/PSAT-NMSQT-PSAT10/Reading-and-Writing/part-003.pdf,251
PSAT/NMSQT & PSAT 10,Reading and Writing,991123de,pdfs/PSAT-NMSQT-PSAT10/Reading-and-Writing/part-003.pdf,252
PSAT/NMSQT & PSAT 10,Reading and Writing,ba6c88c1,pdfs/PSAT-NMSQT-PSAT10/Reading-and-Writing/part-003.pdf,253
PSAT/NMSQT & PSAT 10,Reading and Writing,70b4c8dd,pdfs/PSAT-NMSQT-PSAT10/Reading-and-Writing/part-003.pdf,254
PSAT/NMSQT & PSAT 10,Reading and Writing,31a14b3a,pdfs/PSAT-NMSQT-PSAT10/Reading-and-Writing/part-003.pdf,255
PSAT/NMSQT & PSAT 10,Reading and Writing,484f76d9,pdfs/PSAT-NMSQT-PSAT10/Reading-and-Writing/part-003.pdf,256
PSAT/NMSQT & PSAT 10,Reading and Writing,7b9ed7f1,pdfs/PSAT-NMSQT-PSAT10/Reading-and-Writing/part-003.pdf,257
PSAT/NMSQT & PSAT 10,Reading and Writing,3c684d3a,pdfs/PSAT-NMSQT-PSAT10/Reading-and-Writing/part-003.pdf,258
PSAT/NMSQT & PSAT 10,Reading and Writing,006ed890,pdfs/PSAT-NMSQT-PSAT10/Reading-and-Writing/part-003.pdf,259
PSAT/NMSQT & PSAT 10,Reading and Writing,903d5187,pdfs/PSAT-NMSQT-PSAT10/Reading-and-Writing/part-003.pdf,260
PSAT/NMSQT & PSAT 10,Reading and Writing,785b9ae4,pdfs/PSAT-NMSQT-PSAT10/Reading-and-Writing/part-003.pdf,261
PSAT/NMSQT & PSAT 10,Reading and Writing,d0caae88,pdfs/PSAT-NMSQT-PSAT10/Reading-and-Writing/part-003.pdf,262
PSAT/NMSQT & PSAT 10,Reading and Writing,46a9241b,pdfs/PSAT-NMSQT-PSAT10/Reading-and-Writing/part-003.pdf,263
PSAT/NMSQT & PSAT 10,Reading and Writing,9115a6d9,pdfs/PSAT-NMSQT-PSAT10/Reading-and-Writing/part-003.pdf,264
PSAT/NMSQT & PSAT 10,Reading and Writing,dd809c6f,pdfs/PSAT-NMSQT-PSAT10/Reading-and-Writing/part-003.pdf,265
PSAT/NMSQT & PSAT 10,Reading and Writing,f0c37687,pdfs/PSAT-NMSQT-PSAT10/Reading-and-Writing/part-003.pdf,266
PSAT/NMSQT & PSAT 10,Reading and Writing,274b03c9,pdfs/PSAT-NMSQT-PSAT10/Reading-and-Writing/part-003.pdf,267
PSAT/NMSQT & PSAT 10,Reading and Writing,b4f863bb,pdfs/PSAT-NMSQT-PSAT10/Reading-and-Writing/part-003.pdf,268
PSAT/NMSQT & PSAT 10,Reading and Writing,4094033d,pdfs/PSAT-NMSQT-PSAT10/Reading-and-Writing/part-003.pdf,269
PSAT/NMSQT & PSAT 10,Reading and Writing,c0e949a7,pdfs/PSAT-NMSQT-PSAT10/Reading-and-Writing/part-003.pdf,270
PSAT/NMSQT & PSAT 10,Reading and Writing,e9c12ba3,pdfs/PSAT-NMSQT-PSAT10/Reading-and-Writing/part-003.pdf,271
PSAT/NMSQT & PSAT 10,Reading and Writing,256e0472,pdfs/PSAT-NMSQT-PSAT10/Reading-and-Writing/part-003.pdf,272
PSAT/NMSQT & PSAT 10,Reading and Writing,15216eeb,pdfs/PSAT-NMSQT-PSAT10/Reading-and-Writing/part-003.pdf,273
PSAT/NMSQT & PSAT 10,Reading and Writing,d19cb9c7,pdfs/PSAT-NMSQT-PSAT10/Reading-and-Writing/part-003.pdf,274
PSAT/NMSQT & PSAT 10,Reading and Writing,02433867,pdfs/PSAT-NMSQT-PSAT10/Reading-and-Writing/part-003.pdf,275
PSAT/NMSQT & PSAT 10,Reading and Writing,f6e33406,pdfs/PSAT-NMSQT-PSAT10/Reading-and-Writing/part-003.pdf,276
PSAT/NMSQT & PSAT 10,Reading and Writing,54192a0e,pdfs/PSAT-NMSQT-PSAT10/Reading-and-Writing/part-003.pdf,277
PSAT/NMSQT & PSAT 10,Reading and Writing,09cec37b,pdfs/PSAT-NMSQT-PSAT10/Reading-and-Writing/part-003.pdf,278
PSAT/NMSQT & PSAT 10,Reading and Writing,b447c3be,pdfs/PSAT-NMSQT-PSAT10/Reading-and-Writing/part-003.pdf,279
PSAT/NMSQT & PSAT 10,Reading and Writing,3d8ebe40,pdfs/PSAT-NMSQT-PSAT10/Reading-and-Writing/part-003.pdf,280
PSAT/NMSQT & PSAT 10,Reading and Writing,007a60f1,pdfs/PSAT-NMSQT-PSAT10/Reading-and-Writing/part-003.pdf,281
PSAT/NMSQT & PSAT 10,Reading and Writing,3a5e7be0,pdfs/PSAT-NMSQT-PSAT10/Reading-and-Writing/part-003.pdf,282
PSAT/NMSQT & PSAT 10,Reading and Writing,12c0ebfd,pdfs/PSAT-NMSQT-PSAT10/Reading-and-Writing/part-003.pdf,283
PSAT/NMSQT & PSAT 10,Reading and Writing,d3ec7044,pdfs/PSAT-NMSQT-PSAT10/Reading-and-Writing/part-003.pdf,284
PSAT/NMSQT & PSAT 10,Reading and Writing,8611d787,pdfs/PSAT-NMSQT-PSAT10/Reading-and-Writing/part-003.pdf,285
PSAT/NMSQT & PSAT 10,Reading and Writing,1db1b58d,pdfs/PSAT-NMSQT-PSAT10/Reading-and-Writing/part-003.pdf,286
PSAT/NMSQT & PSAT 10,Reading and Writing,8f25ce67,pdfs/PSAT-NMSQT-PSAT10/Reading-and-Writing/part-003.pdf,287
PSAT/NMSQT & PSAT 10,Reading and Writing,d915b717,pdfs/PSAT-NMSQT-PSAT10/Reading-and-Writing/part-003.pdf,288
PSAT/NMSQT & PSAT 10,Reading and Writing,5314fc9c,pdfs/PSAT-NMSQT-PSAT10/Reading-and-Writing/part-003.pdf,289
PSAT/NMSQT & PSAT 10,Reading and Writing,fbdb10cf,pdfs/PSAT-NMSQT-PSAT10/Reading-and-Writing/part-003.pdf,290
PSAT/NMSQT & PSAT 10,Reading and Writing,87fead1a,pdfs/PSAT-NMSQT-PSAT10/Reading-and-Writing/part-003.pdf,291
PSAT/NMSQT & PSAT 10,Reading and Writing,c6be962e,pdfs/PSAT-NMSQT-PSAT10/Reading-and-Writing/part-003.pdf,292
PSAT/NMSQT & PSAT 10,Reading and Writing,1ea9ed0f,pdfs/PSAT-NMSQT-PSAT10/Reading-and-Writing/part-003.pdf,293
PSAT/NMSQT & PSAT 10,Reading and Writing,16ab3430,pdfs/PSAT-NMSQT-PSAT10/Reading-and-Writing/part-003.pdf,294
PSAT/NMSQT & PSAT 10,Reading and Writing,71d5e169,pdfs/PSAT-NMSQT-PSAT10/Reading-and-Writing/part-003.pdf,295
PSAT/NMSQT & PSAT 10,Reading and Writing,910e4ec5,pdfs/PSAT-NMSQT-PSAT10/Reading-and-Writing/part-003.pdf,296
PSAT/NMSQT & PSAT 10,Reading and Writing,6aea2355,pdfs/PSAT-NMSQT-PSAT10/Reading-and-Writing/part-003.pdf,297
PSAT/NMSQT & PSAT 10,Reading and Writing,5e66b61f,pdfs/PSAT-NMSQT-PSAT10/Reading-and-Writing/part-003.pdf,298
PSAT/NMSQT & PSAT 10,Reading and Writing,8772dceb,pdfs/PSAT-NMSQT-PSAT10/Reading-and-Writing/part-003.pdf,299
PSAT/NMSQT & PSAT 10,Reading and Writing,1cfef917,pdfs/PSAT-NMSQT-PSAT10/Reading-and-Writing/part-003.pdf,300
PSAT/NMSQT & PSAT 10,Reading and Writing,de48da01,pdfs/PSAT-NMSQT-PSAT10/Reading-and-Writing/part-003.pdf,301
PSAT/NMSQT & PSAT 10,Reading and Writing,d4c1ebee,pdfs/PSAT-NMSQT-PSAT10/Reading-and-Writing/part-003.pdf,302
PSAT/NMSQT & PSAT 10,Reading and Writing,83b9570f,pdfs/PSAT-NMSQT-PSAT10/Reading-and-Writing/part-003.pdf,303
PSAT/NMSQT & PSAT 10,Reading and Writing,9b65675e,pdfs/PSAT-NMSQT-PSAT10/Reading-and-Writing/part-003.pdf,304
PSAT/NMSQT & PSAT 10,Reading and Writing,92156aab,pdfs/PSAT-NMSQT-PSAT10/Reading-and-Writing/part-003.pdf,305
PSAT/NMSQT & PSAT 10,Reading and Writing,397b762b,pdfs/PSAT-NMSQT-PSAT10/Reading-and-Writing/part-003.pdf,306
PSAT/NMSQT & PSAT 10,Reading and Writing,aa5f93ac,pdfs/PSAT-NMSQT-PSAT10/Reading-and-Writing/part-003.pdf,307
PSAT/NMSQT & PSAT 10,Reading and Writing,4132bb97,pdfs/PSAT-NMSQT-PSAT10/Reading-and-Writing/part-003.pdf,308
PSAT/NMSQT & PSAT 10,Reading and Writing,38c2d69a,pdfs/PSAT-NMSQT-PSAT10/Reading-and-Writing/part-003.pdf,309
PSAT/NMSQT & PSAT 10,Reading and Writing,1718648a,pdfs/PSAT-NMSQT-PSAT10/Reading-and-Writing/part-003.pdf,310
PSAT/NMSQT & PSAT 10,Reading and Writing,5a220e65,pdfs/PSAT-NMSQT-PSAT10/Reading-and-Writing/part-003.pdf,311
PSAT/NMSQT & PSAT 10,Reading and Writing,2cbb29d7,pdfs/PSAT-NMSQT-PSAT10/Reading-and-Writing/part-003.pdf,312
PSAT/NMSQT & PSAT 10,Reading and Writing,2c462848,pdfs/PSAT-NMSQT-PSAT10/Reading-and-Writing/part-003.pdf,313
PSAT/NMSQT & PSAT 10,Reading and Writing,1ebcd171,pdfs/PSAT-NMSQT-PSAT10/Reading-and-Writing/part-003.pdf,314
PSAT/NMSQT & PSAT 10,Reading and Writing,8fc52567,pdfs/PSAT-NMSQT-PSAT10/Reading-and-Writing/part-003.pdf,315
PSAT/NMSQT & PSAT 10,Reading and Writing,47611d6b,pdfs/PSAT-NMSQT-PSAT10/Reading-and-Writing/part-003.pdf,316
PSAT/NMSQT & PSAT 10,Reading and Writing,6184cf8a,pdfs/PSAT-NMSQT-PSAT10/Reading-and-Writing/part-003.pdf,317
PSAT/NMSQT & PSAT 10,Reading and Writing,88f71472,pdfs/PSAT-NMSQT-PSAT10/Reading-and-Writing/part-003.pdf,318
PSAT/NMSQT & PSAT 10,Reading and Writing,dd3529ed,pdfs/PSAT-NMSQT-PSAT10/Reading-and-Writing/part-003.pdf,319
PSAT/NMSQT & PSAT 10,Reading and Writing,7bd9dac2,pdfs/PSAT-NMSQT-PSAT10/Reading-and-Writing/part-003.pdf,320
PSAT/NMSQT & PSAT 10,Reading and Writing,b027ef28,pdfs/PSAT-NMSQT-PSAT10/Reading-and-Writing/part-003.pdf,321
PSAT/NMSQT & PSAT 10,Reading and Writing,9902d7bb,pdfs/PSAT-NMSQT-PSAT10/Reading-and-Writing/part-003.pdf,322
PSAT/NMSQT & PSAT 10,Reading and Writing,5f77884a,pdfs/PSAT-NMSQT-PSAT10/Reading-and-Writing/part-003.pdf,323
PSAT/NMSQT & PSAT 10,Reading and Writing,980b68dc,pdfs/PSAT-NMSQT-PSAT10/Reading-and-Writing/part-003.pdf,324
PSAT/NMSQT & PSAT 10,Reading and Writing,7f22f587,pdfs/PSAT-NMSQT-PSAT10/Reading-and-Writing/part-003.pdf,325
PSAT/NMSQT & PSAT 10,Reading and Writing,8ea7edb7,pdfs/PSAT-NMSQT-PSAT10/Reading-and-Writing/part-003.pdf,326
PSAT/NMSQT & PSAT 10,Reading and Writing,cc72486c,pdfs/PSAT-NMSQT-PSAT10/Reading-and-Writing/part-003.pdf,327
PSAT/NMSQT & PSAT 10,Reading and Writing,70e55846,pdfs/PSAT-NMSQT-PSAT10/Reading-and-Writing/part-003.pdf,328
PSAT/NMSQT & PSAT 10,Reading and Writing,e41da2b5,pdfs/PSAT-NMSQT-PSAT10/Reading-and-Writing/part-003.pdf,329
PSAT/NMSQT & PSAT 10,Reading and Writing,5cd4d352,pdfs/PSAT-NMSQT-PSAT10/Reading-and-Writing/part-003.pdf,330
PSAT/NMSQT & PSAT 10,Reading and Writing,ba655719,pdfs/PSAT-NMSQT-PSAT10/Reading-and-Writing/part-003.pdf,331
PSAT/NMSQT & PSAT 10,Reading and Writing,32840a4a,pdfs/PSAT-NMSQT-PSAT10/Reading-and-Writing/part-003.pdf,332
PSAT/NMSQT & PSAT 10,Reading and Writing,ae156074,pdfs/PSAT-NMSQT-PSAT10/Reading-and-Writing/part-003.pdf,333
PSAT/NMSQT & PSAT 10,Reading and Writing,0a6993c4,pdfs/PSAT-NMSQT-PSAT10/Reading-and-Writing/part-003.pdf,334
PSAT/NMSQT & PSAT 10,Reading and Writing,af0f3e94,pdfs/PSAT-NMSQT-PSAT10/Reading-and-Writing/part-003.pdf,335
PSAT/NMSQT & PSAT 10,Reading and Writing,01cb6d97,pdfs/PSAT-NMSQT-PSAT10/Reading-and-Writing/part-003.pdf,336
PSAT/NMSQT & PSAT 10,Reading and Writing,7fbe5f4e,pdfs/PSAT-NMSQT-PSAT10/Reading-and-Writing/part-003.pdf,337
PSAT/NMSQT & PSAT 10,Reading and Writing,792dd9d4,pdfs/PSAT-NMSQT-PSAT10/Reading-and-Writing/part-003.pdf,338
PSAT/NMSQT & PSAT 10,Reading and Writing,6023fb90,pdfs/PSAT-NMSQT-PSAT10/Reading-and-Writing/part-003.pdf,339
PSAT/NMSQT & PSAT 10,Reading and Writing,1e285dc5,pdfs/PSAT-NMSQT-PSAT10/Reading-and-Writing/part-003.pdf,340
PSAT/NMSQT & PSAT 10,Reading and Writing,9ad02234,pdfs/PSAT-NMSQT-PSAT10/Reading-and-Writing/part-003.pdf,341
PSAT/NMSQT & PSAT 10,Reading and Writing,092ec21e,pdfs/PSAT-NMSQT-PSAT10/Reading-and-Writing/part-003.pdf,342
PSAT/NMSQT & PSAT 10,Reading and Writing,38f10244,pdfs/PSAT-NMSQT-PSAT10/Reading-and-Writing/part-003.pdf,343
PSAT/NMSQT & PSAT 10,Reading and Writing,7c418417,pdfs/PSAT-NMSQT-PSAT10/Reading-and-Writing/part-003.pdf,344
PSAT/NMSQT & PSAT 10,Reading and Writing,610203ed,pdfs/PSAT-NMSQT-PSAT10/Reading-and-Writing/part-003.pdf,345
PSAT/NMSQT & PSAT 10,Reading and Writing,5b67f0a9,pdfs/PSAT-NMSQT-PSAT10/Reading-and-Writing/part-003.pdf,346
PSAT/NMSQT & PSAT 10,Reading and Writing,f85b11c3,pdfs/PSAT-NMSQT-PSAT10/Reading-and-Writing/part-003.pdf,347
PSAT/NMSQT & PSAT 10,Reading and Writing,a8cf0a1e,pdfs/PSAT-NMSQT-PSAT10/Reading-and-Writing/part-003.pdf,348
PSAT/NMSQT & PSAT 10,Reading and Writing,d56293ff,pdfs/PSAT-NMSQT-PSAT10/Reading-and-Writing/part-003.pdf,349
PSAT/NMSQT & PSAT 10,Reading and Writing,3d1961b6,pdfs/PSAT-NMSQT-PSAT10/Reading-and-Writing/part-003.pdf,350
PSAT/NMSQT & PSAT 10,Reading and Writing,dddcf229,pdfs/PSAT-NMSQT-PSAT10/Reading-and-Writing/part-003.pdf,351
PSAT/NMSQT & PSAT 10,Reading and Writing,6c04323f,pdfs/PSAT-NMSQT-PSAT10/Reading-and-Writing/part-003.pdf,352
PSAT/NMSQT & PSAT 10,Reading and Writing,c9f052f9,pdfs/PSAT-NMSQT-PSAT10/Reading-and-Writing/part-003.pdf,353
PSAT/NMSQT & PSAT 10,Reading and Writing,16bb3d13,pdfs/PSAT-NMSQT-PSAT10/Reading-and-Writing/part-003.pdf,354
PSAT/NMSQT & PSAT 10,Reading and Writing,ca84e200,pdfs/PSAT-NMSQT-PSAT10/Reading-and-Writing/part-003.pdf,355
PSAT/NMSQT & PSAT 10,Reading and Writing,81e65256,pdfs/PSAT-NMSQT-PSAT10/Reading-and-Writing/part-003.pdf,356
PSAT/NMSQT & PSAT 10,Reading and Writing,167f434c,pdfs/PSAT-NMSQT-PSAT10/Reading-and-Writing/part-003.pdf,357
PSAT/NMSQT & PSAT 10,Reading and Writing,3fa6b551,pdfs/PSAT-NMSQT-PSAT10/Reading-and-Writing/part-003.pdf,358
PSAT/NMSQT & PSAT 10,Reading and Writing,aa7ab068,pdfs/PSAT-NMSQT-PSAT10/Reading-and-Writing/part-003.pdf,359
PSAT/NMSQT & PSAT 10,Reading and Writing,0ee159f7,pdfs/PSAT-NMSQT-PSAT10/Reading-and-Writing/part-003.pdf,360
PSAT/NMSQT & PSAT 10,Reading and Writing,14fb30a8,pdfs/PSAT-NMSQT-PSAT10/Reading-and-Writing/part-003.pdf,361
PSAT/NMSQT & PSAT 10,Reading and Writing,08f22e79,pdfs/PSAT-NMSQT-PSAT10/Reading-and-Writing/part-003.pdf,362
PSAT/NMSQT & PSAT 10,Reading and Writing,996d9b34,pdfs/PSAT-NMSQT-PSAT10/Reading-and-Writing/part-003.pdf,363
PSAT/NMSQT & PSAT 10,Reading and Writing,16a5f892,pdfs/PSAT-NMSQT-PSAT10/Reading-and-Writing/part-003.pdf,364
PSAT/NMSQT & PSAT 10,Reading and Writing,c0d7d2ee,pdfs/PSAT-NMSQT-PSAT10/Reading-and-Writing/part-003.pdf,365
PSAT/NMSQT & PSAT 10,Reading and Writing,05ce9708,pdfs/PSAT-NMSQT-PSAT10/Reading-and-Writing/part-003.pdf,366
PSAT/NMSQT & PSAT 10,Reading and Writing,c55ce13d,pdfs/PSAT-NMSQT-PSAT10/Reading-and-Writing/part-003.pdf,367
PSAT/NMSQT & PSAT 10,Reading and Writing,17c17958,pdfs/PSAT-NMSQT-PSAT10/Reading-and-Writing/part-003.pdf,368
PSAT/NMSQT & PSAT 10,Reading and Writing,3dd6a2fb,pdfs/PSAT-NMSQT-PSAT10/Reading-and-Writing/part-003.pdf,369
PSAT/NMSQT & PSAT 10,Reading and Writing,986482b4,pdfs/PSAT-NMSQT-PSAT10/Reading-and-Writing/part-003.pdf,370
PSAT/NMSQT & PSAT 10,Reading and Writing,9d291eb2,pdfs/PSAT-NMSQT-PSAT10/Reading-and-Writing/part-003.pdf,371
PSAT/NMSQT & PSAT 10,Reading and Writing,0a800103,pdfs/PSAT-NMSQT-PSAT10/Reading-and-Writing/part-003.pdf,372
PSAT/NMSQT & PSAT 10,Reading and Writing,9db83957,pdfs/PSAT-NMSQT-PSAT10/Reading-and-Writing/part-003.pdf,373
PSAT/NMSQT & PSAT 10,Reading and Writing,23458aae,pdfs/PSAT-NMSQT-PSAT10/Reading-and-Writing/part-003.pdf,374
PSAT/NMSQT & PSAT 10,Reading and Writing,11ad648d,pdfs/PSAT-NMSQT-PSAT10/Reading-and-Writing/part-003.pdf,375
PSAT/NMSQT & PSAT 10,Reading and Writing,46ecbecc,pdfs/PSAT-NMSQT-PSAT10/Reading-and-Writing/part-003.pdf,376
PSAT/NMSQT & PSAT 10,Reading and Writing,da04e58d,pdfs/PSAT-NMSQT-PSAT10/Reading-and-Writing/part-003.pdf,377
PSAT/NMSQT & PSAT 10,Reading and Writing,6e1e29a4,pdfs/PSAT-NMSQT-PSAT10/Reading-and-Writing/part-003.pdf,378
PSAT/NMSQT & PSAT 10,Reading and Writing,7d4ce666,pdfs/PSAT-NMSQT-PSAT10/Reading-and-Writing/part-003.pdf,379
PSAT/NMSQT & PSAT 10,Reading and Writing,6a39727a,pdfs/PSAT-NMSQT-PSAT10/Reading-and-Writing/part-003.pdf,380
PSAT/NMSQT & PSAT 10,Reading and Writing,429503ce,pdfs/PSAT-NMSQT-PSAT10/Reading-and-Writing/part-003.pdf,381
PSAT/NMSQT & PSAT 10,Reading and Writing,90734dc6,pdfs/PSAT-NMSQT-PSAT10/Reading-and-Writing/part-003.pdf,382
PSAT/NMSQT & PSAT 10,Reading and Writing,03e37981,pdfs/PSAT-NMSQT-PSAT10/Reading-and-Writing/part-003.pdf,383
PSAT/NMSQT & PSAT 10,Reading and Writing,7e678fe2,pdfs/PSAT-NMSQT-PSAT10/Reading-and-Writing/part-003.pdf,384
PSAT/NMSQT & PSAT 10,Reading and Writing,576a5090,pdfs/PSAT-NMSQT-PSAT10/Reading-and-Writing/part-003.pdf,385
PSAT/NMSQT & PSAT 10,Reading and Writing,06d5940b,pdfs/PSAT-NMSQT-PSAT10/Reading-and-Writing/part-003.pdf,386
PSAT/NMSQT & PSAT 10,Reading and Writing,bd73fac0,pdfs/PSAT-NMSQT-PSAT10/Reading-and-Writing/part-003.pdf,387
PSAT/NMSQT & PSAT 10,Reading and Writing,5f8b428f,pdfs/PSAT-NMSQT-PSAT10/Reading-and-Writing/part-003.pdf,388
PSAT/NMSQT & PSAT 10,Reading and Writing,2b6c0da7,pdfs/PSAT-NMSQT-PSAT10/Reading-and-Writing/part-003.pdf,389
PSAT/NMSQT & PSAT 10,Reading and Writing,9c2e92c7,pdfs/PSAT-NMSQT-PSAT10/Reading-and-Writing/part-003.pdf,390
PSAT/NMSQT & PSAT 10,Reading and Writing,1706d6d8,pdfs/PSAT-NMSQT-PSAT10/Reading-and-Writing/part-003.pdf,391
PSAT/NMSQT & PSAT 10,Reading and Writing,ca17fcdb,pdfs/PSAT-NMSQT-PSAT10/Reading-and-Writing/part-003.pdf,392
PSAT/NMSQT & PSAT 10,Reading and Writing,93b6382a,pdfs/PSAT-NMSQT-PSAT10/Reading-and-Writing/part-003.pdf,393
PSAT/NMSQT & PSAT 10,Reading and Writing,44ef101b,pdfs/PSAT-NMSQT-PSAT10/Reading-and-Writing/part-003.pdf,394
PSAT/NMSQT & PSAT 10,Reading and Writing,6bd53807,pdfs/PSAT-NMSQT-PSAT10/Reading-and-Writing/part-003.pdf,395
PSAT/NMSQT & PSAT 10,Reading and Writing,b5360637,pdfs/PSAT-NMSQT-PSAT10/Reading-and-Writing/part-003.pdf,396
PSAT/NMSQT & PSAT 10,Reading and Writing,9fe1e856,pdfs/PSAT-NMSQT-PSAT10/Reading-and-Writing/part-003.pdf,397
PSAT/NMSQT & PSAT 10,Reading and Writing,77fd1071,pdfs/PSAT-NMSQT-PSAT10/Reading-and-Writing/part-003.pdf,398
PSAT/NMSQT & PSAT 10,Reading and Writing,fac65d01,pdfs/PSAT-NMSQT-PSAT10/Reading-and-Writing/part-003.pdf,399
PSAT/NMSQT & PSAT 10,Reading and Writing,d3913f88,pdfs/PSAT-NMSQT-PSAT10/Reading-and-Writing/part-003.pdf,400
PSAT/NMSQT & PSAT 10,Reading and Writing,82bb033b,pdfs/PSAT-NMSQT-PSAT10/Reading-and-Writing/part-003.pdf,401
PSAT/NMSQT & PSAT 10,Reading and Writing,8ded053a,pdfs/PSAT-NMSQT-PSAT10/Reading-and-Writing/part-003.pdf,402
PSAT/NMSQT & PSAT 10,Reading and Writing,ecb565f0,pdfs/PSAT-NMSQT-PSAT10/Reading-and-Writing/part-003.pdf,403
PSAT/NMSQT & PSAT 10,Reading and Writing,a5eae7ce,pdfs/PSAT-NMSQT-PSAT10/Reading-and-Writing/part-003.pdf,404
PSAT/NMSQT & PSAT 10,Reading and Writing,6bc34bbc,pdfs/PSAT-NMSQT-PSAT10/Reading-and-Writing/part-003.pdf,405
PSAT/NMSQT & PSAT 10,Reading and Writing,0d5e89a8,pdfs/PSAT-NMSQT-PSAT10/Reading-and-Writing/part-003.pdf,406
PSAT/NMSQT & PSAT 10,Reading and Writing,94e2935a,pdfs/PSAT-NMSQT-PSAT10/Reading-and-Writing/part-003.pdf,407
PSAT/NMSQT & PSAT 10,Reading and Writing,68c7aaf0,pdfs/PSAT-NMSQT-PSAT10/Reading-and-Writing/part-003.pdf,408
PSAT/NMSQT & PSAT 10,Reading and Writing,b8fb4e10,pdfs/PSAT-NMSQT-PSAT10/Reading-and-Writing/part-003.pdf,409
PSAT/NMSQT & PSAT 10,Reading and Writing,fd06c832,pdfs/PSAT-NMSQT-PSAT10/Reading-and-Writing/part-003.pdf,410
PSAT/NMSQT & PSAT 10,Reading and Writing,daf2cbbc,pdfs/PSAT-NMSQT-PSAT10/Reading-and-Writing/part-003.pdf,411
PSAT/NMSQT & PSAT 10,Reading and Writing,477fd84c,pdfs/PSAT-NMSQT-PSAT10/Reading-and-Writing/part-003.pdf,412
PSAT/NMSQT & PSAT 10,Reading and Writing,e547fef9,pdfs/PSAT-NMSQT-PSAT10/Reading-and-Writing/part-003.pdf,413
PSAT/NMSQT & PSAT 10,Reading and Writing,2ee74f45,pdfs/PSAT-NMSQT-PSAT10/Reading-and-Writing/part-003.pdf,414
PSAT/NMSQT & PSAT 10,Reading and Writing,618b8a22,pdfs/PSAT-NMSQT-PSAT10/Reading-and-Writing/part-004.pdf,1
PSAT/NMSQT & PSAT 10,Reading and Writing,702b4bd1,pdfs/PSAT-NMSQT-PSAT10/Reading-and-Writing/part-004.pdf,2
PSAT/NMSQT & PSAT 10,Reading and Writing,d05ec273,pdfs/PSAT-NMSQT-PSAT10/Reading-and-Writing/part-004.pdf,3
PSAT/NMSQT & PSAT 10,Reading and Writing,2bd231bf,pdfs/PSAT-NMSQT-PSAT10/Reading-and-Writing/part-004.pdf,4
PSAT/NMSQT & PSAT 10,Reading and Writing,7aabe450,pdfs/PSAT-NMSQT-PSAT10/Reading-and-Writing/part-004.pdf,5
PSAT/NMSQT & PSAT 10,Reading and Writing,16ce1d4f,pdfs/PSAT-NMSQT-PSAT10/Reading-and-Writing/part-004.pdf,6
PSAT/NMSQT & PSAT 10,Reading and Writing,30234c1d,pdfs/PSAT-NMSQT-PSAT10/Reading-and-Writing/part-004.pdf,7
PSAT/NMSQT & PSAT 10,Reading and Writing,298dbc0e,pdfs/PSAT-NMSQT-PSAT10/Reading-and-Writing/part-004.pdf,8
PSAT/NMSQT & PSAT 10,Reading and Writing,a06ee2ad,pdfs/PSAT-NMSQT-PSAT10/Reading-and-Writing/part-004.pdf,9
PSAT/NMSQT & PSAT 10,Reading and Writing,d767431d,pdfs/PSAT-NMSQT-PSAT10/Reading-and-Writing/part-004.pdf,10
PSAT/NMSQT & PSAT 10,Reading and Writing,bcc8a887,pdfs/PSAT-NMSQT-PSAT10/Reading-and-Writing/part-004.pdf,11
PSAT/NMSQT & PSAT 10,Reading and Writing,21b4528d,pdfs/PSAT-NMSQT-PSAT10/Reading-and-Writing/part-004.pdf,12
PSAT/NMSQT & PSAT 10,Reading and Writing,f5040fe0,pdfs/PSAT-NMSQT-PSAT10/Reading-and-Writing/part-004.pdf,13
PSAT/NMSQT & PSAT 10,Reading and Writing,9ea68dae,pdfs/PSAT-NMSQT-PSAT10/Reading-and-Writing/part-004.pdf,14
PSAT/NMSQT & PSAT 10,Reading and Writing,ed1f105b,pdfs/PSAT-NMSQT-PSAT10/Reading-and-Writing/part-004.pdf,15
PSAT/NMSQT & PSAT 10,Reading and Writing,cfb6b95f,pdfs/PSAT-NMSQT-PSAT10/Reading-and-Writing/part-004.pdf,16
PSAT/NMSQT & PSAT 10,Reading and Writing,c00c801b,pdfs/PSAT-NMSQT-PSAT10/Reading-and-Writing/part-004.pdf,17
PSAT/NMSQT & PSAT 10,Reading and Writing,b527bd18,pdfs/PSAT-NMSQT-PSAT10/Reading-and-Writing/part-004.pdf,18
PSAT/NMSQT & PSAT 10,Reading and Writing,760dc362,pdfs/PSAT-NMSQT-PSAT10/Reading-and-Writing/part-004.pdf,19
PSAT/NMSQT & PSAT 10,Reading and Writing,304c761c,pdfs/PSAT-NMSQT-PSAT10/Reading-and-Writing/part-004.pdf,20
PSAT/NMSQT & PSAT 10,Reading and Writing,1a5def2a,pdfs/PSAT-NMSQT-PSAT10/Reading-and-Writing/part-004.pdf,21
PSAT/NMSQT & PSAT 10,Reading and Writing,2d4d559a,pdfs/PSAT-NMSQT-PSAT10/Reading-and-Writing/part-004.pdf,22
PSAT/NMSQT & PSAT 10,Reading and Writing,e1608258,pdfs/PSAT-NMSQT-PSAT10/Reading-and-Writing/part-004.pdf,23
PSAT/NMSQT & PSAT 10,Reading and Writing,546a2fde,pdfs/PSAT-NMSQT-PSAT10/Reading-and-Writing/part-004.pdf,24
PSAT/NMSQT & PSAT 10,Reading and Writing,a7b8a5a5,pdfs/PSAT-NMSQT-PSAT10/Reading-and-Writing/part-004.pdf,25
PSAT/NMSQT & PSAT 10,Reading and Writing,9646ea35,pdfs/PSAT-NMSQT-PSAT10/Reading-and-Writing/part-004.pdf,26
PSAT/NMSQT & PSAT 10,Reading and Writing,439a1bb0,pdfs/PSAT-NMSQT-PSAT10/Reading-and-Writing/part-004.pdf,27
PSAT/NMSQT & PSAT 10,Reading and Writing,fbb1ff98,pdfs/PSAT-NMSQT-PSAT10/Reading-and-Writing/part-004.pdf,28
PSAT/NMSQT & PSAT 10,Reading and Writing,e800f278,pdfs/PSAT-NMSQT-PSAT10/Reading-and-Writing/part-004.pdf,29
PSAT/NMSQT & PSAT 10,Reading and Writing,498bdaad,pdfs/PSAT-NMSQT-PSAT10/Reading-and-Writing/part-004.pdf,30
PSAT/NMSQT & PSAT 10,Reading and Writing,5b02b189,pdfs/PSAT-NMSQT-PSAT10/Reading-and-Writing/part-004.pdf,31
PSAT/NMSQT & PSAT 10,Reading and Writing,2b00359b,pdfs/PSAT-NMSQT-PSAT10/Reading-and-Writing/part-004.pdf,32
PSAT/NMSQT & PSAT 10,Reading and Writing,210f56a5,pdfs/PSAT-NMSQT-PSAT10/Reading-and-Writing/part-004.pdf,33
PSAT/NMSQT & PSAT 10,Reading and Writing,d75bfe9a,pdfs/PSAT-NMSQT-PSAT10/Reading-and-Writing/part-004.pdf,34
PSAT/NMSQT & PSAT 10,Reading and Writing,4e460a89,pdfs/PSAT-NMSQT-PSAT10/Reading-and-Writing/part-004.pdf,35
PSAT/NMSQT & PSAT 10,Reading and Writing,2cb7b153,pdfs/PSAT-NMSQT-PSAT10/Reading-and-Writing/part-004.pdf,36
PSAT/NMSQT & PSAT 10,Reading and Writing,ba8c3dac,pdfs/PSAT-NMSQT-PSAT10/Reading-and-Writing/part-004.pdf,37
PSAT/NMSQT & PSAT 10,Reading and Writing,fb36a75d,pdfs/PSAT-NMSQT-PSAT10/Reading-and-Writing/part-004.pdf,38
PSAT/NMSQT & PSAT 10,Reading and Writing,d2348d77,pdfs/PSAT-NMSQT-PSAT10/Reading-and-Writing/part-004.pdf,39
PSAT/NMSQT & PSAT 10,Reading and Writing,437adf39,pdfs/PSAT-NMSQT-PSAT10/Reading-and-Writing/part-004.pdf,40
PSAT/NMSQT & PSAT 10,Reading and Writing,d7fb4b85,pdfs/PSAT-NMSQT-PSAT10/Reading-and-Writing/part-004.pdf,41
PSAT/NMSQT & PSAT 10,Reading and Writing,dfc56657,pdfs/PSAT-NMSQT-PSAT10/Reading-and-Writing/part-004.pdf,42
PSAT/NMSQT & PSAT 10,Reading and Writing,feea5cfc,pdfs/PSAT-NMSQT-PSAT10/Reading-and-Writing/part-004.pdf,43
PSAT/NMSQT & PSAT 10,Reading and Writing,23f3c444,pdfs/PSAT-NMSQT-PSAT10/Reading-and-Writing/part-004.pdf,44
PSAT/NMSQT & PSAT 10,Reading and Writing,cc460657,pdfs/PSAT-NMSQT-PSAT10/Reading-and-Writing/part-004.pdf,45
PSAT/NMSQT & PSAT 10,Reading and Writing,90c4f9b0,pdfs/PSAT-NMSQT-PSAT10/Reading-and-Writing/part-004.pdf,46
PSAT/NMSQT & PSAT 10,Reading and Writing,745ec68c,pdfs/PSAT-NMSQT-PSAT10/Reading-and-Writing/part-004.pdf,47
PSAT/NMSQT & PSAT 10,Reading and Writing,569fd428,pdfs/PSAT-NMSQT-PSAT10/Reading-and-Writing/part-004.pdf,48
PSAT/NMSQT & PSAT 10,Reading and Writing,77198f73,pdfs/PSAT-NMSQT-PSAT10/Reading-and-Writing/part-004.pdf,49
PSAT/NMSQT & PSAT 10,Reading and Writing,92414fcb,pdfs/PSAT-NMSQT-PSAT10/Reading-and-Writing/part-004.pdf,50
PSAT/NMSQT & PSAT 10,Reading and Writing,7b3f6908,pdfs/PSAT-NMSQT-PSAT10/Reading-and-Writing/part-004.pdf,51
PSAT/NMSQT & PSAT 10,Reading and Writing,2fb25df6,pdfs/PSAT-NMSQT-PSAT10/Reading-and-Writing/part-004.pdf,52
PSAT/NMSQT & PSAT 10,Reading and Writing,a5bde66f,pdfs/PSAT-NMSQT-PSAT10/Reading-and-Writing/part-004.pdf,53
PSAT/NMSQT & PSAT 10,Reading and Writing,ed2bb906,pdfs/PSAT-NMSQT-PSAT10/Reading-and-Writing/part-004.pdf,54
PSAT/NMSQT & PSAT 10,Reading and Writing,10a792a8,pdfs/PSAT-NMSQT-PSAT10/Reading-and-Writing/part-004.pdf,55
PSAT/NMSQT & PSAT 10,Reading and Writing,12d6c152,pdfs/PSAT-NMSQT-PSAT10/Reading-and-Writing/part-004.pdf,56
PSAT/NMSQT & PSAT 10,Reading and Writing,c0163e46,pdfs/PSAT-NMSQT-PSAT10/Reading-and-Writing/part-004.pdf,57
PSAT/NMSQT & PSAT 10,Reading and Writing,ab36f841,pdfs/PSAT-NMSQT-PSAT10/Reading-and-Writing/part-004.pdf,58
PSAT/NMSQT & PSAT 10,Reading and Writing,e4ed7ea1,pdfs/PSAT-NMSQT-PSAT10/Reading-and-Writing/part-004.pdf,59
PSAT/NMSQT & PSAT 10,Reading and Writing,5df765c7,pdfs/PSAT-NMSQT-PSAT10/Reading-and-Writing/part-004.pdf,60
PSAT/NMSQT & PSAT 10,Reading and Writing,c08d212e,pdfs/PSAT-NMSQT-PSAT10/Reading-and-Writing/part-004.pdf,61
PSAT/NMSQT & PSAT 10,Reading and Writing,91805742,pdfs/PSAT-NMSQT-PSAT10/Reading-and-Writing/part-004.pdf,62
PSAT/NMSQT & PSAT 10,Reading and Writing,6e8441b6,pdfs/PSAT-NMSQT-PSAT10/Reading-and-Writing/part-004.pdf,63
PSAT/NMSQT & PSAT 10,Reading and Writing,83bfaef4,pdfs/PSAT-NMSQT-PSAT10/Reading-and-Writing/part-004.pdf,64
PSAT/NMSQT & PSAT 10,Reading and Writing,5163f913,pdfs/PSAT-NMSQT-PSAT10/Reading-and-Writing/part-004.pdf,65
PSAT/NMSQT & PSAT 10,Reading and Writing,0e623d8a,pdfs/PSAT-NMSQT-PSAT10/Reading-and-Writing/part-004.pdf,66
PSAT/NMSQT & PSAT 10,Reading and Writing,4edcc530,pdfs/PSAT-NMSQT-PSAT10/Reading-and-Writing/part-004.pdf,67
PSAT/NMSQT & PSAT 10,Reading and Writing,ba9f11b2,pdfs/PSAT-NMSQT-PSAT10/Reading-and-Writing/part-004.pdf,68
PSAT/NMSQT & PSAT 10,Reading and Writing,1a0dab1a,pdfs/PSAT-NMSQT-PSAT10/Reading-and-Writing/part-004.pdf,69
PSAT/NMSQT & PSAT 10,Reading and Writing,94a86143,pdfs/PSAT-NMSQT-PSAT10/Reading-and-Writing/part-004.pdf,70
PSAT/NMSQT & PSAT 10,Reading and Writing,9e4ea16e,pdfs/PSAT-NMSQT-PSAT10/Reading-and-Writing/part-004.pdf,71
PSAT/NMSQT & PSAT 10,Reading and Writing,7fab86ca,pdfs/PSAT-NMSQT-PSAT10/Reading-and-Writing/part-004.pdf,72
PSAT/NMSQT & PSAT 10,Reading and Writing,79d30494,pdfs/PSAT-NMSQT-PSAT10/Reading-and-Writing/part-004.pdf,73
PSAT/NMSQT & PSAT 10,Reading and Writing,f7d2e00e,pdfs/PSAT-NMSQT-PSAT10/Reading-and-Writing/part-004.pdf,74
PSAT/NMSQT & PSAT 10,Reading and Writing,beb56280,pdfs/PSAT-NMSQT-PSAT10/Reading-and-Writing/part-004.pdf,75
PSAT/NMSQT & PSAT 10,Reading and Writing,3aa6855b,pdfs/PSAT-NMSQT-PSAT10/Reading-and-Writing/part-004.pdf,76
PSAT/NMSQT & PSAT 10,Reading and Writing,41746361,pdfs/PSAT-NMSQT-PSAT10/Reading-and-Writing/part-004.pdf,77
PSAT/NMSQT & PSAT 10,Reading and Writing,d7d31598,pdfs/PSAT-NMSQT-PSAT10/Reading-and-Writing/part-004.pdf,78
PSAT/NMSQT & PSAT 10,Reading and Writing,683807b7,pdfs/PSAT-NMSQT-PSAT10/Reading-and-Writing/part-004.pdf,79
PSAT/NMSQT & PSAT 10,Reading and Writing,bf4e3b68,pdfs/PSAT-NMSQT-PSAT10/Reading-and-Writing/part-004.pdf,80
PSAT/NMSQT & PSAT 10,Reading and Writing,e3731a6e,pdfs/PSAT-NMSQT-PSAT10/Reading-and-Writing/part-004.pdf,81
PSAT/NMSQT & PSAT 10,Reading and Writing,ca5c207f,pdfs/PSAT-NMSQT-PSAT10/Reading-and-Writing/part-004.pdf,82
PSAT/NMSQT & PSAT 10,Reading and Writing,389a3d71,pdfs/PSAT-NMSQT-PSAT10/Reading-and-Writing/part-004.pdf,83
PSAT/NMSQT & PSAT 10,Reading and Writing,5b78b12a,pdfs/PSAT-NMSQT-PSAT10/Reading-and-Writing/part-004.pdf,84
PSAT/NMSQT & PSAT 10,Reading and Writing,237e91bd,pdfs/PSAT-NMSQT-PSAT10/Reading-and-Writing/part-004.pdf,85
PSAT/NMSQT & PSAT 10,Reading and Writing,c992f5b2,pdfs/PSAT-NMSQT-PSAT10/Reading-and-Writing/part-004.pdf,86
PSAT/NMSQT & PSAT 10,Reading and Writing,57bbeaf1,pdfs/PSAT-NMSQT-PSAT10/Reading-and-Writing/part-004.pdf,87
PSAT/NMSQT & PSAT 10,Reading and Writing,f3856f98,pdfs/PSAT-NMSQT-PSAT10/Reading-and-Writing/part-004.pdf,88
PSAT/NMSQT & PSAT 10,Reading and Writing,864f29a0,pdfs/PSAT-NMSQT-PSAT10/Reading-and-Writing/part-004.pdf,89
PSAT/NMSQT & PSAT 10,Reading and Writing,aca3f9ac,pdfs/PSAT-NMSQT-PSAT10/Reading-and-Writing/part-004.pdf,90
PSAT/NMSQT & PSAT 10,Reading and Writing,8565927d,pdfs/PSAT-NMSQT-PSAT10/Reading-and-Writing/part-004.pdf,91
PSAT/NMSQT & PSAT 10,Reading and Writing,96e20898,pdfs/PSAT-NMSQT-PSAT10/Reading-and-Writing/part-004.pdf,92
PSAT/NMSQT & PSAT 10,Reading and Writing,7be246a9,pdfs/PSAT-NMSQT-PSAT10/Reading-and-Writing/part-004.pdf,93
PSAT/NMSQT & PSAT 10,Reading and Writing,2ced5a8c,pdfs/PSAT-NMSQT-PSAT10/Reading-and-Writing/part-004.pdf,94
PSAT/NMSQT & PSAT 10,Reading and Writing,7809e7d1,pdfs/PSAT-NMSQT-PSAT10/Reading-and-Writing/part-004.pdf,95
PSAT/NMSQT & PSAT 10,Reading and Writing,7b88b98f,pdfs/PSAT-NMSQT-PSAT10/Reading-and-Writing/part-004.pdf,96
PSAT/NMSQT & PSAT 10,Reading and Writing,d952c078,pdfs/PSAT-NMSQT-PSAT10/Reading-and-Writing/part-004.pdf,97
PSAT/NMSQT & PSAT 10,Reading and Writing,8e36cbf3,pdfs/PSAT-NMSQT-PSAT10/Reading-and-Writing/part-004.pdf,98
PSAT/NMSQT & PSAT 10,Reading and Writing,af3e0b4a,pdfs/PSAT-NMSQT-PSAT10/Reading-and-Writing/part-004.pdf,99
PSAT/NMSQT & PSAT 10,Reading and Writing,4aa42f9a,pdfs/PSAT-NMSQT-PSAT10/Reading-and-Writing/part-004.pdf,100
PSAT/NMSQT & PSAT 10,Reading and Writing,b69aa8c9,pdfs/PSAT-NMSQT-PSAT10/Reading-and-Writing/part-004.pdf,101
PSAT/NMSQT & PSAT 10,Reading and Writing,be0d5c70,pdfs/PSAT-NMSQT-PSAT10/Reading-and-Writing/part-004.pdf,102
PSAT/NMSQT & PSAT 10,Reading and Writing,edb1921a,pdfs/PSAT-NMSQT-PSAT10/Reading-and-Writing/part-004.pdf,103
PSAT/NMSQT & PSAT 10,Reading and Writing,6975ade3,pdfs/PSAT-NMSQT-PSAT10/Reading-and-Writing/part-004.pdf,104
PSAT/NMSQT & PSAT 10,Reading and Writing,6b060a68,pdfs/PSAT-NMSQT-PSAT10/Reading-and-Writing/part-004.pdf,105
PSAT/NMSQT & PSAT 10,Reading and Writing,084d8197,pdfs/PSAT-NMSQT-PSAT10/Reading-and-Writing/part-004.pdf,106
PSAT/NMSQT & PSAT 10,Reading and Writing,bfc5170b,pdfs/PSAT-NMSQT-PSAT10/Reading-and-Writing/part-004.pdf,107
PSAT/NMSQT & PSAT 10,Reading and Writing,a61a74e7,pdfs/PSAT-NMSQT-PSAT10/Reading-and-Writing/part-004.pdf,108
PSAT/NMSQT & PSAT 10,Reading and Writing,d6e449a4,pdfs/PSAT-NMSQT-PSAT10/Reading-and-Writing/part-004.pdf,109
PSAT/NMSQT & PSAT 10,Reading and Writing,32e50729,pdfs/PSAT-NMSQT-PSAT10/Reading-and-Writing/part-004.pdf,110
PSAT/NMSQT & PSAT 10,Reading and Writing,bee32551,pdfs/PSAT-NMSQT-PSAT10/Reading-and-Writing/part-004.pdf,111
PSAT/NMSQT & PSAT 10,Reading and Writing,2eb6b06e,pdfs/PSAT-NMSQT-PSAT10/Reading-and-Writing/part-004.pdf,112
PSAT/NMSQT & PSAT 10,Reading and Writing,3a0edeef,pdfs/PSAT-NMSQT-PSAT10/Reading-and-Writing/part-004.pdf,113
PSAT/NMSQT & PSAT 10,Reading and Writing,b1fa067a,pdfs/PSAT-NMSQT-PSAT10/Reading-and-Writing/part-004.pdf,114
PSAT/NMSQT & PSAT 10,Reading and Writing,53739046,pdfs/PSAT-NMSQT-PSAT10/Reading-and-Writing/part-004.pdf,115
PSAT/NMSQT & PSAT 10,Reading and Writing,d1f220b8,pdfs/PSAT-NMSQT-PSAT10/Reading-and-Writing/part-004.pdf,116
PSAT/NMSQT & PSAT 10,Reading and Writing,f7da6146,pdfs/PSAT-NMSQT-PSAT10/Reading-and-Writing/part-004.pdf,117
PSAT/NMSQT & PSAT 10,Reading and Writing,3a5a6366,pdfs/PSAT-NMSQT-PSAT10/Reading-and-Writing/part-004.pdf,118
PSAT/NMSQT & PSAT 10,Reading and Writing,c407d590,pdfs/PSAT-NMSQT-PSAT10/Reading-and-Writing/part-004.pdf,119
PSAT/NMSQT & PSAT 10,Reading and Writing,a9b96237,pdfs/PSAT-NMSQT-PSAT10/Reading-and-Writing/part-004.pdf,120
PSAT/NMSQT & PSAT 10,Reading and Writing,c2b23cf6,pdfs/PSAT-NMSQT-PSAT10/Reading-and-Writing/part-004.pdf,121
PSAT/NMSQT & PSAT 10,Reading and Writing,01fc8707,pdfs/PSAT-NMSQT-PSAT10/Reading-and-Writing/part-004.pdf,122
PSAT/NMSQT & PSAT 10,Reading and Writing,0d664aa4,pdfs/PSAT-NMSQT-PSAT10/Reading-and-Writing/part-004.pdf,123
PSAT/NMSQT & PSAT 10,Reading and Writing,85e1bda7,pdfs/PSAT-NMSQT-PSAT10/Reading-and-Writing/part-004.pdf,124
PSAT/NMSQT & PSAT 10,Reading and Writing,984b9ccf,pdfs/PSAT-NMSQT-PSAT10/Reading-and-Writing/part-004.pdf,125
PSAT/NMSQT & PSAT 10,Reading and Writing,30b5b4b5,pdfs/PSAT-NMSQT-PSAT10/Reading-and-Writing/part-004.pdf,126
PSAT/NMSQT & PSAT 10,Reading and Writing,8f3ba4c9,pdfs/PSAT-NMSQT-PSAT10/Reading-and-Writing/part-004.pdf,127
PSAT/NMSQT & PSAT 10,Reading and Writing,633b188f,pdfs/PSAT-NMSQT-PSAT10/Reading-and-Writing/part-004.pdf,128
PSAT/NMSQT & PSAT 10,Reading and Writing,fa7dcbe2,pdfs/PSAT-NMSQT-PSAT10/Reading-and-Writing/part-004.pdf,129
PSAT/NMSQT & PSAT 10,Reading and Writing,f836bb7d,pdfs/PSAT-NMSQT-PSAT10/Reading-and-Writing/part-004.pdf,130
PSAT/NMSQT & PSAT 10,Reading and Writing,dbee4f2d,pdfs/PSAT-NMSQT-PSAT10/Reading-and-Writing/part-004.pdf,131
PSAT/NMSQT & PSAT 10,Reading and Writing,212bd465,pdfs/PSAT-NMSQT-PSAT10/Reading-and-Writing/part-004.pdf,132
PSAT/NMSQT & PSAT 10,Reading and Writing,70b11625,pdfs/PSAT-NMSQT-PSAT10/Reading-and-Writing/part-004.pdf,133
PSAT/NMSQT & PSAT 10,Reading and Writing,ddae3823,pdfs/PSAT-NMSQT-PSAT10/Reading-and-Writing/part-004.pdf,134
PSAT/NMSQT & PSAT 10,Reading and Writing,8d3f0783,pdfs/PSAT-NMSQT-PSAT10/Reading-and-Writing/part-004.pdf,135
PSAT/NMSQT & PSAT 10,Reading and Writing,d266eefd,pdfs/PSAT-NMSQT-PSAT10/Reading-and-Writing/part-004.pdf,136
PSAT/NMSQT & PSAT 10,Reading and Writing,4fb297cd,pdfs/PSAT-NMSQT-PSAT10/Reading-and-Writing/part-004.pdf,137
PSAT/NMSQT & PSAT 10,Reading and Writing,063080b0,pdfs/PSAT-NMSQT-PSAT10/Reading-and-Writing/part-004.pdf,138
PSAT/NMSQT & PSAT 10,Reading and Writing,89a833b4,pdfs/PSAT-NMSQT-PSAT10/Reading-and-Writing/part-004.pdf,139
PSAT/NMSQT & PSAT 10,Reading and Writing,3cafa94e,pdfs/PSAT-NMSQT-PSAT10/Reading-and-Writing/part-004.pdf,140
PSAT/NMSQT & PSAT 10,Reading and Writing,27c6a6d6,pdfs/PSAT-NMSQT-PSAT10/Reading-and-Writing/part-004.pdf,141
PSAT/NMSQT & PSAT 10,Reading and Writing,55161f96,pdfs/PSAT-NMSQT-PSAT10/Reading-and-Writing/part-004.pdf,142
PSAT/NMSQT & PSAT 10,Reading and Writing,e344923e,pdfs/PSAT-NMSQT-PSAT10/Reading-and-Writing/part-004.pdf,143
PSAT/NMSQT & PSAT 10,Reading and Writing,9d19b328,pdfs/PSAT-NMSQT-PSAT10/Reading-and-Writing/part-004.pdf,144
PSAT/NMSQT & PSAT 10,Reading and Writing,16adb6c7,pdfs/PSAT-NMSQT-PSAT10/Reading-and-Writing/part-004.pdf,145
PSAT/NMSQT & PSAT 10,Reading and Writing,dafcbfa1,pdfs/PSAT-NMSQT-PSAT10/Reading-and-Writing/part-004.pdf,146
PSAT/NMSQT & PSAT 10,Reading and Writing,afc72436,pdfs/PSAT-NMSQT-PSAT10/Reading-and-Writing/part-004.pdf,147
PSAT/NMSQT & PSAT 10,Reading and Writing,58f7c9ba,pdfs/PSAT-NMSQT-PSAT10/Reading-and-Writing/part-004.pdf,148
PSAT/NMSQT & PSAT 10,Reading and Writing,0ddab77a,pdfs/PSAT-NMSQT-PSAT10/Reading-and-Writing/part-004.pdf,149
PSAT/NMSQT & PSAT 10,Reading and Writing,65ae2584,pdfs/PSAT-NMSQT-PSAT10/Reading-and-Writing/part-004.pdf,150
PSAT/NMSQT & PSAT 10,Reading and Writing,5a538a86,pdfs/PSAT-NMSQT-PSAT10/Reading-and-Writing/part-004.pdf,151
PSAT/NMSQT & PSAT 10,Reading and Writing,3dff6887,pdfs/PSAT-NMSQT-PSAT10/Reading-and-Writing/part-004.pdf,152
PSAT/NMSQT & PSAT 10,Reading and Writing,7232675f,pdfs/PSAT-NMSQT-PSAT10/Reading-and-Writing/part-004.pdf,153
PSAT/NMSQT & PSAT 10,Reading and Writing,10d657ce,pdfs/PSAT-NMSQT-PSAT10/Reading-and-Writing/part-004.pdf,154
PSAT/NMSQT & PSAT 10,Reading and Writing,f3a8abf6,pdfs/PSAT-NMSQT-PSAT10/Reading-and-Writing/part-004.pdf,155
PSAT/NMSQT & PSAT 10,Reading and Writing,b413e452,pdfs/PSAT-NMSQT-PSAT10/Reading-and-Writing/part-004.pdf,156
PSAT/NMSQT & PSAT 10,Reading and Writing,706d436f,pdfs/PSAT-NMSQT-PSAT10/Reading-and-Writing/part-004.pdf,157
PSAT/NMSQT & PSAT 10,Reading and Writing,04986d29,pdfs/PSAT-NMSQT-PSAT10/Reading-and-Writing/part-004.pdf,158
PSAT/NMSQT & PSAT 10,Reading and Writing,df063c5a,pdfs/PSAT-NMSQT-PSAT10/Reading-and-Writing/part-004.pdf,159
PSAT/NMSQT & PSAT 10,Reading and Writing,ecf4d0b1,pdfs/PSAT-NMSQT-PSAT10/Reading-and-Writing/part-004.pdf,160
PSAT/NMSQT & PSAT 10,Reading and Writing,ab7bf717,pdfs/PSAT-NMSQT-PSAT10/Reading-and-Writing/part-004.pdf,161
PSAT/NMSQT & PSAT 10,Reading and Writing,312309a4,pdfs/PSAT-NMSQT-PSAT10/Reading-and-Writing/part-004.pdf,162
PSAT/NMSQT & PSAT 10,Reading and Writing,80376fa1,pdfs/PSAT-NMSQT-PSAT10/Reading-and-Writing/part-004.pdf,163
PSAT/NMSQT & PSAT 10,Reading and Writing,b392b396,pdfs/PSAT-NMSQT-PSAT10/Reading-and-Writing/part-004.pdf,164
PSAT/NMSQT & PSAT 10,Reading and Writing,f55c6cca,pdfs/PSAT-NMSQT-PSAT10/Reading-and-Writing/part-004.pdf,165
PSAT/NMSQT & PSAT 10,Reading and Writing,4aa75a2d,pdfs/PSAT-NMSQT-PSAT10/Reading-and-Writing/part-004.pdf,166
PSAT/NMSQT & PSAT 10,Reading and Writing,29d9285d,pdfs/PSAT-NMSQT-PSAT10/Reading-and-Writing/part-004.pdf,167
PSAT/NMSQT & PSAT 10,Reading and Writing,2a0a5e76,pdfs/PSAT-NMSQT-PSAT10/Reading-and-Writing/part-004.pdf,168
PSAT/NMSQT & PSAT 10,Reading and Writing,2a59770d,pdfs/PSAT-NMSQT-PSAT10/Reading-and-Writing/part-004.pdf,169
PSAT/NMSQT & PSAT 10,Reading and Writing,6ce4cbd1,pdfs/PSAT-NMSQT-PSAT10/Reading-and-Writing/part-004.pdf,170
PSAT/NMSQT & PSAT 10,Reading and Writing,1a97fb49,pdfs/PSAT-NMSQT-PSAT10/Reading-and-Writing/part-004.pdf,171
PSAT/NMSQT & PSAT 10,Reading and Writing,d1a57a7c,pdfs/PSAT-NMSQT-PSAT10/Reading-and-Writing/part-004.pdf,172
PSAT/NMSQT & PSAT 10,Reading and Writing,9a8f13ab,pdfs/PSAT-NMSQT-PSAT10/Reading-and-Writing/part-004.pdf,173
PSAT/NMSQT & PSAT 10,Reading and Writing,56838a32,pdfs/PSAT-NMSQT-PSAT10/Reading-and-Writing/part-004.pdf,174
PSAT/NMSQT & PSAT 10,Reading and Writing,afc20beb,pdfs/PSAT-NMSQT-PSAT10/Reading-and-Writing/part-004.pdf,175
PSAT/NMSQT & PSAT 10,Reading and Writing,9a3a0a5a,pdfs/PSAT-NMSQT-PSAT10/Reading-and-Writing/part-004.pdf,176
PSAT/NMSQT & PSAT 10,Reading and Writing,30587184,pdfs/PSAT-NMSQT-PSAT10/Reading-and-Writing/part-004.pdf,177
PSAT/NMSQT & PSAT 10,Reading and Writing,7479e6a7,pdfs/PSAT-NMSQT-PSAT10/Reading-and-Writing/part-004.pdf,178
PSAT/NMSQT & PSAT 10,Reading and Writing,9020f14a,pdfs/PSAT-NMSQT-PSAT10/Reading-and-Writing/part-004.pdf,179
PSAT/NMSQT & PSAT 10,Reading and Writing,de426db4,pdfs/PSAT-NMSQT-PSAT10/Reading-and-Writing/part-004.pdf,180
PSAT/NMSQT & PSAT 10,Reading and Writing,8bb0b9c0,pdfs/PSAT-NMSQT-PSAT10/Reading-and-Writing/part-004.pdf,181
PSAT/NMSQT & PSAT 10,Reading and Writing,ed558755,pdfs/PSAT-NMSQT-PSAT10/Reading-and-Writing/part-004.pdf,182
PSAT/NMSQT & PSAT 10,Reading and Writing,fe659575,pdfs/PSAT-NMSQT-PSAT10/Reading-and-Writing/part-004.pdf,183
PSAT/NMSQT & PSAT 10,Reading and Writing,238d9e22,pdfs/PSAT-NMSQT-PSAT10/Reading-and-Writing/part-004.pdf,184
PSAT/NMSQT & PSAT 10,Reading and Writing,96629b55,pdfs/PSAT-NMSQT-PSAT10/Reading-and-Writing/part-004.pdf,185
PSAT/NMSQT & PSAT 10,Reading and Writing,c79c9b3f,pdfs/PSAT-NMSQT-PSAT10/Reading-and-Writing/part-004.pdf,186
PSAT/NMSQT & PSAT 10,Reading and Writing,2a25aca6,pdfs/PSAT-NMSQT-PSAT10/Reading-and-Writing/part-004.pdf,187
PSAT/NMSQT & PSAT 10,Reading and Writing,ded44da4,pdfs/PSAT-NMSQT-PSAT10/Reading-and-Writing/part-004.pdf,188
PSAT/NMSQT & PSAT 10,Reading and Writing,cde02553,pdfs/PSAT-NMSQT-PSAT10/Reading-and-Writing/part-004.pdf,189
PSAT/NMSQT & PSAT 10,Reading and Writing,1c974918,pdfs/PSAT-NMSQT-PSAT10/Reading-and-Writing/part-004.pdf,190
PSAT/NMSQT & PSAT 10,Reading and Writing,845c2fb5,pdfs/PSAT-NMSQT-PSAT10/Reading-and-Writing/part-004.pdf,191
PSAT/NMSQT & PSAT 10,Reading and Writing,5398eda3,pdfs/PSAT-NMSQT-PSAT10/Reading-and-Writing/part-004.pdf,192
PSAT/NMSQT & PSAT 10,Reading and Writing,b993ca17,pdfs/PSAT-NMSQT-PSAT10/Reading-and-Writing/part-004.pdf,193
PSAT/NMSQT & PSAT 10,Reading and Writing,6b4b27c9,pdfs/PSAT-NMSQT-PSAT10/Reading-and-Writing/part-004.pdf,194
PSAT/NMSQT & PSAT 10,Reading and Writing,07924f9d,pdfs/PSAT-NMSQT-PSAT10/Reading-and-Writing/part-004.pdf,195
PSAT/NMSQT & PSAT 10,Reading and Writing,5f014ac7,pdfs/PSAT-NMSQT-PSAT10/Reading-and-Writing/part-004.pdf,196
PSAT/NMSQT & PSAT 10,Reading and Writing,fd529cdd,pdfs/PSAT-NMSQT-PSAT10/Reading-and-Writing/part-004.pdf,197
PSAT/NMSQT & PSAT 10,Reading and Writing,56f624aa,pdfs/PSAT-NMSQT-PSAT10/Reading-and-Writing/part-004.pdf,198
PSAT/NMSQT & PSAT 10,Reading and Writing,927ef643,pdfs/PSAT-NMSQT-PSAT10/Reading-and-Writing/part-004.pdf,199
PSAT/NMSQT & PSAT 10,Reading and Writing,f7269749,pdfs/PSAT-NMSQT-PSAT10/Reading-and-Writing/part-004.pdf,200
PSAT/NMSQT & PSAT 10,Reading and Writing,df17be25,pdfs/PSAT-NMSQT-PSAT10/Reading-and-Writing/part-004.pdf,201
PSAT/NMSQT & PSAT 10,Reading and Writing,50c0c8e9,pdfs/PSAT-NMSQT-PSAT10/Reading-and-Writing/part-004.pdf,202
PSAT/NMSQT & PSAT 10,Reading and Writing,b06c300b,pdfs/PSAT-NMSQT-PSAT10/Reading-and-Writing/part-004.pdf,203
PSAT/NMSQT & PSAT 10,Reading and Writing,3ae23c44,pdfs/PSAT-NMSQT-PSAT10/Reading-and-Writing/part-004.pdf,204
PSAT/NMSQT & PSAT 10,Reading and Writing,7d21a298,pdfs/PSAT-NMSQT-PSAT10/Reading-and-Writing/part-004.pdf,205
PSAT/NMSQT & PSAT 10,Reading and Writing,b607d468,pdfs/PSAT-NMSQT-PSAT10/Reading-and-Writing/part-004.pdf,206
PSAT/NMSQT & PSAT 10,Reading and Writing,8d9bd804,pdfs/PSAT-NMSQT-PSAT10/Reading-and-Writing/part-004.pdf,207
PSAT/NMSQT & PSAT 10,Reading and Writing,13cc117a,pdfs/PSAT-NMSQT-PSAT10/Reading-and-Writing/part-004.pdf,208
PSAT/NMSQT & PSAT 10,Reading and Writing,a239544d,pdfs/PSAT-NMSQT-PSAT10/Reading-and-Writing/part-004.pdf,209
PSAT/NMSQT & PSAT 10,Reading and Writing,02f07c2e,pdfs/PSAT-NMSQT-PSAT10/Reading-and-Writing/part-004.pdf,210
PSAT/NMSQT & PSAT 10,Reading and Writing,75b7bd00,pdfs/PSAT-NMSQT-PSAT10/Reading-and-Writing/part-004.pdf,211
PSAT/NMSQT & PSAT 10,Reading and Writing,427a3088,pdfs/PSAT-NMSQT-PSAT10/Reading-and-Writing/part-004.pdf,212
PSAT/NMSQT & PSAT 10,Reading and Writing,0508b34f,pdfs/PSAT-NMSQT-PSAT10/Reading-and-Writing/part-004.pdf,213
PSAT/NMSQT & PSAT 10,Reading and Writing,8fc89c23,pdfs/PSAT-NMSQT-PSAT10/Reading-and-Writing/part-004.pdf,214
PSAT/NMSQT & PSAT 10,Reading and Writing,8cb7a445,pdfs/PSAT-NMSQT-PSAT10/Reading-and-Writing/part-004.pdf,215
PSAT/NMSQT & PSAT 10,Reading and Writing,9b94ab48,pdfs/PSAT-NMSQT-PSAT10/Reading-and-Writing/part-004.pdf,216
PSAT/NMSQT & PSAT 10,Reading and Writing,14ca1dbc,pdfs/PSAT-NMSQT-PSAT10/Reading-and-Writing/part-004.pdf,217
PSAT/NMSQT & PSAT 10,Reading and Writing,9d613f63,pdfs/PSAT-NMSQT-PSAT10/Reading-and-Writing/part-004.pdf,218
PSAT/NMSQT & PSAT 10,Reading and Writing,770533e2,pdfs/PSAT-NMSQT-PSAT10/Reading-and-Writing/part-004.pdf,219
PSAT/NMSQT & PSAT 10,Reading and Writing,bdd46bbb,pdfs/PSAT-NMSQT-PSAT10/Reading-and-Writing/part-004.pdf,220
PSAT/NMSQT & PSAT 10,Reading and Writing,73ba2f70,pdfs/PSAT-NMSQT-PSAT10/Reading-and-Writing/part-004.pdf,221
PSAT/NMSQT & PSAT 10,Reading and Writing,22bace58,pdfs/PSAT-NMSQT-PSAT10/Reading-and-Writing/part-004.pdf,222
PSAT/NMSQT & PSAT 10,Reading and Writing,23c9108a,pdfs/PSAT-NMSQT-PSAT10/Reading-and-Writing/part-004.pdf,223
PSAT/NMSQT & PSAT 10,Reading and Writing,13ec59eb,pdfs/PSAT-NMSQT-PSAT10/Reading-and-Writing/part-004.pdf,224
PSAT/NMSQT & PSAT 10,Reading and Writing,4db3a148,pdfs/PSAT-NMSQT-PSAT10/Reading-and-Writing/part-004.pdf,225
PSAT/NMSQT & PSAT 10,Reading and Writing,59b92ac2,pdfs/PSAT-NMSQT-PSAT10/Reading-and-Writing/part-004.pdf,226
PSAT/NMSQT & PSAT 10,Reading and Writing,c226133d,pdfs/PSAT-NMSQT-PSAT10/Reading-and-Writing/part-004.pdf,227
PSAT/NMSQT & PSAT 10,Reading and Writing,65f0dfa2,pdfs/PSAT-NMSQT-PSAT10/Reading-and-Writing/part-004.pdf,228
PSAT/NMSQT & PSAT 10,Reading and Writing,96e158de,pdfs/PSAT-NMSQT-PSAT10/Reading-and-Writing/part-004.pdf,229
PSAT/NMSQT & PSAT 10,Reading and Writing,d19020f2,pdfs/PSAT-NMSQT-PSAT10/Reading-and-Writing/part-004.pdf,230
PSAT/NMSQT & PSAT 10,Reading and Writing,cae368a0,pdfs/PSAT-NMSQT-PSAT10/Reading-and-Writing/part-004.pdf,231
PSAT/NMSQT & PSAT 10,Reading and Writing,9686152b,pdfs/PSAT-NMSQT-PSAT10/Reading-and-Writing/part-004.pdf,232
PSAT/NMSQT & PSAT 10,Reading and Writing,9bb47a46,pdfs/PSAT-NMSQT-PSAT10/Reading-and-Writing/part-004.pdf,233
PSAT/NMSQT & PSAT 10,Reading and Writing,203d871f,pdfs/PSAT-NMSQT-PSAT10/Reading-and-Writing/part-004.pdf,234
PSAT/NMSQT & PSAT 10,Reading and Writing,bd9ef66d,pdfs/PSAT-NMSQT-PSAT10/Reading-and-Writing/part-004.pdf,235
PSAT/NMSQT & PSAT 10,Reading and Writing,2c9fab67,pdfs/PSAT-NMSQT-PSAT10/Reading-and-Writing/part-004.pdf,236
PSAT/NMSQT & PSAT 10,Reading and Writing,f5794d32,pdfs/PSAT-NMSQT-PSAT10/Reading-and-Writing/part-004.pdf,237
PSAT/NMSQT & PSAT 10,Reading and Writing,4ce02285,pdfs/PSAT-NMSQT-PSAT10/Reading-and-Writing/part-004.pdf,238
PSAT/NMSQT & PSAT 10,Reading and Writing,85f8e218,pdfs/PSAT-NMSQT-PSAT10/Reading-and-Writing/part-004.pdf,239
PSAT/NMSQT & PSAT 10,Reading and Writing,310f9117,pdfs/PSAT-NMSQT-PSAT10/Reading-and-Writing/part-004.pdf,240
PSAT/NMSQT & PSAT 10,Reading and Writing,b7d2c42e,pdfs/PSAT-NMSQT-PSAT10/Reading-and-Writing/part-004.pdf,241
PSAT/NMSQT & PSAT 10,Reading and Writing,1076807b,pdfs/PSAT-NMSQT-PSAT10/Reading-and-Writing/part-004.pdf,242
PSAT/NMSQT & PSAT 10,Reading and Writing,5ff54894,pdfs/PSAT-NMSQT-PSAT10/Reading-and-Writing/part-004.pdf,243
PSAT/NMSQT & PSAT 10,Reading and Writing,55258d1e,pdfs/PSAT-NMSQT-PSAT10/Reading-and-Writing/part-004.pdf,244
PSAT/NMSQT & PSAT 10,Reading and Writing,c47c27a6,pdfs/PSAT-NMSQT-PSAT10/Reading-and-Writing/part-004.pdf,245
PSAT/NMSQT & PSAT 10,Reading and Writing,93590689,pdfs/PSAT-NMSQT-PSAT10/Reading-and-Writing/part-004.pdf,246
PSAT/NMSQT & PSAT 10,Reading and Writing,3ff92750,pdfs/PSAT-NMSQT-PSAT10/Reading-and-Writing/part-004.pdf,247
PSAT/NMSQT & PSAT 10,Reading and Writing,9621804c,pdfs/PSAT-NMSQT-PSAT10/Reading-and-Writing/part-004.pdf,248
PSAT/NMSQT & PSAT 10,Reading and Writing,76755c9a,pdfs/PSAT-NMSQT-PSAT10/Reading-and-Writing/part-004.pdf,249
PSAT/NMSQT & PSAT 10,Reading and Writing,8e0b2e72,pdfs/PSAT-NMSQT-PSAT10/Reading-and-Writing/part-004.pdf,250
PSAT/NMSQT & PSAT 10,Reading and Writing,d08ed203,pdfs/PSAT-NMSQT-PSAT10/Reading-and-Writing/part-004.pdf,251
PSAT/NMSQT & PSAT 10,Reading and Writing,5917a0f4,pdfs/PSAT-NMSQT-PSAT10/Reading-and-Writing/part-004.pdf,252
PSAT/NMSQT & PSAT 10,Reading and Writing,0c6083cb,pdfs/PSAT-NMSQT-PSAT10/Reading-and-Writing/part-004.pdf,253
PSAT/NMSQT & PSAT 10,Reading and Writing,e9bb6153,pdfs/PSAT-NMSQT-PSAT10/Reading-and-Writing/part-004.pdf,254
PSAT/NMSQT & PSAT 10,Reading and Writing,e6d9dc6f,pdfs/PSAT-NMSQT-PSAT10/Reading-and-Writing/part-004.pdf,255
PSAT/NMSQT & PSAT 10,Reading and Writing,d52601c6,pdfs/PSAT-NMSQT-PSAT10/Reading-and-Writing/part-004.pdf,256
PSAT/NMSQT & PSAT 10,Reading and Writing,357c6d14,pdfs/PSAT-NMSQT-PSAT10/Reading-and-Writing/part-004.pdf,257
PSAT/NMSQT & PSAT 10,Reading and Writing,1bc66123,pdfs/PSAT-NMSQT-PSAT10/Reading-and-Writing/part-004.pdf,258
PSAT/NMSQT & PSAT 10,Reading and Writing,b36a623e,pdfs/PSAT-NMSQT-PSAT10/Reading-and-Writing/part-004.pdf,259
PSAT/NMSQT & PSAT 10,Reading and Writing,333f846b,pdfs/PSAT-NMSQT-PSAT10/Reading-and-Writing/part-004.pdf,260
PSAT/NMSQT & PSAT 10,Reading and Writing,ad1825e8,pdfs/PSAT-NMSQT-PSAT10/Reading-and-Writing/part-004.pdf,261
PSAT/NMSQT & PSAT 10,Reading and Writing,ada2e61b,pdfs/PSAT-NMSQT-PSAT10/Reading-and-Writing/part-004.pdf,262
PSAT/NMSQT & PSAT 10,Reading and Writing,247072bd,pdfs/PSAT-NMSQT-PSAT10/Reading-and-Writing/part-004.pdf,263
PSAT/NMSQT & PSAT 10,Reading and Writing,34fdbf1b,pdfs/PSAT-NMSQT-PSAT10/Reading-and-Writing/part-004.pdf,264
PSAT/NMSQT & PSAT 10,Reading and Writing,f4c4c435,pdfs/PSAT-NMSQT-PSAT10/Reading-and-Writing/part-004.pdf,265
PSAT/NMSQT & PSAT 10,Reading and Writing,aef7c55f,pdfs/PSAT-NMSQT-PSAT10/Reading-and-Writing/part-004.pdf,266
PSAT/NMSQT & PSAT 10,Reading and Writing,f90ae2a3,pdfs/PSAT-NMSQT-PSAT10/Reading-and-Writing/part-004.pdf,267
PSAT/NMSQT & PSAT 10,Reading and Writing,16ec63e6,pdfs/PSAT-NMSQT-PSAT10/Reading-and-Writing/part-004.pdf,268
PSAT/NMSQT & PSAT 10,Reading and Writing,7df1890b,pdfs/PSAT-NMSQT-PSAT10/Reading-and-Writing/part-004.pdf,269
PSAT/NMSQT & PSAT 10,Reading and Writing,46876bdf,pdfs/PSAT-NMSQT-PSAT10/Reading-and-Writing/part-004.pdf,270
PSAT/NMSQT & PSAT 10,Reading and Writing,c8063246,pdfs/PSAT-NMSQT-PSAT10/Reading-and-Writing/part-004.pdf,271
PSAT/NMSQT & PSAT 10,Reading and Writing,96c0492d,pdfs/PSAT-NMSQT-PSAT10/Reading-and-Writing/part-004.pdf,272
PSAT/NMSQT & PSAT 10,Reading and Writing,dd072786,pdfs/PSAT-NMSQT-PSAT10/Reading-and-Writing/part-004.pdf,273
PSAT/NMSQT & PSAT 10,Reading and Writing,bae9e358,pdfs/PSAT-NMSQT-PSAT10/Reading-and-Writing/part-004.pdf,274
PSAT/NMSQT & PSAT 10,Reading and Writing,4e4a780c,pdfs/PSAT-NMSQT-PSAT10/Reading-and-Writing/part-004.pdf,275
PSAT/NMSQT & PSAT 10,Reading and Writing,293f60f6,pdfs/PSAT-NMSQT-PSAT10/Reading-and-Writing/part-004.pdf,276
PSAT/NMSQT & PSAT 10,Reading and Writing,fc9633e4,pdfs/PSAT-NMSQT-PSAT10/Reading-and-Writing/part-004.pdf,277
PSAT/NMSQT & PSAT 10,Reading and Writing,60e5fc31,pdfs/PSAT-NMSQT-PSAT10/Reading-and-Writing/part-004.pdf,278
PSAT/NMSQT & PSAT 10,Reading and Writing,c814e8b5,pdfs/PSAT-NMSQT-PSAT10/Reading-and-Writing/part-004.pdf,279
PSAT/NMSQT & PSAT 10,Reading and Writing,ca252d9a,pdfs/PSAT-NMSQT-PSAT10/Reading-and-Writing/part-004.pdf,280
PSAT/NMSQT & PSAT 10,Reading and Writing,af97a070,pdfs/PSAT-NMSQT-PSAT10/Reading-and-Writing/part-004.pdf,281
PSAT/NMSQT & PSAT 10,Reading and Writing,7fe1b853,pdfs/PSAT-NMSQT-PSAT10/Reading-and-Writing/part-004.pdf,282
PSAT/NMSQT & PSAT 10,Reading and Writing,3a8c00d0,pdfs/PSAT-NMSQT-PSAT10/Reading-and-Writing/part-004.pdf,283
PSAT/NMSQT & PSAT 10,Reading and Writing,a1addda1,pdfs/PSAT-NMSQT-PSAT10/Reading-and-Writing/part-004.pdf,284
PSAT/NMSQT & PSAT 10,Reading and Writing,5d385c16,pdfs/PSAT-NMSQT-PSAT10/Reading-and-Writing/part-004.pdf,285
PSAT/NMSQT & PSAT 10,Reading and Writing,12cd60b9,pdfs/PSAT-NMSQT-PSAT10/Reading-and-Writing/part-004.pdf,286
PSAT/NMSQT & PSAT 10,Reading and Writing,aad2559b,pdfs/PSAT-NMSQT-PSAT10/Reading-and-Writing/part-004.pdf,287
PSAT/NMSQT & PSAT 10,Reading and Writing,5f56ee2e,pdfs/PSAT-NMSQT-PSAT10/Reading-and-Writing/part-004.pdf,288
PSAT/NMSQT & PSAT 10,Reading and Writing,ae669b46,pdfs/PSAT-NMSQT-PSAT10/Reading-and-Writing/part-004.pdf,289
PSAT/NMSQT & PSAT 10,Reading and Writing,b670ec9d,pdfs/PSAT-NMSQT-PSAT10/Reading-and-Writing/part-004.pdf,290
PSAT/NMSQT & PSAT 10,Reading and Writing,fffeb324,pdfs/PSAT-NMSQT-PSAT10/Reading-and-Writing/part-004.pdf,291
PSAT/NMSQT & PSAT 10,Reading and Writing,6800bd42,pdfs/PSAT-NMSQT-PSAT10/Reading-and-Writing/part-004.pdf,292
PSAT/NMSQT & PSAT 10,Reading and Writing,13ec8e4d,pdfs/PSAT-NMSQT-PSAT10/Reading-and-Writing/part-004.pdf,293
PSAT/NMSQT & PSAT 10,Reading and Writing,a89e0276,pdfs/PSAT-NMSQT-PSAT10/Reading-and-Writing/part-004.pdf,294
PSAT/NMSQT & PSAT 10,Reading and Writing,cc401edc,pdfs/PSAT-NMSQT-PSAT10/Reading-and-Writing/part-004.pdf,295
PSAT/NMSQT & PSAT 10,Reading and Writing,621a8cf9,pdfs/PSAT-NMSQT-PSAT10/Reading-and-Writing/part-004.pdf,296
PSAT/NMSQT & PSAT 10,Reading and Writing,af545187,pdfs/PSAT-NMSQT-PSAT10/Reading-and-Writing/part-004.pdf,297
PSAT/NMSQT & PSAT 10,Reading and Writing,44d92af0,pdfs/PSAT-NMSQT-PSAT10/Reading-and-Writing/part-004.pdf,298
PSAT/NMSQT & PSAT 10,Reading and Writing,4a6c2336,pdfs/PSAT-NMSQT-PSAT10/Reading-and-Writing/part-004.pdf,299
PSAT/NMSQT & PSAT 10,Reading and Writing,911b32da,pdfs/PSAT-NMSQT-PSAT10/Reading-and-Writing/part-004.pdf,300
PSAT/NMSQT & PSAT 10,Reading and Writing,5ada8920,pdfs/PSAT-NMSQT-PSAT10/Reading-and-Writing/part-004.pdf,301
PSAT/NMSQT & PSAT 10,Reading and Writing,d6a78774,pdfs/PSAT-NMSQT-PSAT10/Reading-and-Writing/part-004.pdf,302
PSAT/NMSQT & PSAT 10,Reading and Writing,54761f29,pdfs/PSAT-NMSQT-PSAT10/Reading-and-Writing/part-004.pdf,303
PSAT/NMSQT & PSAT 10,Reading and Writing,d7e7447c,pdfs/PSAT-NMSQT-PSAT10/Reading-and-Writing/part-004.pdf,304
PSAT/NMSQT & PSAT 10,Reading and Writing,4b2dcca7,pdfs/PSAT-NMSQT-PSAT10/Reading-and-Writing/part-004.pdf,305
PSAT/NMSQT & PSAT 10,Reading and Writing,a0f1cb85,pdfs/PSAT-NMSQT-PSAT10/Reading-and-Writing/part-004.pdf,306
PSAT/NMSQT & PSAT 10,Reading and Writing,e45302f3,pdfs/PSAT-NMSQT-PSAT10/Reading-and-Writing/part-004.pdf,307
PSAT/NMSQT & PSAT 10,Reading and Writing,5e5c2cc9,pdfs/PSAT-NMSQT-PSAT10/Reading-and-Writing/part-004.pdf,308
PSAT/NMSQT & PSAT 10,Reading and Writing,842891bb,pdfs/PSAT-NMSQT-PSAT10/Reading-and-Writing/part-004.pdf,309
PSAT/NMSQT & PSAT 10,Reading and Writing,ff192f9a,pdfs/PSAT-NMSQT-PSAT10/Reading-and-Writing/part-004.pdf,310
PSAT/NMSQT & PSAT 10,Reading and Writing,3ca47c8b,pdfs/PSAT-NMSQT-PSAT10/Reading-and-Writing/part-004.pdf,311
PSAT/NMSQT & PSAT 10,Reading and Writing,af6c281d,pdfs/PSAT-NMSQT-PSAT10/Reading-and-Writing/part-004.pdf,312
PSAT/NMSQT & PSAT 10,Reading and Writing,18c3055a,pdfs/PSAT-NMSQT-PSAT10/Reading-and-Writing/part-004.pdf,313
PSAT/NMSQT & PSAT 10,Reading and Writing,b17585b1,pdfs/PSAT-NMSQT-PSAT10/Reading-and-Writing/part-004.pdf,314
PSAT/NMSQT & PSAT 10,Reading and Writing,47341561,pdfs/PSAT-NMSQT-PSAT10/Reading-and-Writing/part-004.pdf,315
PSAT/NMSQT & PSAT 10,Reading and Writing,2e56e8c5,pdfs/PSAT-NMSQT-PSAT10/Reading-and-Writing/part-004.pdf,316
PSAT/NMSQT & PSAT 10,Reading and Writing,d63b0f5f,pdfs/PSAT-NMSQT-PSAT10/Reading-and-Writing/part-004.pdf,317
PSAT/NMSQT & PSAT 10,Reading and Writing,decfac99,pdfs/PSAT-NMSQT-PSAT10/Reading-and-Writing/part-004.pdf,318
PSAT/NMSQT & PSAT 10,Reading and Writing,0a23b154,pdfs/PSAT-NMSQT-PSAT10/Reading-and-Writing/part-004.pdf,319
PSAT/NMSQT & PSAT 10,Reading and Writing,18b215d3,pdfs/PSAT-NMSQT-PSAT10/Reading-and-Writing/part-004.pdf,320
PSAT/NMSQT & PSAT 10,Reading and Writing,e9739feb,pdfs/PSAT-NMSQT-PSAT10/Reading-and-Writing/part-004.pdf,321
PSAT/NMSQT & PSAT 10,Reading and Writing,3dbbf88d,pdfs/PSAT-NMSQT-PSAT10/Reading-and-Writing/part-004.pdf,322
PSAT/NMSQT & PSAT 10,Reading and Writing,8a056366,pdfs/PSAT-NMSQT-PSAT10/Reading-and-Writing/part-004.pdf,323
PSAT/NMSQT & PSAT 10,Reading and Writing,d19cc07f,pdfs/PSAT-NMSQT-PSAT10/Reading-and-Writing/part-004.pdf,324
PSAT/NMSQT & PSAT 10,Reading and Writing,9ca600ea,pdfs/PSAT-NMSQT-PSAT10/Reading-and-Writing/part-004.pdf,325
PSAT/NMSQT & PSAT 10,Reading and Writing,0d3a9e0f,pdfs/PSAT-NMSQT-PSAT10/Reading-and-Writing/part-004.pdf,326
PSAT/NMSQT & PSAT 10,Reading and Writing,ad829347,pdfs/PSAT-NMSQT-PSAT10/Reading-and-Writing/part-004.pdf,327
PSAT/NMSQT & PSAT 10,Reading and Writing,46dcbba8,pdfs/PSAT-NMSQT-PSAT10/Reading-and-Writing/part-004.pdf,328
PSAT/NMSQT & PSAT 10,Reading and Writing,cf031b2e,pdfs/PSAT-NMSQT-PSAT10/Reading-and-Writing/part-004.pdf,329
PSAT/NMSQT & PSAT 10,Reading and Writing,98b6a10f,pdfs/PSAT-NMSQT-PSAT10/Reading-and-Writing/part-004.pdf,330
PSAT/NMSQT & PSAT 10,Reading and Writing,93fe1196,pdfs/PSAT-NMSQT-PSAT10/Reading-and-Writing/part-004.pdf,331
PSAT/NMSQT & PSAT 10,Reading and Writing,9fc75f8f,pdfs/PSAT-NMSQT-PSAT10/Reading-and-Writing/part-004.pdf,332
PSAT/NMSQT & PSAT 10,Reading and Writing,79920251,pdfs/PSAT-NMSQT-PSAT10/Reading-and-Writing/part-004.pdf,333
PSAT/NMSQT & PSAT 10,Reading and Writing,5643d328,pdfs/PSAT-NMSQT-PSAT10/Reading-and-Writing/part-004.pdf,334
PSAT/NMSQT & PSAT 10,Reading and Writing,e9936d51,pdfs/PSAT-NMSQT-PSAT10/Reading-and-Writing/part-004.pdf,335
PSAT/NMSQT & PSAT 10,Reading and Writing,03bf5d57,pdfs/PSAT-NMSQT-PSAT10/Reading-and-Writing/part-004.pdf,336
PSAT/NMSQT & PSAT 10,Reading and Writing,a9616eac,pdfs/PSAT-NMSQT-PSAT10/Reading-and-Writing/part-004.pdf,337
PSAT/NMSQT & PSAT 10,Reading and Writing,4cadf4db,pdfs/PSAT-NMSQT-PSAT10/Reading-and-Writing/part-004.pdf,338
PSAT/NMSQT & PSAT 10,Reading and Writing,d42a1778,pdfs/PSAT-NMSQT-PSAT10/Reading-and-Writing/part-004.pdf,339
PSAT/NMSQT & PSAT 10,Reading and Writing,7c554e54,pdfs/PSAT-NMSQT-PSAT10/Reading-and-Writing/part-004.pdf,340
PSAT/NMSQT & PSAT 10,Reading and Writing,dee177d4,pdfs/PSAT-NMSQT-PSAT10/Reading-and-Writing/part-004.pdf,341
PSAT/NMSQT & PSAT 10,Reading and Writing,af8c1e9f,pdfs/PSAT-NMSQT-PSAT10/Reading-and-Writing/part-004.pdf,342
PSAT/NMSQT & PSAT 10,Reading and Writing,6f7a4295,pdfs/PSAT-NMSQT-PSAT10/Reading-and-Writing/part-004.pdf,343
PSAT/NMSQT & PSAT 10,Reading and Writing,36b27e4c,pdfs/PSAT-NMSQT-PSAT10/Reading-and-Writing/part-004.pdf,344
PSAT/NMSQT & PSAT 10,Reading and Writing,47a47c4e,pdfs/PSAT-NMSQT-PSAT10/Reading-and-Writing/part-004.pdf,345
PSAT/NMSQT & PSAT 10,Reading and Writing,d74449b7,pdfs/PSAT-NMSQT-PSAT10/Reading-and-Writing/part-004.pdf,346
PSAT/NMSQT & PSAT 10,Reading and Writing,ba5fcd8c,pdfs/PSAT-NMSQT-PSAT10/Reading-and-Writing/part-004.pdf,347
PSAT/NMSQT & PSAT 10,Reading and Writing,e5d07e9f,pdfs/PSAT-NMSQT-PSAT10/Reading-and-Writing/part-004.pdf,348
PSAT/NMSQT & PSAT 10,Reading and Writing,1a17de82,pdfs/PSAT-NMSQT-PSAT10/Reading-and-Writing/part-004.pdf,349
PSAT/NMSQT & PSAT 10,Reading and Writing,74e34141,pdfs/PSAT-NMSQT-PSAT10/Reading-and-Writing/part-004.pdf,350
PSAT/NMSQT & PSAT 10,Reading and Writing,f113d23b,pdfs/PSAT-NMSQT-PSAT10/Reading-and-Writing/part-004.pdf,351
PSAT/NMSQT & PSAT 10,Reading and Writing,9484a870,pdfs/PSAT-NMSQT-PSAT10/Reading-and-Writing/part-004.pdf,352
PSAT/NMSQT & PSAT 10,Reading and Writing,ecbf2a17,pdfs/PSAT-NMSQT-PSAT10/Reading-and-Writing/part-004.pdf,353
PSAT/NMSQT & PSAT 10,Reading and Writing,19ae9cd4,pdfs/PSAT-NMSQT-PSAT10/Reading-and-Writing/part-004.pdf,354
PSAT/NMSQT & PSAT 10,Reading and Writing,76d0d8f1,pdfs/PSAT-NMSQT-PSAT10/Reading-and-Writing/part-004.pdf,355
PSAT/NMSQT & PSAT 10,Reading and Writing,af667fa5,pdfs/PSAT-NMSQT-PSAT10/Reading-and-Writing/part-004.pdf,356
PSAT/NMSQT & PSAT 10,Reading and Writing,f3bd8ebc,pdfs/PSAT-NMSQT-PSAT10/Reading-and-Writing/part-004.pdf,357
PSAT/NMSQT & PSAT 10,Reading and Writing,0afd235c,pdfs/PSAT-NMSQT-PSAT10/Reading-and-Writing/part-004.pdf,358
PSAT/NMSQT & PSAT 10,Reading and Writing,bafad0f0,pdfs/PSAT-NMSQT-PSAT10/Reading-and-Writing/part-004.pdf,359
PSAT/NMSQT & PSAT 10,Reading and Writing,a8c1d1b9,pdfs/PSAT-NMSQT-PSAT10/Reading-and-Writing/part-004.pdf,360
PSAT/NMSQT & PSAT 10,Reading and Writing,815b1a10,pdfs/PSAT-NMSQT-PSAT10/Reading-and-Writing/part-004.pdf,361
PSAT/NMSQT & PSAT 10,Reading and Writing,bceb20a7,pdfs/PSAT-NMSQT-PSAT10/Reading-and-Writing/part-004.pdf,362
PSAT/NMSQT & PSAT 10,Reading and Writing,62c20dbb,pdfs/PSAT-NMSQT-PSAT10/Reading-and-Writing/part-004.pdf,363
PSAT/NMSQT & PSAT 10,Reading and Writing,94f26037,pdfs/PSAT-NMSQT-PSAT10/Reading-and-Writing/part-004.pdf,364
PSAT/NMSQT & PSAT 10,Reading and Writing,6f4d8396,pdfs/PSAT-NMSQT-PSAT10/Reading-and-Writing/part-004.pdf,365
PSAT/NMSQT & PSAT 10,Reading and Writing,f7129731,pdfs/PSAT-NMSQT-PSAT10/Reading-and-Writing/part-004.pdf,366
PSAT/NMSQT & PSAT 10,Reading and Writing,3c321e41,pdfs/PSAT-NMSQT-PSAT10/Reading-and-Writing/part-004.pdf,367
PSAT/NMSQT & PSAT 10,Reading and Writing,5a8ec3d6,pdfs/PSAT-NMSQT-PSAT10/Reading-and-Writing/part-004.pdf,368
PSAT/NMSQT & PSAT 10,Reading and Writing,075b6ca2,pdfs/PSAT-NMSQT-PSAT10/Reading-and-Writing/part-004.pdf,369
PSAT/NMSQT & PSAT 10,Reading and Writing,0ba6d65d,pdfs/PSAT-NMSQT-PSAT10/Reading-and-Writing/part-004.pdf,370
PSAT/NMSQT & PSAT 10,Reading and Writing,2a5f4b85,pdfs/PSAT-NMSQT-PSAT10/Reading-and-Writing/part-004.pdf,371
PSAT/NMSQT & PSAT 10,Reading and Writing,32c28646,pdfs/PSAT-NMSQT-PSAT10/Reading-and-Writing/part-004.pdf,372
PSAT/NMSQT & PSAT 10,Reading and Writing,ed6647f4,pdfs/PSAT-NMSQT-PSAT10/Reading-and-Writing/part-004.pdf,373
PSAT/NMSQT & PSAT 10,Reading and Writing,62200e28,pdfs/PSAT-NMSQT-PSAT10/Reading-and-Writing/part-004.pdf,374
PSAT/NMSQT & PSAT 10,Reading and Writing,415e7b3d,pdfs/PSAT-NMSQT-PSAT10/Reading-and-Writing/part-004.pdf,375
PSAT/NMSQT & PSAT 10,Reading and Writing,6f4a9e8c,pdfs/PSAT-NMSQT-PSAT10/Reading-and-Writing/part-004.pdf,376
PSAT/NMSQT & PSAT 10,Reading and Writing,be7f8398,pdfs/PSAT-NMSQT-PSAT10/Reading-and-Writing/part-004.pdf,377
PSAT/NMSQT & PSAT 10,Reading and Writing,4f06deb0,pdfs/PSAT-NMSQT-PSAT10/Reading-and-Writing/part-004.pdf,378
PSAT/NMSQT & PSAT 10,Reading and Writing,eb098d8a,pdfs/PSAT-NMSQT-PSAT10/Reading-and-Writing/part-004.pdf,379
PSAT/NMSQT & PSAT 10,Reading and Writing,68cd13d6,pdfs/PSAT-NMSQT-PSAT10/Reading-and-Writing/part-004.pdf,380
PSAT/NMSQT & PSAT 10,Reading and Writing,77af0ba3,pdfs/PSAT-NMSQT-PSAT10/Reading-and-Writing/part-004.pdf,381
PSAT/NMSQT & PSAT 10,Reading and Writing,1624b82d,pdfs/PSAT-NMSQT-PSAT10/Reading-and-Writing/part-004.pdf,382
PSAT/NMSQT & PSAT 10,Reading and Writing,f4d86ecd,pdfs/PSAT-NMSQT-PSAT10/Reading-and-Writing/part-004.pdf,383
PSAT/NMSQT & PSAT 10,Reading and Writing,9ed077ff,pdfs/PSAT-NMSQT-PSAT10/Reading-and-Writing/part-004.pdf,384
PSAT/NMSQT & PSAT 10,Reading and Writing,3a79e235,pdfs/PSAT-NMSQT-PSAT10/Reading-and-Writing/part-004.pdf,385
PSAT/NMSQT & PSAT 10,Reading and Writing,f26eb54f,pdfs/PSAT-NMSQT-PSAT10/Reading-and-Writing/part-004.pdf,386
PSAT/NMSQT & PSAT 10,Reading and Writing,f53fcc3b,pdfs/PSAT-NMSQT-PSAT10/Reading-and-Writing/part-004.pdf,387
PSAT/NMSQT & PSAT 10,Reading and Writing,25ad839c,pdfs/PSAT-NMSQT-PSAT10/Reading-and-Writing/part-004.pdf,388
PSAT/NMSQT & PSAT 10,Reading and Writing,db091dc5,pdfs/PSAT-NMSQT-PSAT10/Reading-and-Writing/part-004.pdf,389
PSAT/NMSQT & PSAT 10,Reading and Writing,a34e0da1,pdfs/PSAT-NMSQT-PSAT10/Reading-and-Writing/part-004.pdf,390
PSAT/NMSQT & PSAT 10,Reading and Writing,f7451d80,pdfs/PSAT-NMSQT-PSAT10/Reading-and-Writing/part-004.pdf,391
PSAT/NMSQT & PSAT 10,Reading and Writing,eeda1f59,pdfs/PSAT-NMSQT-PSAT10/Reading-and-Writing/part-004.pdf,392
PSAT/NMSQT & PSAT 10,Reading and Writing,3200d4ba,pdfs/PSAT-NMSQT-PSAT10/Reading-and-Writing/part-004.pdf,393
PSAT/NMSQT & PSAT 10,Reading and Writing,67bf8f8b,pdfs/PSAT-NMSQT-PSAT10/Reading-and-Writing/part-004.pdf,394
PSAT/NMSQT & PSAT 10,Reading and Writing,8c02fe3d,pdfs/PSAT-NMSQT-PSAT10/Reading-and-Writing/part-004.pdf,395
PSAT/NMSQT & PSAT 10,Reading and Writing,c83d382e,pdfs/PSAT-NMSQT-PSAT10/Reading-and-Writing/part-004.pdf,396
PSAT/NMSQT & PSAT 10,Reading and Writing,1f47083b,pdfs/PSAT-NMSQT-PSAT10/Reading-and-Writing/part-004.pdf,397
PSAT/NMSQT & PSAT 10,Reading and Writing,a56304b1,pdfs/PSAT-NMSQT-PSAT10/Reading-and-Writing/part-004.pdf,398
PSAT/NMSQT & PSAT 10,Reading and Writing,63cc8881,pdfs/PSAT-NMSQT-PSAT10/Reading-and-Writing/part-004.pdf,399
PSAT/NMSQT & PSAT 10,Reading and Writing,2bb6212a,pdfs/PSAT-NMSQT-PSAT10/Reading-and-Writing/part-004.pdf,400
PSAT/NMSQT & PSAT 10,Reading and Writing,bff697dd,pdfs/PSAT-NMSQT-PSAT10/Reading-and-Writing/part-005.pdf,1
PSAT/NMSQT & PSAT 10,Reading and Writing,14a90a69,pdfs/PSAT-NMSQT-PSAT10/Reading-and-Writing/part-005.pdf,2
PSAT/NMSQT & PSAT 10,Reading and Writing,3bd183d3,pdfs/PSAT-NMSQT-PSAT10/Reading-and-Writing/part-005.pdf,3
PSAT/NMSQT & PSAT 10,Reading and Writing,605cf912,pdfs/PSAT-NMSQT-PSAT10/Reading-and-Writing/part-005.pdf,4
PSAT/NMSQT & PSAT 10,Reading and Writing,1e104a21,pdfs/PSAT-NMSQT-PSAT10/Reading-and-Writing/part-005.pdf,5
PSAT/NMSQT & PSAT 10,Reading and Writing,d33a4876,pdfs/PSAT-NMSQT-PSAT10/Reading-and-Writing/part-005.pdf,6
PSAT/NMSQT & PSAT 10,Reading and Writing,d0d234ec,pdfs/PSAT-NMSQT-PSAT10/Reading-and-Writing/part-005.pdf,7
PSAT/NMSQT & PSAT 10,Reading and Writing,6615922f,pdfs/PSAT-NMSQT-PSAT10/Reading-and-Writing/part-005.pdf,8
PSAT/NMSQT & PSAT 10,Reading and Writing,2262e8a7,pdfs/PSAT-NMSQT-PSAT10/Reading-and-Writing/part-005.pdf,9
PSAT/NMSQT & PSAT 10,Reading and Writing,12c4ad36,pdfs/PSAT-NMSQT-PSAT10/Reading-and-Writing/part-005.pdf,10
PSAT/NMSQT & PSAT 10,Reading and Writing,81a45931,pdfs/PSAT-NMSQT-PSAT10/Reading-and-Writing/part-005.pdf,11
PSAT/NMSQT & PSAT 10,Reading and Writing,ea5c7431,pdfs/PSAT-NMSQT-PSAT10/Reading-and-Writing/part-005.pdf,12
PSAT/NMSQT & PSAT 10,Reading and Writing,d1900004,pdfs/PSAT-NMSQT-PSAT10/Reading-and-Writing/part-005.pdf,13
PSAT/NMSQT & PSAT 10,Reading and Writing,0979f82f,pdfs/PSAT-NMSQT-PSAT10/Reading-and-Writing/part-005.pdf,14
PSAT/NMSQT & PSAT 10,Reading and Writing,fa99e172,pdfs/PSAT-NMSQT-PSAT10/Reading-and-Writing/part-005.pdf,15
PSAT/NMSQT & PSAT 10,Reading and Writing,3282352e,pdfs/PSAT-NMSQT-PSAT10/Reading-and-Writing/part-005.pdf,16
PSAT/NMSQT & PSAT 10,Reading and Writing,4fec9e0b,pdfs/PSAT-NMSQT-PSAT10/Reading-and-Writing/part-005.pdf,17
PSAT/NMSQT & PSAT 10,Reading and Writing,8b86da1c,pdfs/PSAT-NMSQT-PSAT10/Reading-and-Writing/part-005.pdf,18
PSAT/NMSQT & PSAT 10,Reading and Writing,523b9f60,pdfs/PSAT-NMSQT-PSAT10/Reading-and-Writing/part-005.pdf,19
PSAT/NMSQT & PSAT 10,Reading and Writing,10fb08db,pdfs/PSAT-NMSQT-PSAT10/Reading-and-Writing/part-005.pdf,20
PSAT/NMSQT & PSAT 10,Reading and Writing,7421ada8,pdfs/PSAT-NMSQT-PSAT10/Reading-and-Writing/part-005.pdf,21
PSAT/NMSQT & PSAT 10,Reading and Writing,088f0914,pdfs/PSAT-NMSQT-PSAT10/Reading-and-Writing/part-005.pdf,22
PSAT/NMSQT & PSAT 10,Reading and Writing,3a5e9c4b,pdfs/PSAT-NMSQT-PSAT10/Reading-and-Writing/part-005.pdf,23
PSAT/NMSQT & PSAT 10,Reading and Writing,b514f13f,pdfs/PSAT-NMSQT-PSAT10/Reading-and-Writing/part-005.pdf,24
PSAT/NMSQT & PSAT 10,Reading and Writing,5f302b90,pdfs/PSAT-NMSQT-PSAT10/Reading-and-Writing/part-005.pdf,25
PSAT/NMSQT & PSAT 10,Reading and Writing,9890fee4,pdfs/PSAT-NMSQT-PSAT10/Reading-and-Writing/part-005.pdf,26
PSAT/NMSQT & PSAT 10,Reading and Writing,0f24addb,pdfs/PSAT-NMSQT-PSAT10/Reading-and-Writing/part-005.pdf,27
PSAT/NMSQT & PSAT 10,Reading and Writing,1cd5b06a,pdfs/PSAT-NMSQT-PSAT10/Reading-and-Writing/part-005.pdf,28
PSAT/NMSQT & PSAT 10,Reading and Writing,11485265,pdfs/PSAT-NMSQT-PSAT10/Reading-and-Writing/part-005.pdf,29
PSAT/NMSQT & PSAT 10,Reading and Writing,de7a292b,pdfs/PSAT-NMSQT-PSAT10/Reading-and-Writing/part-005.pdf,30
PSAT/NMSQT & PSAT 10,Reading and Writing,11e5d1d6,pdfs/PSAT-NMSQT-PSAT10/Reading-and-Writing/part-005.pdf,31
PSAT/NMSQT & PSAT 10,Reading and Writing,08848b0a,pdfs/PSAT-NMSQT-PSAT10/Reading-and-Writing/part-005.pdf,32
PSAT/NMSQT & PSAT 10,Reading and Writing,be3760db,pdfs/PSAT-NMSQT-PSAT10/Reading-and-Writing/part-005.pdf,33
PSAT/NMSQT & PSAT 10,Reading and Writing,f7835732,pdfs/PSAT-NMSQT-PSAT10/Reading-and-Writing/part-005.pdf,34
PSAT/NMSQT & PSAT 10,Reading and Writing,836d755b,pdfs/PSAT-NMSQT-PSAT10/Reading-and-Writing/part-005.pdf,35
PSAT/NMSQT & PSAT 10,Reading and Writing,1a205200,pdfs/PSAT-NMSQT-PSAT10/Reading-and-Writing/part-005.pdf,36
PSAT/NMSQT & PSAT 10,Reading and Writing,598b42f3,pdfs/PSAT-NMSQT-PSAT10/Reading-and-Writing/part-005.pdf,37
PSAT/NMSQT & PSAT 10,Reading and Writing,9dbd2461,pdfs/PSAT-NMSQT-PSAT10/Reading-and-Writing/part-005.pdf,38
PSAT/NMSQT & PSAT 10,Reading and Writing,ee2e4c20,pdfs/PSAT-NMSQT-PSAT10/Reading-and-Writing/part-005.pdf,39
PSAT/NMSQT & PSAT 10,Reading and Writing,799074ae,pdfs/PSAT-NMSQT-PSAT10/Reading-and-Writing/part-005.pdf,40
PSAT/NMSQT & PSAT 10,Reading and Writing,a01560fb,pdfs/PSAT-NMSQT-PSAT10/Reading-and-Writing/part-005.pdf,41
PSAT/NMSQT & PSAT 10,Reading and Writing,eaeb70e5,pdfs/PSAT-NMSQT-PSAT10/Reading-and-Writing/part-005.pdf,42
PSAT/NMSQT & PSAT 10,Reading and Writing,ae4d8cb0,pdfs/PSAT-NMSQT-PSAT10/Reading-and-Writing/part-005.pdf,43
PSAT/NMSQT & PSAT 10,Reading and Writing,8b2bee0a,pdfs/PSAT-NMSQT-PSAT10/Reading-and-Writing/part-005.pdf,44
PSAT/NMSQT & PSAT 10,Reading and Writing,d8fef8ab,pdfs/PSAT-NMSQT-PSAT10/Reading-and-Writing/part-005.pdf,45
PSAT/NMSQT & PSAT 10,Reading and Writing,79f6b5f6,pdfs/PSAT-NMSQT-PSAT10/Reading-and-Writing/part-005.pdf,46
PSAT/NMSQT & PSAT 10,Reading and Writing,85cac465,pdfs/PSAT-NMSQT-PSAT10/Reading-and-Writing/part-005.pdf,47
PSAT/NMSQT & PSAT 10,Reading and Writing,c22730d3,pdfs/PSAT-NMSQT-PSAT10/Reading-and-Writing/part-005.pdf,48
PSAT/NMSQT & PSAT 10,Reading and Writing,7238af74,pdfs/PSAT-NMSQT-PSAT10/Reading-and-Writing/part-005.pdf,49
PSAT/NMSQT & PSAT 10,Reading and Writing,f102f1be,pdfs/PSAT-NMSQT-PSAT10/Reading-and-Writing/part-005.pdf,50
PSAT/NMSQT & PSAT 10,Reading and Writing,82a6a62a,pdfs/PSAT-NMSQT-PSAT10/Reading-and-Writing/part-005.pdf,51
PSAT/NMSQT & PSAT 10,Reading and Writing,1d2429ef,pdfs/PSAT-NMSQT-PSAT10/Reading-and-Writing/part-005.pdf,52
PSAT/NMSQT & PSAT 10,Reading and Writing,38a94ca9,pdfs/PSAT-NMSQT-PSAT10/Reading-and-Writing/part-005.pdf,53
PSAT/NMSQT & PSAT 10,Reading and Writing,72770fa9,pdfs/PSAT-NMSQT-PSAT10/Reading-and-Writing/part-005.pdf,54
PSAT/NMSQT & PSAT 10,Reading and Writing,55c8d2b2,pdfs/PSAT-NMSQT-PSAT10/Reading-and-Writing/part-005.pdf,55
PSAT/NMSQT & PSAT 10,Reading and Writing,1e789e88,pdfs/PSAT-NMSQT-PSAT10/Reading-and-Writing/part-005.pdf,56
PSAT/NMSQT & PSAT 10,Reading and Writing,1a633ce1,pdfs/PSAT-NMSQT-PSAT10/Reading-and-Writing/part-005.pdf,57
PSAT/NMSQT & PSAT 10,Reading and Writing,bb37498b,pdfs/PSAT-NMSQT-PSAT10/Reading-and-Writing/part-005.pdf,58
PSAT/NMSQT & PSAT 10,Reading and Writing,4978fce5,pdfs/PSAT-NMSQT-PSAT10/Reading-and-Writing/part-005.pdf,59
PSAT/NMSQT & PSAT 10,Reading and Writing,ec581d13,pdfs/PSAT-NMSQT-PSAT10/Reading-and-Writing/part-005.pdf,60
PSAT/NMSQT & PSAT 10,Reading and Writing,eb6d9a72,pdfs/PSAT-NMSQT-PSAT10/Reading-and-Writing/part-005.pdf,61
PSAT/NMSQT & PSAT 10,Reading and Writing,1b1fd9d2,pdfs/PSAT-NMSQT-PSAT10/Reading-and-Writing/part-005.pdf,62
PSAT/NMSQT & PSAT 10,Reading and Writing,cb585b20,pdfs/PSAT-NMSQT-PSAT10/Reading-and-Writing/part-005.pdf,63
PSAT/NMSQT & PSAT 10,Reading and Writing,a660d91a,pdfs/PSAT-NMSQT-PSAT10/Reading-and-Writing/part-005.pdf,64
PSAT/NMSQT & PSAT 10,Reading and Writing,2f0bf310,pdfs/PSAT-NMSQT-PSAT10/Reading-and-Writing/part-005.pdf,65
PSAT/NMSQT & PSAT 10,Reading and Writing,1ec6ee06,pdfs/PSAT-NMSQT-PSAT10/Reading-and-Writing/part-005.pdf,66
PSAT/NMSQT & PSAT 10,Reading and Writing,2d2412d1,pdfs/PSAT-NMSQT-PSAT10/Reading-and-Writing/part-005.pdf,67
PSAT/NMSQT & PSAT 10,Reading and Writing,b2f51826,pdfs/PSAT-NMSQT-PSAT10/Reading-and-Writing/part-005.pdf,68
PSAT/NMSQT & PSAT 10,Reading and Writing,7a7070f7,pdfs/PSAT-NMSQT-PSAT10/Reading-and-Writing/part-005.pdf,69
PSAT/NMSQT & PSAT 10,Reading and Writing,405401eb,pdfs/PSAT-NMSQT-PSAT10/Reading-and-Writing/part-005.pdf,70
PSAT/NMSQT & PSAT 10,Reading and Writing,24996ea6,pdfs/PSAT-NMSQT-PSAT10/Reading-and-Writing/part-005.pdf,71
PSAT/NMSQT & PSAT 10,Reading and Writing,be3725e6,pdfs/PSAT-NMSQT-PSAT10/Reading-and-Writing/part-005.pdf,72
PSAT/NMSQT & PSAT 10,Reading and Writing,1c16f0f0,pdfs/PSAT-NMSQT-PSAT10/Reading-and-Writing/part-005.pdf,73
PSAT/NMSQT & PSAT 10,Reading and Writing,058915b4,pdfs/PSAT-NMSQT-PSAT10/Reading-and-Writing/part-005.pdf,74
PSAT/NMSQT & PSAT 10,Reading and Writing,890c62c9,pdfs/PSAT-NMSQT-PSAT10/Reading-and-Writing/part-005.pdf,75
PSAT/NMSQT & PSAT 10,Reading and Writing,55586d1a,pdfs/PSAT-NMSQT-PSAT10/Reading-and-Writing/part-005.pdf,76
PSAT/NMSQT & PSAT 10,Reading and Writing,578ba226,pdfs/PSAT-NMSQT-PSAT10/Reading-and-Writing/part-005.pdf,77
PSAT/NMSQT & PSAT 10,Reading and Writing,eca749e2,pdfs/PSAT-NMSQT-PSAT10/Reading-and-Writing/part-005.pdf,78
PSAT/NMSQT & PSAT 10,Reading and Writing,18ccb79a,pdfs/PSAT-NMSQT-PSAT10/Reading-and-Writing/part-005.pdf,79
PSAT/NMSQT & PSAT 10,Reading and Writing,f460370e,pdfs/PSAT-NMSQT-PSAT10/Reading-and-Writing/part-005.pdf,80
PSAT/NMSQT & PSAT 10,Reading and Writing,5e8e3740,pdfs/PSAT-NMSQT-PSAT10/Reading-and-Writing/part-005.pdf,81
PSAT/NMSQT & PSAT 10,Reading and Writing,134bc1fa,pdfs/PSAT-NMSQT-PSAT10/Reading-and-Writing/part-005.pdf,82
PSAT/NMSQT & PSAT 10,Reading and Writing,e60282de,pdfs/PSAT-NMSQT-PSAT10/Reading-and-Writing/part-005.pdf,83
PSAT/NMSQT & PSAT 10,Reading and Writing,f21677cb,pdfs/PSAT-NMSQT-PSAT10/Reading-and-Writing/part-005.pdf,84
PSAT/NMSQT & PSAT 10,Reading and Writing,123676b8,pdfs/PSAT-NMSQT-PSAT10/Reading-and-Writing/part-005.pdf,85
PSAT/NMSQT & PSAT 10,Reading and Writing,a1d5e1d3,pdfs/PSAT-NMSQT-PSAT10/Reading-and-Writing/part-005.pdf,86
PSAT/NMSQT & PSAT 10,Reading and Writing,59038332,pdfs/PSAT-NMSQT-PSAT10/Reading-and-Writing/part-005.pdf,87
PSAT/NMSQT & PSAT 10,Reading and Writing,35d94900,pdfs/PSAT-NMSQT-PSAT10/Reading-and-Writing/part-005.pdf,88
PSAT/NMSQT & PSAT 10,Reading and Writing,7bddd829,pdfs/PSAT-NMSQT-PSAT10/Reading-and-Writing/part-005.pdf,89
PSAT/NMSQT & PSAT 10,Reading and Writing,559624fe,pdfs/PSAT-NMSQT-PSAT10/Reading-and-Writing/part-005.pdf,90
PSAT/NMSQT & PSAT 10,Reading and Writing,0331fc28,pdfs/PSAT-NMSQT-PSAT10/Reading-and-Writing/part-005.pdf,91
PSAT/NMSQT & PSAT 10,Reading and Writing,b818ba13,pdfs/PSAT-NMSQT-PSAT10/Reading-and-Writing/part-005.pdf,92
PSAT/NMSQT & PSAT 10,Reading and Writing,3953002d,pdfs/PSAT-NMSQT-PSAT10/Reading-and-Writing/part-005.pdf,93
PSAT/NMSQT & PSAT 10,Reading and Writing,2c88d54a,pdfs/PSAT-NMSQT-PSAT10/Reading-and-Writing/part-005.pdf,94
PSAT/NMSQT & PSAT 10,Reading and Writing,29ed3849,pdfs/PSAT-NMSQT-PSAT10/Reading-and-Writing/part-005.pdf,95
PSAT/NMSQT & PSAT 10,Reading and Writing,fb5a8490,pdfs/PSAT-NMSQT-PSAT10/Reading-and-Writing/part-005.pdf,96
PSAT/NMSQT & PSAT 10,Reading and Writing,6ccba054,pdfs/PSAT-NMSQT-PSAT10/Reading-and-Writing/part-005.pdf,97
PSAT/NMSQT & PSAT 10,Reading and Writing,83bc03dd,pdfs/PSAT-NMSQT-PSAT10/Reading-and-Writing/part-005.pdf,98
PSAT/NMSQT & PSAT 10,Reading and Writing,8c2c0671,pdfs/PSAT-NMSQT-PSAT10/Reading-and-Writing/part-005.pdf,99
PSAT/NMSQT & PSAT 10,Reading and Writing,43e5e8ba,pdfs/PSAT-NMSQT-PSAT10/Reading-and-Writing/part-005.pdf,100
PSAT/NMSQT & PSAT 10,Reading and Writing,551b45fa,pdfs/PSAT-NMSQT-PSAT10/Reading-and-Writing/part-005.pdf,101
PSAT/NMSQT & PSAT 10,Reading and Writing,5afaf8ab,pdfs/PSAT-NMSQT-PSAT10/Reading-and-Writing/part-005.pdf,102
PSAT/NMSQT & PSAT 10,Reading and Writing,3cd7e2f5,pdfs/PSAT-NMSQT-PSAT10/Reading-and-Writing/part-005.pdf,103
PSAT/NMSQT & PSAT 10,Reading and Writing,9d68950c,pdfs/PSAT-NMSQT-PSAT10/Reading-and-Writing/part-005.pdf,104
PSAT/NMSQT & PSAT 10,Reading and Writing,f9646a5f,pdfs/PSAT-NMSQT-PSAT10/Reading-and-Writing/part-005.pdf,105
PSAT/NMSQT & PSAT 10,Reading and Writing,9a16780e,pdfs/PSAT-NMSQT-PSAT10/Reading-and-Writing/part-005.pdf,106
PSAT/NMSQT & PSAT 10,Reading and Writing,947b3eb4,pdfs/PSAT-NMSQT-PSAT10/Reading-and-Writing/part-005.pdf,107
PSAT/NMSQT & PSAT 10,Reading and Writing,78fdad9b,pdfs/PSAT-NMSQT-PSAT10/Reading-and-Writing/part-005.pdf,108
PSAT/NMSQT & PSAT 10,Reading and Writing,e7f9b31c,pdfs/PSAT-NMSQT-PSAT10/Reading-and-Writing/part-005.pdf,109
PSAT/NMSQT & PSAT 10,Reading and Writing,277edb14,pdfs/PSAT-NMSQT-PSAT10/Reading-and-Writing/part-005.pdf,110
PSAT/NMSQT & PSAT 10,Reading and Writing,0d590843,pdfs/PSAT-NMSQT-PSAT10/Reading-and-Writing/part-005.pdf,111
PSAT/NMSQT & PSAT 10,Reading and Writing,618b3056,pdfs/PSAT-NMSQT-PSAT10/Reading-and-Writing/part-005.pdf,112
PSAT/NMSQT & PSAT 10,Reading and Writing,898c222c,pdfs/PSAT-NMSQT-PSAT10/Reading-and-Writing/part-005.pdf,113
PSAT/NMSQT & PSAT 10,Reading and Writing,d6a976f0,pdfs/PSAT-NMSQT-PSAT10/Reading-and-Writing/part-005.pdf,114
PSAT/NMSQT & PSAT 10,Reading and Writing,0b604037,pdfs/PSAT-NMSQT-PSAT10/Reading-and-Writing/part-005.pdf,115
PSAT/NMSQT & PSAT 10,Reading and Writing,7ecd64c8,pdfs/PSAT-NMSQT-PSAT10/Reading-and-Writing/part-005.pdf,116
PSAT/NMSQT & PSAT 10,Reading and Writing,9553394d,pdfs/PSAT-NMSQT-PSAT10/Reading-and-Writing/part-005.pdf,117
PSAT/NMSQT & PSAT 10,Reading and Writing,2ed74e51,pdfs/PSAT-NMSQT-PSAT10/Reading-and-Writing/part-005.pdf,118
PSAT/NMSQT & PSAT 10,Reading and Writing,0f2f9167,pdfs/PSAT-NMSQT-PSAT10/Reading-and-Writing/part-005.pdf,119
PSAT/NMSQT & PSAT 10,Reading and Writing,6ce0ea6b,pdfs/PSAT-NMSQT-PSAT10/Reading-and-Writing/part-005.pdf,120
PSAT/NMSQT & PSAT 10,Reading and Writing,fb134306,pdfs/PSAT-NMSQT-PSAT10/Reading-and-Writing/part-005.pdf,121
PSAT/NMSQT & PSAT 10,Reading and Writing,88781897,pdfs/PSAT-NMSQT-PSAT10/Reading-and-Writing/part-005.pdf,122
PSAT/NMSQT & PSAT 10,Reading and Writing,4df888d5,pdfs/PSAT-NMSQT-PSAT10/Reading-and-Writing/part-005.pdf,123
PSAT/NMSQT & PSAT 10,Reading and Writing,a1e6e266,pdfs/PSAT-NMSQT-PSAT10/Reading-and-Writing/part-005.pdf,124
PSAT/NMSQT & PSAT 10,Reading and Writing,e706885b,pdfs/PSAT-NMSQT-PSAT10/Reading-and-Writing/part-005.pdf,125
PSAT/NMSQT & PSAT 10,Reading and Writing,ea7df903,pdfs/PSAT-NMSQT-PSAT10/Reading-and-Writing/part-005.pdf,126
PSAT/NMSQT & PSAT 10,Reading and Writing,18cb6266,pdfs/PSAT-NMSQT-PSAT10/Reading-and-Writing/part-005.pdf,127
PSAT/NMSQT & PSAT 10,Reading and Writing,41f2da4f,pdfs/PSAT-NMSQT-PSAT10/Reading-and-Writing/part-005.pdf,128
PSAT/NMSQT & PSAT 10,Reading and Writing,da7ac26f,pdfs/PSAT-NMSQT-PSAT10/Reading-and-Writing/part-005.pdf,129
PSAT/NMSQT & PSAT 10,Reading and Writing,7cc20273,pdfs/PSAT-NMSQT-PSAT10/Reading-and-Writing/part-005.pdf,130
PSAT/NMSQT & PSAT 10,Reading and Writing,abf1b17e,pdfs/PSAT-NMSQT-PSAT10/Reading-and-Writing/part-005.pdf,131
PSAT/NMSQT & PSAT 10,Reading and Writing,641786c8,pdfs/PSAT-NMSQT-PSAT10/Reading-and-Writing/part-005.pdf,132
PSAT/NMSQT & PSAT 10,Reading and Writing,2e15b3d6,pdfs/PSAT-NMSQT-PSAT10/Reading-and-Writing/part-005.pdf,133
PSAT/NMSQT & PSAT 10,Reading and Writing,619c642e,pdfs/PSAT-NMSQT-PSAT10/Reading-and-Writing/part-005.pdf,134
PSAT/NMSQT & PSAT 10,Reading and Writing,393a1559,pdfs/PSAT-NMSQT-PSAT10/Reading-and-Writing/part-005.pdf,135
PSAT/NMSQT & PSAT 10,Reading and Writing,67e5ebde,pdfs/PSAT-NMSQT-PSAT10/Reading-and-Writing/part-005.pdf,136
PSAT/NMSQT & PSAT 10,Reading and Writing,a068eea7,pdfs/PSAT-NMSQT-PSAT10/Reading-and-Writing/part-005.pdf,137
PSAT/NMSQT & PSAT 10,Reading and Writing,53b7e7cd,pdfs/PSAT-NMSQT-PSAT10/Reading-and-Writing/part-005.pdf,138
PSAT/NMSQT & PSAT 10,Reading and Writing,e76c35d5,pdfs/PSAT-NMSQT-PSAT10/Reading-and-Writing/part-005.pdf,139
PSAT/NMSQT & PSAT 10,Reading and Writing,10b9dc53,pdfs/PSAT-NMSQT-PSAT10/Reading-and-Writing/part-005.pdf,140
PSAT/NMSQT & PSAT 10,Reading and Writing,da6104b6,pdfs/PSAT-NMSQT-PSAT10/Reading-and-Writing/part-005.pdf,141
PSAT/NMSQT & PSAT 10,Reading and Writing,d7ce1c0d,pdfs/PSAT-NMSQT-PSAT10/Reading-and-Writing/part-005.pdf,142
PSAT/NMSQT & PSAT 10,Reading and Writing,4c3a6732,pdfs/PSAT-NMSQT-PSAT10/Reading-and-Writing/part-005.pdf,143
PSAT/NMSQT & PSAT 10,Reading and Writing,8ac2d78e,pdfs/PSAT-NMSQT-PSAT10/Reading-and-Writing/part-005.pdf,144
PSAT/NMSQT & PSAT 10,Reading and Writing,5b8e4f8e,pdfs/PSAT-NMSQT-PSAT10/Reading-and-Writing/part-005.pdf,145
PSAT/NMSQT & PSAT 10,Reading and Writing,fc7ebf09,pdfs/PSAT-NMSQT-PSAT10/Reading-and-Writing/part-005.pdf,146
PSAT/NMSQT & PSAT 10,Reading and Writing,0ed4b07b,pdfs/PSAT-NMSQT-PSAT10/Reading-and-Writing/part-005.pdf,147
PSAT/NMSQT & PSAT 10,Reading and Writing,ae531bd4,pdfs/PSAT-NMSQT-PSAT10/Reading-and-Writing/part-005.pdf,148
PSAT/NMSQT & PSAT 10,Reading and Writing,6715bd58,pdfs/PSAT-NMSQT-PSAT10/Reading-and-Writing/part-005.pdf,149
PSAT/NMSQT & PSAT 10,Reading and Writing,83a677eb,pdfs/PSAT-NMSQT-PSAT10/Reading-and-Writing/part-005.pdf,150
PSAT/NMSQT & PSAT 10,Reading and Writing,92bbb26e,pdfs/PSAT-NMSQT-PSAT10/Reading-and-Writing/part-005.pdf,151
PSAT/NMSQT & PSAT 10,Reading and Writing,26cbf5e1,pdfs/PSAT-NMSQT-PSAT10/Reading-and-Writing/part-005.pdf,152
PSAT/NMSQT & PSAT 10,Reading and Writing,ac384264,pdfs/PSAT-NMSQT-PSAT10/Reading-and-Writing/part-005.pdf,153
PSAT/NMSQT & PSAT 10,Reading and Writing,cc9aebbd,pdfs/PSAT-NMSQT-PSAT10/Reading-and-Writing/part-005.pdf,154
PSAT/NMSQT & PSAT 10,Reading and Writing,776c0a46,pdfs/PSAT-NMSQT-PSAT10/Reading-and-Writing/part-005.pdf,155
PSAT/NMSQT & PSAT 10,Reading and Writing,eccc78e0,pdfs/PSAT-NMSQT-PSAT10/Reading-and-Writing/part-005.pdf,156
PSAT/NMSQT & PSAT 10,Reading and Writing,764b7545,pdfs/PSAT-NMSQT-PSAT10/Reading-and-Writing/part-005.pdf,157
PSAT/NMSQT & PSAT 10,Reading and Writing,a95ae2b8,pdfs/PSAT-NMSQT-PSAT10/Reading-and-Writing/part-005.pdf,158
PSAT/NMSQT & PSAT 10,Reading and Writing,b2c2aa6c,pdfs/PSAT-NMSQT-PSAT10/Reading-and-Writing/part-005.pdf,159
PSAT/NMSQT & PSAT 10,Reading and Writing,7e2544e1,pdfs/PSAT-NMSQT-PSAT10/Reading-and-Writing/part-005.pdf,160
PSAT/NMSQT & PSAT 10,Reading and Writing,6b030cfe,pdfs/PSAT-NMSQT-PSAT10/Reading-and-Writing/part-005.pdf,161
PSAT/NMSQT & PSAT 10,Reading and Writing,1d918ae7,pdfs/PSAT-NMSQT-PSAT10/Reading-and-Writing/part-005.pdf,162
PSAT/NMSQT & PSAT 10,Reading and Writing,10b70758,pdfs/PSAT-NMSQT-PSAT10/Reading-and-Writing/part-005.pdf,163
PSAT/NMSQT & PSAT 10,Reading and Writing,5c7883b0,pdfs/PSAT-NMSQT-PSAT10/Reading-and-Writing/part-005.pdf,164
PSAT/NMSQT & PSAT 10,Reading and Writing,9caf8b15,pdfs/PSAT-NMSQT-PSAT10/Reading-and-Writing/part-005.pdf,165
PSAT/NMSQT & PSAT 10,Reading and Writing,ace4cd5f,pdfs/PSAT-NMSQT-PSAT10/Reading-and-Writing/part-005.pdf,166
PSAT/NMSQT & PSAT 10,Reading and Writing,2e821d22,pdfs/PSAT-NMSQT-PSAT10/Reading-and-Writing/part-005.pdf,167
PSAT/NMSQT & PSAT 10,Reading and Writing,b4bf0cae,pdfs/PSAT-NMSQT-PSAT10/Reading-and-Writing/part-005.pdf,168
PSAT/NMSQT & PSAT 10,Reading and Writing,cbfc0885,pdfs/PSAT-NMSQT-PSAT10/Reading-and-Writing/part-005.pdf,169
PSAT/NMSQT & PSAT 10,Reading and Writing,f704ea4c,pdfs/PSAT-NMSQT-PSAT10/Reading-and-Writing/part-005.pdf,170
PSAT/NMSQT & PSAT 10,Reading and Writing,fe9fff45,pdfs/PSAT-NMSQT-PSAT10/Reading-and-Writing/part-005.pdf,171
PSAT/NMSQT & PSAT 10,Reading and Writing,3a3b8016,pdfs/PSAT-NMSQT-PSAT10/Reading-and-Writing/part-005.pdf,172
PSAT/NMSQT & PSAT 10,Reading and Writing,dae097f3,pdfs/PSAT-NMSQT-PSAT10/Reading-and-Writing/part-005.pdf,173
PSAT/NMSQT & PSAT 10,Reading and Writing,5542638c,pdfs/PSAT-NMSQT-PSAT10/Reading-and-Writing/part-005.pdf,174
PSAT/NMSQT & PSAT 10,Reading and Writing,632715e3,pdfs/PSAT-NMSQT-PSAT10/Reading-and-Writing/part-005.pdf,175
PSAT/NMSQT & PSAT 10,Reading and Writing,9b10a012,pdfs/PSAT-NMSQT-PSAT10/Reading-and-Writing/part-005.pdf,176
PSAT/NMSQT & PSAT 10,Reading and Writing,71f4f8a5,pdfs/PSAT-NMSQT-PSAT10/Reading-and-Writing/part-005.pdf,177
PSAT/NMSQT & PSAT 10,Reading and Writing,51353153,pdfs/PSAT-NMSQT-PSAT10/Reading-and-Writing/part-005.pdf,178
PSAT/NMSQT & PSAT 10,Reading and Writing,67904746,pdfs/PSAT-NMSQT-PSAT10/Reading-and-Writing/part-005.pdf,179
PSAT/NMSQT & PSAT 10,Reading and Writing,0d397df2,pdfs/PSAT-NMSQT-PSAT10/Reading-and-Writing/part-005.pdf,180
PSAT/NMSQT & PSAT 10,Reading and Writing,c657b510,pdfs/PSAT-NMSQT-PSAT10/Reading-and-Writing/part-005.pdf,181
PSAT/NMSQT & PSAT 10,Reading and Writing,df7c7932,pdfs/PSAT-NMSQT-PSAT10/Reading-and-Writing/part-005.pdf,182
PSAT/NMSQT & PSAT 10,Reading and Writing,8de5071a,pdfs/PSAT-NMSQT-PSAT10/Reading-and-Writing/part-005.pdf,183
PSAT/NMSQT & PSAT 10,Reading and Writing,6db62513,pdfs/PSAT-NMSQT-PSAT10/Reading-and-Writing/part-005.pdf,184
PSAT/NMSQT & PSAT 10,Reading and Writing,4317ee4a,pdfs/PSAT-NMSQT-PSAT10/Reading-and-Writing/part-005.pdf,185
PSAT/NMSQT & PSAT 10,Reading and Writing,f0b5eb43,pdfs/PSAT-NMSQT-PSAT10/Reading-and-Writing/part-005.pdf,186
PSAT/NMSQT & PSAT 10,Reading and Writing,1621d2b8,pdfs/PSAT-NMSQT-PSAT10/Reading-and-Writing/part-005.pdf,187
PSAT/NMSQT & PSAT 10,Reading and Writing,97fa4431,pdfs/PSAT-NMSQT-PSAT10/Reading-and-Writing/part-005.pdf,188
PSAT/NMSQT & PSAT 10,Reading and Writing,59ef921b,pdfs/PSAT-NMSQT-PSAT10/Reading-and-Writing/part-005.pdf,189
PSAT/NMSQT & PSAT 10,Reading and Writing,1f0ab31e,pdfs/PSAT-NMSQT-PSAT10/Reading-and-Writing/part-005.pdf,190
PSAT/NMSQT & PSAT 10,Reading and Writing,6e5f637a,pdfs/PSAT-NMSQT-PSAT10/Reading-and-Writing/part-005.pdf,191
PSAT/NMSQT & PSAT 10,Reading and Writing,355670a5,pdfs/PSAT-NMSQT-PSAT10/Reading-and-Writing/part-005.pdf,192
PSAT/NMSQT & PSAT 10,Reading and Writing,1b4d1002,pdfs/PSAT-NMSQT-PSAT10/Reading-and-Writing/part-005.pdf,193
PSAT/NMSQT & PSAT 10,Reading and Writing,75422493,pdfs/PSAT-NMSQT-PSAT10/Reading-and-Writing/part-005.pdf,194
PSAT/NMSQT & PSAT 10,Reading and Writing,14306915,pdfs/PSAT-NMSQT-PSAT10/Reading-and-Writing/part-005.pdf,195
PSAT/NMSQT & PSAT 10,Reading and Writing,7a27d797,pdfs/PSAT-NMSQT-PSAT10/Reading-and-Writing/part-005.pdf,196
PSAT/NMSQT & PSAT 10,Reading and Writing,dcd68240,pdfs/PSAT-NMSQT-PSAT10/Reading-and-Writing/part-005.pdf,197
PSAT/NMSQT & PSAT 10,Reading and Writing,eb64c05f,pdfs/PSAT-NMSQT-PSAT10/Reading-and-Writing/part-005.pdf,198
PSAT/NMSQT & PSAT 10,Reading and Writing,2254ecf6,pdfs/PSAT-NMSQT-PSAT10/Reading-and-Writing/part-005.pdf,199
PSAT/NMSQT & PSAT 10,Reading and Writing,83e43230,pdfs/PSAT-NMSQT-PSAT10/Reading-and-Writing/part-005.pdf,200
PSAT/NMSQT & PSAT 10,Reading and Writing,f2ff982f,pdfs/PSAT-NMSQT-PSAT10/Reading-and-Writing/part-005.pdf,201
PSAT/NMSQT & PSAT 10,Reading and Writing,9ddca383,pdfs/PSAT-NMSQT-PSAT10/Reading-and-Writing/part-005.pdf,202
PSAT/NMSQT & PSAT 10,Reading and Writing,e7f05ca2,pdfs/PSAT-NMSQT-PSAT10/Reading-and-Writing/part-005.pdf,203
PSAT/NMSQT & PSAT 10,Reading and Writing,ac4b2c70,pdfs/PSAT-NMSQT-PSAT10/Reading-and-Writing/part-005.pdf,204
PSAT/NMSQT & PSAT 10,Reading and Writing,6c94ce56,pdfs/PSAT-NMSQT-PSAT10/Reading-and-Writing/part-005.pdf,205
PSAT/NMSQT & PSAT 10,Reading and Writing,e63fb031,pdfs/PSAT-NMSQT-PSAT10/Reading-and-Writing/part-005.pdf,206
PSAT/NMSQT & PSAT 10,Reading and Writing,81626a0e,pdfs/PSAT-NMSQT-PSAT10/Reading-and-Writing/part-005.pdf,207
PSAT/NMSQT & PSAT 10,Reading and Writing,9bdeee36,pdfs/PSAT-NMSQT-PSAT10/Reading-and-Writing/part-005.pdf,208
PSAT/NMSQT & PSAT 10,Reading and Writing,e3adf2fc,pdfs/PSAT-NMSQT-PSAT10/Reading-and-Writing/part-005.pdf,209
PSAT/NMSQT & PSAT 10,Reading and Writing,e04b3fb7,pdfs/PSAT-NMSQT-PSAT10/Reading-and-Writing/part-005.pdf,210
PSAT/NMSQT & PSAT 10,Reading and Writing,a2449945,pdfs/PSAT-NMSQT-PSAT10/Reading-and-Writing/part-005.pdf,211
PSAT/NMSQT & PSAT 10,Reading and Writing,567aa03d,pdfs/PSAT-NMSQT-PSAT10/Reading-and-Writing/part-005.pdf,212
PSAT/NMSQT & PSAT 10,Reading and Writing,c4e083ae,pdfs/PSAT-NMSQT-PSAT10/Reading-and-Writing/part-005.pdf,213
PSAT/NMSQT & PSAT 10,Reading and Writing,f78e1f28,pdfs/PSAT-NMSQT-PSAT10/Reading-and-Writing/part-005.pdf,214
PSAT/NMSQT & PSAT 10,Reading and Writing,c65b73fd,pdfs/PSAT-NMSQT-PSAT10/Reading-and-Writing/part-005.pdf,215
PSAT/NMSQT & PSAT 10,Reading and Writing,931ec749,pdfs/PSAT-NMSQT-PSAT10/Reading-and-Writing/part-005.pdf,216
PSAT/NMSQT & PSAT 10,Reading and Writing,7818e2c1,pdfs/PSAT-NMSQT-PSAT10/Reading-and-Writing/part-005.pdf,217
PSAT/NMSQT & PSAT 10,Reading and Writing,ce5a4b30,pdfs/PSAT-NMSQT-PSAT10/Reading-and-Writing/part-005.pdf,218
PSAT/NMSQT & PSAT 10,Reading and Writing,23507571,pdfs/PSAT-NMSQT-PSAT10/Reading-and-Writing/part-005.pdf,219
PSAT/NMSQT & PSAT 10,Reading and Writing,1bdd43d5,pdfs/PSAT-NMSQT-PSAT10/Reading-and-Writing/part-005.pdf,220
PSAT/NMSQT & PSAT 10,Reading and Writing,59c4d9d8,pdfs/PSAT-NMSQT-PSAT10/Reading-and-Writing/part-005.pdf,221
PSAT/NMSQT & PSAT 10,Reading and Writing,7237933f,pdfs/PSAT-NMSQT-PSAT10/Reading-and-Writing/part-005.pdf,222
PSAT/NMSQT & PSAT 10,Reading and Writing,558700f2,pdfs/PSAT-NMSQT-PSAT10/Reading-and-Writing/part-005.pdf,223
PSAT/NMSQT & PSAT 10,Reading and Writing,ce895702,pdfs/PSAT-NMSQT-PSAT10/Reading-and-Writing/part-005.pdf,224
PSAT/NMSQT & PSAT 10,Reading and Writing,bbcd773b,pdfs/PSAT-NMSQT-PSAT10/Reading-and-Writing/part-005.pdf,225
PSAT/NMSQT & PSAT 10,Reading and Writing,56042e66,pdfs/PSAT-NMSQT-PSAT10/Reading-and-Writing/part-005.pdf,226
PSAT/NMSQT & PSAT 10,Reading and Writing,011ac42e,pdfs/PSAT-NMSQT-PSAT10/Reading-and-Writing/part-005.pdf,227
PSAT/NMSQT & PSAT 10,Reading and Writing,7257566a,pdfs/PSAT-NMSQT-PSAT10/Reading-and-Writing/part-005.pdf,228
PSAT/NMSQT & PSAT 10,Reading and Writing,c04927f2,pdfs/PSAT-NMSQT-PSAT10/Reading-and-Writing/part-005.pdf,229
PSAT/NMSQT & PSAT 10,Reading and Writing,abacfd4a,pdfs/PSAT-NMSQT-PSAT10/Reading-and-Writing/part-005.pdf,230
PSAT/NMSQT & PSAT 10,Reading and Writing,7ee731f6,pdfs/PSAT-NMSQT-PSAT10/Reading-and-Writing/part-005.pdf,231
PSAT/NMSQT & PSAT 10,Reading and Writing,b64dbd3f,pdfs/PSAT-NMSQT-PSAT10/Reading-and-Writing/part-005.pdf,232
PSAT/NMSQT & PSAT 10,Reading and Writing,587fb288,pdfs/PSAT-NMSQT-PSAT10/Reading-and-Writing/part-005.pdf,233
PSAT/NMSQT & PSAT 10,Reading and Writing,2a9b1398,pdfs/PSAT-NMSQT-PSAT10/Reading-and-Writing/part-005.pdf,234
PSAT/NMSQT & PSAT 10,Reading and Writing,683b2c5e,pdfs/PSAT-NMSQT-PSAT10/Reading-and-Writing/part-005.pdf,235
PSAT/NMSQT & PSAT 10,Reading and Writing,9cda7487,pdfs/PSAT-NMSQT-PSAT10/Reading-and-Writing/part-005.pdf,236
PSAT/NMSQT & PSAT 10,Reading and Writing,69d69eac,pdfs/PSAT-NMSQT-PSAT10/Reading-and-Writing/part-005.pdf,237
PSAT/NMSQT & PSAT 10,Reading and Writing,cefb265e,pdfs/PSAT-NMSQT-PSAT10/Reading-and-Writing/part-005.pdf,238
PSAT/NMSQT & PSAT 10,Reading and Writing,67f2e137,pdfs/PSAT-NMSQT-PSAT10/Reading-and-Writing/part-005.pdf,239
PSAT/NMSQT & PSAT 10,Reading and Writing,87cbaa46,pdfs/PSAT-NMSQT-PSAT10/Reading-and-Writing/part-005.pdf,240
PSAT/NMSQT & PSAT 10,Reading and Writing,43443a3f,pdfs/PSAT-NMSQT-PSAT10/Reading-and-Writing/part-005.pdf,241
PSAT/NMSQT & PSAT 10,Reading and Writing,eecc07c6,pdfs/PSAT-NMSQT-PSAT10/Reading-and-Writing/part-005.pdf,242
PSAT/NMSQT & PSAT 10,Reading and Writing,83c646a9,pdfs/PSAT-NMSQT-PSAT10/Reading-and-Writing/part-005.pdf,243
PSAT/NMSQT & PSAT 10,Reading and Writing,96683dd3,pdfs/PSAT-NMSQT-PSAT10/Reading-and-Writing/part-005.pdf,244
PSAT/NMSQT & PSAT 10,Math,08683c12,pdfs/PSAT-NMSQT-PSAT10/Math/part-001.pdf,1
PSAT/NMSQT & PSAT 10,Math,307ae959,pdfs/PSAT-NMSQT-PSAT10/Math/part-001.pdf,2
PSAT/NMSQT & PSAT 10,Math,ae422489,pdfs/PSAT-NMSQT-PSAT10/Math/part-001.pdf,3
PSAT/NMSQT & PSAT 10,Math,f4bf5989,pdfs/PSAT-NMSQT-PSAT10/Math/part-001.pdf,4
PSAT/NMSQT & PSAT 10,Math,6755aede,pdfs/PSAT-NMSQT-PSAT10/Math/part-001.pdf,6
PSAT/NMSQT & PSAT 10,Math,f1691600,pdfs/PSAT-NMSQT-PSAT10/Math/part-001.pdf,7
PSAT/NMSQT & PSAT 10,Math,acae979c,pdfs/PSAT-NMSQT-PSAT10/Math/part-001.pdf,8
PSAT/NMSQT & PSAT 10,Math,8653d223,pdfs/PSAT-NMSQT-PSAT10/Math/part-001.pdf,9
PSAT/NMSQT & PSAT 10,Math,5ff841c0,pdfs/PSAT-NMSQT-PSAT10/Math/part-001.pdf,10
PSAT/NMSQT & PSAT 10,Math,df90c64b,pdfs/PSAT-NMSQT-PSAT10/Math/part-001.pdf,11
PSAT/NMSQT & PSAT 10,Math,59bebe61,pdfs/PSAT-NMSQT-PSAT10/Math/part-001.pdf,12
PSAT/NMSQT & PSAT 10,Math,82db5569,pdfs/PSAT-NMSQT-PSAT10/Math/part-001.pdf,13
PSAT/NMSQT & PSAT 10,Math,800df789,pdfs/PSAT-NMSQT-PSAT10/Math/part-001.pdf,14
PSAT/NMSQT & PSAT 10,Math,b7d0c930,pdfs/PSAT-NMSQT-PSAT10/Math/part-001.pdf,15
PSAT/NMSQT & PSAT 10,Math,805eb255,pdfs/PSAT-NMSQT-PSAT10/Math/part-001.pdf,16
PSAT/NMSQT & PSAT 10,Math,f20727ab,pdfs/PSAT-NMSQT-PSAT10/Math/part-001.pdf,17
PSAT/NMSQT & PSAT 10,Math,44628255,pdfs/PSAT-NMSQT-PSAT10/Math/part-001.pdf,19
PSAT/NMSQT & PSAT 10,Math,01061c57,pdfs/PSAT-NMSQT-PSAT10/Math/part-001.pdf,20
PSAT/NMSQT & PSAT 10,Math,06177a84,pdfs/PSAT-NMSQT-PSAT10/Math/part-001.pdf,21
PSAT/NMSQT & PSAT 10,Math,f920452e,pdfs/PSAT-NMSQT-PSAT10/Math/part-001.pdf,22
PSAT/NMSQT & PSAT 10,Math,47140851,pdfs/PSAT-NMSQT-PSAT10/Math/part-001.pdf,23
PSAT/NMSQT & PSAT 10,Math,cb60dc05,pdfs/PSAT-NMSQT-PSAT10/Math/part-001.pdf,24
PSAT/NMSQT & PSAT 10,Math,7c43a2b9,pdfs/PSAT-NMSQT-PSAT10/Math/part-001.pdf,25
PSAT/NMSQT & PSAT 10,Math,1540b9e8,pdfs/PSAT-NMSQT-PSAT10/Math/part-001.pdf,26
PSAT/NMSQT & PSAT 10,Math,b50c08e8,pdfs/PSAT-NMSQT-PSAT10/Math/part-001.pdf,27
PSAT/NMSQT & PSAT 10,Math,7a06809a,pdfs/PSAT-NMSQT-PSAT10/Math/part-001.pdf,28
PSAT/NMSQT & PSAT 10,Math,90ddf702,pdfs/PSAT-NMSQT-PSAT10/Math/part-001.pdf,29
PSAT/NMSQT & PSAT 10,Math,744f06c4,pdfs/PSAT-NMSQT-PSAT10/Math/part-001.pdf,30
PSAT/NMSQT & PSAT 10,Math,b470be2a,pdfs/PSAT-NMSQT-PSAT10/Math/part-001.pdf,31
PSAT/NMSQT & PSAT 10,Math,40247717,pdfs/PSAT-NMSQT-PSAT10/Math/part-001.pdf,32
PSAT/NMSQT & PSAT 10,Math,65e60b0f,pdfs/PSAT-NMSQT-PSAT10/Math/part-001.pdf,33
PSAT/NMSQT & PSAT 10,Math,94855ec8,pdfs/PSAT-NMSQT-PSAT10/Math/part-001.pdf,34
PSAT/NMSQT & PSAT 10,Math,f424bded,pdfs/PSAT-NMSQT-PSAT10/Math/part-001.pdf,35
PSAT/NMSQT & PSAT 10,Math,3a86ec1a,pdfs/PSAT-NMSQT-PSAT10/Math/part-001.pdf,37
PSAT/NMSQT & PSAT 10,Math,fc22c304,pdfs/PSAT-NMSQT-PSAT10/Math/part-001.pdf,39
PSAT/NMSQT & PSAT 10,Math,acebef79,pdfs/PSAT-NMSQT-PSAT10/Math/part-001.pdf,40
PSAT/NMSQT & PSAT 10,Math,1958e317,pdfs/PSAT-NMSQT-PSAT10/Math/part-001.pdf,41
PSAT/NMSQT & PSAT 10,Math,f88f2d0b,pdfs/PSAT-NMSQT-PSAT10/Math/part-001.pdf,42
PSAT/NMSQT & PSAT 10,Math,a8462f60,pdfs/PSAT-NMSQT-PSAT10/Math/part-001.pdf,43
PSAT/NMSQT & PSAT 10,Math,98eaaaec,pdfs/PSAT-NMSQT-PSAT10/Math/part-001.pdf,44
PSAT/NMSQT & PSAT 10,Math,27f126cd,pdfs/PSAT-NMSQT-PSAT10/Math/part-001.pdf,45
PSAT/NMSQT & PSAT 10,Math,a6158076,pdfs/PSAT-NMSQT-PSAT10/Math/part-001.pdf,47
PSAT/NMSQT & PSAT 10,Math,1ab635bf,pdfs/PSAT-NMSQT-PSAT10/Math/part-001.pdf,48
PSAT/NMSQT & PSAT 10,Math,3c655035,pdfs/PSAT-NMSQT-PSAT10/Math/part-001.pdf,49
PSAT/NMSQT & PSAT 10,Math,bde7d194,pdfs/PSAT-NMSQT-PSAT10/Math/part-001.pdf,50
PSAT/NMSQT & PSAT 10,Math,ccc822fe,pdfs/PSAT-NMSQT-PSAT10/Math/part-001.pdf,51
PSAT/NMSQT & PSAT 10,Math,03336631,pdfs/PSAT-NMSQT-PSAT10/Math/part-001.pdf,52
PSAT/NMSQT & PSAT 10,Math,fff56662,pdfs/PSAT-NMSQT-PSAT10/Math/part-001.pdf,53
PSAT/NMSQT & PSAT 10,Math,6d47fddb,pdfs/PSAT-NMSQT-PSAT10/Math/part-001.pdf,54
PSAT/NMSQT & PSAT 10,Math,3b81300f,pdfs/PSAT-NMSQT-PSAT10/Math/part-001.pdf,55
PSAT/NMSQT & PSAT 10,Math,6d50b840,pdfs/PSAT-NMSQT-PSAT10/Math/part-001.pdf,56
PSAT/NMSQT & PSAT 10,Math,3ab90001,pdfs/PSAT-NMSQT-PSAT10/Math/part-001.pdf,57
PSAT/NMSQT & PSAT 10,Math,f23e3706,pdfs/PSAT-NMSQT-PSAT10/Math/part-001.pdf,58
PSAT/NMSQT & PSAT 10,Math,5a95c966,pdfs/PSAT-NMSQT-PSAT10/Math/part-001.pdf,59
PSAT/NMSQT & PSAT 10,Math,1dffb5bd,pdfs/PSAT-NMSQT-PSAT10/Math/part-001.pdf,60
PSAT/NMSQT & PSAT 10,Math,01879453,pdfs/PSAT-NMSQT-PSAT10/Math/part-001.pdf,61
PSAT/NMSQT & PSAT 10,Math,d7a707d6,pdfs/PSAT-NMSQT-PSAT10/Math/part-001.pdf,62
PSAT/NMSQT & PSAT 10,Math,8c1ab285,pdfs/PSAT-NMSQT-PSAT10/Math/part-001.pdf,63
PSAT/NMSQT & PSAT 10,Math,4bfc2f87,pdfs/PSAT-NMSQT-PSAT10/Math/part-001.pdf,64
PSAT/NMSQT & PSAT 10,Math,b384738a,pdfs/PSAT-NMSQT-PSAT10/Math/part-001.pdf,65
PSAT/NMSQT & PSAT 10,Math,5ccc178f,pdfs/PSAT-NMSQT-PSAT10/Math/part-001.pdf,66
PSAT/NMSQT & PSAT 10,Math,f7e025b0,pdfs/PSAT-NMSQT-PSAT10/Math/part-001.pdf,67
PSAT/NMSQT & PSAT 10,Math,d9f526c3,pdfs/PSAT-NMSQT-PSAT10/Math/part-001.pdf,68
PSAT/NMSQT & PSAT 10,Math,012fa576,pdfs/PSAT-NMSQT-PSAT10/Math/part-001.pdf,69
PSAT/NMSQT & PSAT 10,Math,c9fd45f2,pdfs/PSAT-NMSQT-PSAT10/Math/part-001.pdf,70
PSAT/NMSQT & PSAT 10,Math,e5519e5f,pdfs/PSAT-NMSQT-PSAT10/Math/part-001.pdf,71
PSAT/NMSQT & PSAT 10,Math,9d291e55,pdfs/PSAT-NMSQT-PSAT10/Math/part-001.pdf,72
PSAT/NMSQT & PSAT 10,Math,039469e8,pdfs/PSAT-NMSQT-PSAT10/Math/part-001.pdf,73
PSAT/NMSQT & PSAT 10,Math,63c81c17,pdfs/PSAT-NMSQT-PSAT10/Math/part-001.pdf,74
PSAT/NMSQT & PSAT 10,Math,ac522578,pdfs/PSAT-NMSQT-PSAT10/Math/part-001.pdf,75
PSAT/NMSQT & PSAT 10,Math,ef493733,pdfs/PSAT-NMSQT-PSAT10/Math/part-001.pdf,76
PSAT/NMSQT & PSAT 10,Math,886d6066,pdfs/PSAT-NMSQT-PSAT10/Math/part-001.pdf,77
PSAT/NMSQT & PSAT 10,Math,7cdcc262,pdfs/PSAT-NMSQT-PSAT10/Math/part-001.pdf,78
PSAT/NMSQT & PSAT 10,Math,d7027ef0,pdfs/PSAT-NMSQT-PSAT10/Math/part-001.pdf,79
PSAT/NMSQT & PSAT 10,Math,f459857d,pdfs/PSAT-NMSQT-PSAT10/Math/part-001.pdf,80
PSAT/NMSQT & PSAT 10,Math,5be47e9d,pdfs/PSAT-NMSQT-PSAT10/Math/part-001.pdf,81
PSAT/NMSQT & PSAT 10,Math,07a63015,pdfs/PSAT-NMSQT-PSAT10/Math/part-001.pdf,82
PSAT/NMSQT & PSAT 10,Math,598a18ce,pdfs/PSAT-NMSQT-PSAT10/Math/part-001.pdf,83
PSAT/NMSQT & PSAT 10,Math,ef8282a3,pdfs/PSAT-NMSQT-PSAT10/Math/part-001.pdf,84
PSAT/NMSQT & PSAT 10,Math,c0b06579,pdfs/PSAT-NMSQT-PSAT10/Math/part-001.pdf,85
PSAT/NMSQT & PSAT 10,Math,5c4c7700,pdfs/PSAT-NMSQT-PSAT10/Math/part-001.pdf,86
PSAT/NMSQT & PSAT 10,Math,c4544a0a,pdfs/PSAT-NMSQT-PSAT10/Math/part-001.pdf,87
PSAT/NMSQT & PSAT 10,Math,b32cbcf8,pdfs/PSAT-NMSQT-PSAT10/Math/part-001.pdf,88
PSAT/NMSQT & PSAT 10,Math,0f2e3344,pdfs/PSAT-NMSQT-PSAT10/Math/part-001.pdf,89
PSAT/NMSQT & PSAT 10,Math,a9350ea1,pdfs/PSAT-NMSQT-PSAT10/Math/part-001.pdf,91
PSAT/NMSQT & PSAT 10,Math,6fb27007,pdfs/PSAT-NMSQT-PSAT10/Math/part-001.pdf,92
PSAT/NMSQT & PSAT 10,Math,3e035ab3,pdfs/PSAT-NMSQT-PSAT10/Math/part-001.pdf,93
PSAT/NMSQT & PSAT 10,Math,60600f1b,pdfs/PSAT-NMSQT-PSAT10/Math/part-001.pdf,94
PSAT/NMSQT & PSAT 10,Math,7566d7e0,pdfs/PSAT-NMSQT-PSAT10/Math/part-001.pdf,95
PSAT/NMSQT & PSAT 10,Math,7e10fc19,pdfs/PSAT-NMSQT-PSAT10/Math/part-001.pdf,96
PSAT/NMSQT & PSAT 10,Math,25bc5936,pdfs/PSAT-NMSQT-PSAT10/Math/part-001.pdf,97
PSAT/NMSQT & PSAT 10,Math,a35c8582,pdfs/PSAT-NMSQT-PSAT10/Math/part-001.pdf,98
PSAT/NMSQT & PSAT 10,Math,423f1e24,pdfs/PSAT-NMSQT-PSAT10/Math/part-001.pdf,99
PSAT/NMSQT & PSAT 10,Math,7e7f6601,pdfs/PSAT-NMSQT-PSAT10/Math/part-001.pdf,100
PSAT/NMSQT & PSAT 10,Math,162947f7,pdfs/PSAT-NMSQT-PSAT10/Math/part-001.pdf,101
PSAT/NMSQT & PSAT 10,Math,3d1ed4eb,pdfs/PSAT-NMSQT-PSAT10/Math/part-001.pdf,102
PSAT/NMSQT & PSAT 10,Math,1046b814,pdfs/PSAT-NMSQT-PSAT10/Math/part-001.pdf,103
PSAT/NMSQT & PSAT 10,Math,da5e343d,pdfs/PSAT-NMSQT-PSAT10/Math/part-001.pdf,104
PSAT/NMSQT & PSAT 10,Math,aa631ec3,pdfs/PSAT-NMSQT-PSAT10/Math/part-001.pdf,105
PSAT/NMSQT & PSAT 10,Math,c925cab3,pdfs/PSAT-NMSQT-PSAT10/Math/part-001.pdf,106
PSAT/NMSQT & PSAT 10,Math,54ff5562,pdfs/PSAT-NMSQT-PSAT10/Math/part-001.pdf,107
PSAT/NMSQT & PSAT 10,Math,6024b36e,pdfs/PSAT-NMSQT-PSAT10/Math/part-001.pdf,108
PSAT/NMSQT & PSAT 10,Math,769715ea,pdfs/PSAT-NMSQT-PSAT10/Math/part-001.pdf,109
PSAT/NMSQT & PSAT 10,Math,71b68b97,pdfs/PSAT-NMSQT-PSAT10/Math/part-001.pdf,110
PSAT/NMSQT & PSAT 10,Math,f5eadf4d,pdfs/PSAT-NMSQT-PSAT10/Math/part-001.pdf,111
PSAT/NMSQT & PSAT 10,Math,6fb92b4e,pdfs/PSAT-NMSQT-PSAT10/Math/part-001.pdf,112
PSAT/NMSQT & PSAT 10,Math,21be1363,pdfs/PSAT-NMSQT-PSAT10/Math/part-001.pdf,113
PSAT/NMSQT & PSAT 10,Math,38219e70,pdfs/PSAT-NMSQT-PSAT10/Math/part-001.pdf,114
PSAT/NMSQT & PSAT 10,Math,7b60594b,pdfs/PSAT-NMSQT-PSAT10/Math/part-001.pdf,115
PSAT/NMSQT & PSAT 10,Math,bb8bb5ec,pdfs/PSAT-NMSQT-PSAT10/Math/part-001.pdf,116
PSAT/NMSQT & PSAT 10,Math,0ebba7c8,pdfs/PSAT-NMSQT-PSAT10/Math/part-001.pdf,117
PSAT/NMSQT & PSAT 10,Math,0c6ceaae,pdfs/PSAT-NMSQT-PSAT10/Math/part-001.pdf,118
PSAT/NMSQT & PSAT 10,Math,6faf3f15,pdfs/PSAT-NMSQT-PSAT10/Math/part-001.pdf,119
PSAT/NMSQT & PSAT 10,Math,f7ac35f6,pdfs/PSAT-NMSQT-PSAT10/Math/part-001.pdf,120
PSAT/NMSQT & PSAT 10,Math,f47304ad,pdfs/PSAT-NMSQT-PSAT10/Math/part-001.pdf,121
PSAT/NMSQT & PSAT 10,Math,5ce12cd7,pdfs/PSAT-NMSQT-PSAT10/Math/part-001.pdf,122
PSAT/NMSQT & PSAT 10,Math,fa42f46b,pdfs/PSAT-NMSQT-PSAT10/Math/part-001.pdf,123
PSAT/NMSQT & PSAT 10,Math,a3b9a5ca,pdfs/PSAT-NMSQT-PSAT10/Math/part-001.pdf,124
PSAT/NMSQT & PSAT 10,Math,20602a87,pdfs/PSAT-NMSQT-PSAT10/Math/part-001.pdf,125
PSAT/NMSQT & PSAT 10,Math,6f77df1d,pdfs/PSAT-NMSQT-PSAT10/Math/part-001.pdf,126
PSAT/NMSQT & PSAT 10,Math,5cff34b6,pdfs/PSAT-NMSQT-PSAT10/Math/part-001.pdf,127
PSAT/NMSQT & PSAT 10,Math,1242d2e2,pdfs/PSAT-NMSQT-PSAT10/Math/part-001.pdf,128
PSAT/NMSQT & PSAT 10,Math,fe6650b0,pdfs/PSAT-NMSQT-PSAT10/Math/part-001.pdf,129
PSAT/NMSQT & PSAT 10,Math,1320bcce,pdfs/PSAT-NMSQT-PSAT10/Math/part-001.pdf,130
PSAT/NMSQT & PSAT 10,Math,ae7dd9bc,pdfs/PSAT-NMSQT-PSAT10/Math/part-001.pdf,131
PSAT/NMSQT & PSAT 10,Math,17cd7664,pdfs/PSAT-NMSQT-PSAT10/Math/part-001.pdf,132
PSAT/NMSQT & PSAT 10,Math,cba2ff2f,pdfs/PSAT-NMSQT-PSAT10/Math/part-001.pdf,133
PSAT/NMSQT & PSAT 10,Math,c4d05e2f,pdfs/PSAT-NMSQT-PSAT10/Math/part-001.pdf,134
PSAT/NMSQT & PSAT 10,Math,dd4c4a83,pdfs/PSAT-NMSQT-PSAT10/Math/part-001.pdf,135
PSAT/NMSQT & PSAT 10,Math,309a89d1,pdfs/PSAT-NMSQT-PSAT10/Math/part-001.pdf,136
PSAT/NMSQT & PSAT 10,Math,cd14a804,pdfs/PSAT-NMSQT-PSAT10/Math/part-001.pdf,137
PSAT/NMSQT & PSAT 10,Math,c45eca81,pdfs/PSAT-NMSQT-PSAT10/Math/part-001.pdf,138
PSAT/NMSQT & PSAT 10,Math,31d64848,pdfs/PSAT-NMSQT-PSAT10/Math/part-001.pdf,140
PSAT/NMSQT & PSAT 10,Math,03898301,pdfs/PSAT-NMSQT-PSAT10/Math/part-001.pdf,141
PSAT/NMSQT & PSAT 10,Math,3cee8cca,pdfs/PSAT-NMSQT-PSAT10/Math/part-001.pdf,142
PSAT/NMSQT & PSAT 10,Math,c7959fe6,pdfs/PSAT-NMSQT-PSAT10/Math/part-001.pdf,143
PSAT/NMSQT & PSAT 10,Math,5d5d8654,pdfs/PSAT-NMSQT-PSAT10/Math/part-001.pdf,144
PSAT/NMSQT & PSAT 10,Math,0e948ef8,pdfs/PSAT-NMSQT-PSAT10/Math/part-001.pdf,145
PSAT/NMSQT & PSAT 10,Math,16d691fe,pdfs/PSAT-NMSQT-PSAT10/Math/part-001.pdf,146
PSAT/NMSQT & PSAT 10,Math,37ed096a,pdfs/PSAT-NMSQT-PSAT10/Math/part-001.pdf,147
PSAT/NMSQT & PSAT 10,Math,af98c0d4,pdfs/PSAT-NMSQT-PSAT10/Math/part-001.pdf,149
PSAT/NMSQT & PSAT 10,Math,3d9d0109,pdfs/PSAT-NMSQT-PSAT10/Math/part-001.pdf,150
PSAT/NMSQT & PSAT 10,Math,32d38840,pdfs/PSAT-NMSQT-PSAT10/Math/part-001.pdf,151
PSAT/NMSQT & PSAT 10,Math,cdc37575,pdfs/PSAT-NMSQT-PSAT10/Math/part-001.pdf,152
PSAT/NMSQT & PSAT 10,Math,46f5ff5b,pdfs/PSAT-NMSQT-PSAT10/Math/part-001.pdf,153
PSAT/NMSQT & PSAT 10,Math,19c0375e,pdfs/PSAT-NMSQT-PSAT10/Math/part-001.pdf,154
PSAT/NMSQT & PSAT 10,Math,1cb0ae63,pdfs/PSAT-NMSQT-PSAT10/Math/part-001.pdf,155
PSAT/NMSQT & PSAT 10,Math,1ad5de46,pdfs/PSAT-NMSQT-PSAT10/Math/part-001.pdf,156
PSAT/NMSQT & PSAT 10,Math,f197f7ff,pdfs/PSAT-NMSQT-PSAT10/Math/part-001.pdf,157
PSAT/NMSQT & PSAT 10,Math,ee2d74f9,pdfs/PSAT-NMSQT-PSAT10/Math/part-001.pdf,159
PSAT/NMSQT & PSAT 10,Math,acb5b341,pdfs/PSAT-NMSQT-PSAT10/Math/part-001.pdf,160
PSAT/NMSQT & PSAT 10,Math,cdf143a7,pdfs/PSAT-NMSQT-PSAT10/Math/part-001.pdf,161
PSAT/NMSQT & PSAT 10,Math,7325e128,pdfs/PSAT-NMSQT-PSAT10/Math/part-001.pdf,162
PSAT/NMSQT & PSAT 10,Math,0801ff87,pdfs/PSAT-NMSQT-PSAT10/Math/part-001.pdf,163
PSAT/NMSQT & PSAT 10,Math,67844ea4,pdfs/PSAT-NMSQT-PSAT10/Math/part-001.pdf,164
PSAT/NMSQT & PSAT 10,Math,4f421bb9,pdfs/PSAT-NMSQT-PSAT10/Math/part-001.pdf,165
PSAT/NMSQT & PSAT 10,Math,6095a256,pdfs/PSAT-NMSQT-PSAT10/Math/part-001.pdf,166
PSAT/NMSQT & PSAT 10,Math,3e65365e,pdfs/PSAT-NMSQT-PSAT10/Math/part-001.pdf,167
PSAT/NMSQT & PSAT 10,Math,fffde189,pdfs/PSAT-NMSQT-PSAT10/Math/part-001.pdf,168
PSAT/NMSQT & PSAT 10,Math,6254d9c2,pdfs/PSAT-NMSQT-PSAT10/Math/part-001.pdf,169
PSAT/NMSQT & PSAT 10,Math,b81b8429,pdfs/PSAT-NMSQT-PSAT10/Math/part-001.pdf,170
PSAT/NMSQT & PSAT 10,Math,33a3ca69,pdfs/PSAT-NMSQT-PSAT10/Math/part-001.pdf,171
PSAT/NMSQT & PSAT 10,Math,3e20653d,pdfs/PSAT-NMSQT-PSAT10/Math/part-001.pdf,172
PSAT/NMSQT & PSAT 10,Math,1558a400,pdfs/PSAT-NMSQT-PSAT10/Math/part-001.pdf,173
PSAT/NMSQT & PSAT 10,Math,ea2cc579,pdfs/PSAT-NMSQT-PSAT10/Math/part-001.pdf,174
PSAT/NMSQT & PSAT 10,Math,f71148ca,pdfs/PSAT-NMSQT-PSAT10/Math/part-001.pdf,175
PSAT/NMSQT & PSAT 10,Math,94421256,pdfs/PSAT-NMSQT-PSAT10/Math/part-001.pdf,176
PSAT/NMSQT & PSAT 10,Math,97fe4d49,pdfs/PSAT-NMSQT-PSAT10/Math/part-001.pdf,177
PSAT/NMSQT & PSAT 10,Math,2b376612,pdfs/PSAT-NMSQT-PSAT10/Math/part-001.pdf,179
PSAT/NMSQT & PSAT 10,Math,28eeb164,pdfs/PSAT-NMSQT-PSAT10/Math/part-001.pdf,180
PSAT/NMSQT & PSAT 10,Math,432d2b51,pdfs/PSAT-NMSQT-PSAT10/Math/part-001.pdf,181
PSAT/NMSQT & PSAT 10,Math,b25007fd,pdfs/PSAT-NMSQT-PSAT10/Math/part-001.pdf,182
PSAT/NMSQT & PSAT 10,Math,94a8ab53,pdfs/PSAT-NMSQT-PSAT10/Math/part-001.pdf,183
PSAT/NMSQT & PSAT 10,Math,5d6261af,pdfs/PSAT-NMSQT-PSAT10/Math/part-001.pdf,184
PSAT/NMSQT & PSAT 10,Math,d6982ebc,pdfs/PSAT-NMSQT-PSAT10/Math/part-001.pdf,185
PSAT/NMSQT & PSAT 10,Math,641b9e82,pdfs/PSAT-NMSQT-PSAT10/Math/part-001.pdf,186
PSAT/NMSQT & PSAT 10,Math,6b53dcc7,pdfs/PSAT-NMSQT-PSAT10/Math/part-001.pdf,187
PSAT/NMSQT & PSAT 10,Math,bff2dfa7,pdfs/PSAT-NMSQT-PSAT10/Math/part-001.pdf,188
PSAT/NMSQT & PSAT 10,Math,926fc15f,pdfs/PSAT-NMSQT-PSAT10/Math/part-001.pdf,189
PSAT/NMSQT & PSAT 10,Math,0c2ac6bf,pdfs/PSAT-NMSQT-PSAT10/Math/part-001.pdf,190
PSAT/NMSQT & PSAT 10,Math,caf12931,pdfs/PSAT-NMSQT-PSAT10/Math/part-001.pdf,191
PSAT/NMSQT & PSAT 10,Math,45725e62,pdfs/PSAT-NMSQT-PSAT10/Math/part-001.pdf,192
PSAT/NMSQT & PSAT 10,Math,44e83849,pdfs/PSAT-NMSQT-PSAT10/Math/part-001.pdf,193
PSAT/NMSQT & PSAT 10,Math,ccbb32d4,pdfs/PSAT-NMSQT-PSAT10/Math/part-001.pdf,194
PSAT/NMSQT & PSAT 10,Math,32425ac3,pdfs/PSAT-NMSQT-PSAT10/Math/part-001.pdf,195
PSAT/NMSQT & PSAT 10,Math,7e79fe40,pdfs/PSAT-NMSQT-PSAT10/Math/part-001.pdf,196
PSAT/NMSQT & PSAT 10,Math,05bc9a53,pdfs/PSAT-NMSQT-PSAT10/Math/part-001.pdf,197
PSAT/NMSQT & PSAT 10,Math,827d8d7c,pdfs/PSAT-NMSQT-PSAT10/Math/part-001.pdf,198
PSAT/NMSQT & PSAT 10,Math,f58609aa,pdfs/PSAT-NMSQT-PSAT10/Math/part-001.pdf,199
PSAT/NMSQT & PSAT 10,Math,1d1754de,pdfs/PSAT-NMSQT-PSAT10/Math/part-001.pdf,200
PSAT/NMSQT & PSAT 10,Math,42bac1f6,pdfs/PSAT-NMSQT-PSAT10/Math/part-001.pdf,201
PSAT/NMSQT & PSAT 10,Math,75790a4d,pdfs/PSAT-NMSQT-PSAT10/Math/part-001.pdf,202
PSAT/NMSQT & PSAT 10,Math,4c6193ba,pdfs/PSAT-NMSQT-PSAT10/Math/part-001.pdf,203
PSAT/NMSQT & PSAT 10,Math,007821bf,pdfs/PSAT-NMSQT-PSAT10/Math/part-001.pdf,204
PSAT/NMSQT & PSAT 10,Math,7eb6f0d6,pdfs/PSAT-NMSQT-PSAT10/Math/part-001.pdf,205
PSAT/NMSQT & PSAT 10,Math,c4e4a49c,pdfs/PSAT-NMSQT-PSAT10/Math/part-001.pdf,206
PSAT/NMSQT & PSAT 10,Math,6fed7a55,pdfs/PSAT-NMSQT-PSAT10/Math/part-001.pdf,207
PSAT/NMSQT & PSAT 10,Math,c1a04cec,pdfs/PSAT-NMSQT-PSAT10/Math/part-001.pdf,208
PSAT/NMSQT & PSAT 10,Math,40241cb5,pdfs/PSAT-NMSQT-PSAT10/Math/part-001.pdf,209
PSAT/NMSQT & PSAT 10,Math,4258a185,pdfs/PSAT-NMSQT-PSAT10/Math/part-001.pdf,210
PSAT/NMSQT & PSAT 10,Math,bc4926da,pdfs/PSAT-NMSQT-PSAT10/Math/part-001.pdf,211
PSAT/NMSQT & PSAT 10,Math,570fd20e,pdfs/PSAT-NMSQT-PSAT10/Math/part-001.pdf,212
PSAT/NMSQT & PSAT 10,Math,14fb6f4d,pdfs/PSAT-NMSQT-PSAT10/Math/part-001.pdf,213
PSAT/NMSQT & PSAT 10,Math,2de9125f,pdfs/PSAT-NMSQT-PSAT10/Math/part-001.pdf,214
PSAT/NMSQT & PSAT 10,Math,d84e37fe,pdfs/PSAT-NMSQT-PSAT10/Math/part-001.pdf,215
PSAT/NMSQT & PSAT 10,Math,5b6adc70,pdfs/PSAT-NMSQT-PSAT10/Math/part-001.pdf,216
PSAT/NMSQT & PSAT 10,Math,09a7eff8,pdfs/PSAT-NMSQT-PSAT10/Math/part-001.pdf,217
PSAT/NMSQT & PSAT 10,Math,3d2f971d,pdfs/PSAT-NMSQT-PSAT10/Math/part-001.pdf,218
PSAT/NMSQT & PSAT 10,Math,58a0b67c,pdfs/PSAT-NMSQT-PSAT10/Math/part-001.pdf,219
PSAT/NMSQT & PSAT 10,Math,125b8f58,pdfs/PSAT-NMSQT-PSAT10/Math/part-001.pdf,220
PSAT/NMSQT & PSAT 10,Math,8c2f6c56,pdfs/PSAT-NMSQT-PSAT10/Math/part-001.pdf,221
PSAT/NMSQT & PSAT 10,Math,df83cd41,pdfs/PSAT-NMSQT-PSAT10/Math/part-001.pdf,222
PSAT/NMSQT & PSAT 10,Math,06aedba2,pdfs/PSAT-NMSQT-PSAT10/Math/part-001.pdf,223
PSAT/NMSQT & PSAT 10,Math,cf927f81,pdfs/PSAT-NMSQT-PSAT10/Math/part-001.pdf,224
PSAT/NMSQT & PSAT 10,Math,86e23b4f,pdfs/PSAT-NMSQT-PSAT10/Math/part-001.pdf,225
PSAT/NMSQT & PSAT 10,Math,f17d4f81,pdfs/PSAT-NMSQT-PSAT10/Math/part-001.pdf,226
PSAT/NMSQT & PSAT 10,Math,305ae9e7,pdfs/PSAT-NMSQT-PSAT10/Math/part-001.pdf,227
PSAT/NMSQT & PSAT 10,Math,ee657775,pdfs/PSAT-NMSQT-PSAT10/Math/part-001.pdf,228
PSAT/NMSQT & PSAT 10,Math,fa94707e,pdfs/PSAT-NMSQT-PSAT10/Math/part-001.pdf,229
PSAT/NMSQT & PSAT 10,Math,cf1c5e86,pdfs/PSAT-NMSQT-PSAT10/Math/part-001.pdf,230
PSAT/NMSQT & PSAT 10,Math,ef94e410,pdfs/PSAT-NMSQT-PSAT10/Math/part-001.pdf,231
PSAT/NMSQT & PSAT 10,Math,ab4ade30,pdfs/PSAT-NMSQT-PSAT10/Math/part-001.pdf,232
PSAT/NMSQT & PSAT 10,Math,a04ae008,pdfs/PSAT-NMSQT-PSAT10/Math/part-001.pdf,233
PSAT/NMSQT & PSAT 10,Math,f7233cde,pdfs/PSAT-NMSQT-PSAT10/Math/part-001.pdf,234
PSAT/NMSQT & PSAT 10,Math,eddaec12,pdfs/PSAT-NMSQT-PSAT10/Math/part-001.pdf,236
PSAT/NMSQT & PSAT 10,Math,a32deb6c,pdfs/PSAT-NMSQT-PSAT10/Math/part-001.pdf,237
PSAT/NMSQT & PSAT 10,Math,9d200e42,pdfs/PSAT-NMSQT-PSAT10/Math/part-001.pdf,238
PSAT/NMSQT & PSAT 10,Math,ce93a764,pdfs/PSAT-NMSQT-PSAT10/Math/part-001.pdf,239
PSAT/NMSQT & PSAT 10,Math,f9af2f48,pdfs/PSAT-NMSQT-PSAT10/Math/part-001.pdf,240
PSAT/NMSQT & PSAT 10,Math,98aba0ff,pdfs/PSAT-NMSQT-PSAT10/Math/part-001.pdf,241
PSAT/NMSQT & PSAT 10,Math,720e8048,pdfs/PSAT-NMSQT-PSAT10/Math/part-001.pdf,242
PSAT/NMSQT & PSAT 10,Math,afacde18,pdfs/PSAT-NMSQT-PSAT10/Math/part-001.pdf,243
PSAT/NMSQT & PSAT 10,Math,7bdc9161,pdfs/PSAT-NMSQT-PSAT10/Math/part-001.pdf,244
PSAT/NMSQT & PSAT 10,Math,b015c355,pdfs/PSAT-NMSQT-PSAT10/Math/part-001.pdf,245
PSAT/NMSQT & PSAT 10,Math,0fd4cc7d,pdfs/PSAT-NMSQT-PSAT10/Math/part-001.pdf,246
PSAT/NMSQT & PSAT 10,Math,2f914ce3,pdfs/PSAT-NMSQT-PSAT10/Math/part-001.pdf,247
PSAT/NMSQT & PSAT 10,Math,79bb714d,pdfs/PSAT-NMSQT-PSAT10/Math/part-001.pdf,248
PSAT/NMSQT & PSAT 10,Math,2dd0703b,pdfs/PSAT-NMSQT-PSAT10/Math/part-001.pdf,249
PSAT/NMSQT & PSAT 10,Math,250f664c,pdfs/PSAT-NMSQT-PSAT10/Math/part-001.pdf,250
PSAT/NMSQT & PSAT 10,Math,7a0aab71,pdfs/PSAT-NMSQT-PSAT10/Math/part-001.pdf,251
PSAT/NMSQT & PSAT 10,Math,c8deeccd,pdfs/PSAT-NMSQT-PSAT10/Math/part-001.pdf,252
PSAT/NMSQT & PSAT 10,Math,59ed1b61,pdfs/PSAT-NMSQT-PSAT10/Math/part-001.pdf,253
PSAT/NMSQT & PSAT 10,Math,1d7fd464,pdfs/PSAT-NMSQT-PSAT10/Math/part-001.pdf,254
PSAT/NMSQT & PSAT 10,Math,9f15bfd2,pdfs/PSAT-NMSQT-PSAT10/Math/part-001.pdf,255
PSAT/NMSQT & PSAT 10,Math,4d5e111a,pdfs/PSAT-NMSQT-PSAT10/Math/part-001.pdf,256
PSAT/NMSQT & PSAT 10,Math,5897feb9,pdfs/PSAT-NMSQT-PSAT10/Math/part-001.pdf,257
PSAT/NMSQT & PSAT 10,Math,dbb1c51a,pdfs/PSAT-NMSQT-PSAT10/Math/part-001.pdf,258
PSAT/NMSQT & PSAT 10,Math,b8d6fbb0,pdfs/PSAT-NMSQT-PSAT10/Math/part-001.pdf,259
PSAT/NMSQT & PSAT 10,Math,74f40410,pdfs/PSAT-NMSQT-PSAT10/Math/part-001.pdf,260
PSAT/NMSQT & PSAT 10,Math,339a7e2e,pdfs/PSAT-NMSQT-PSAT10/Math/part-001.pdf,261
PSAT/NMSQT & PSAT 10,Math,570ad45e,pdfs/PSAT-NMSQT-PSAT10/Math/part-001.pdf,262
PSAT/NMSQT & PSAT 10,Math,e23f97f6,pdfs/PSAT-NMSQT-PSAT10/Math/part-001.pdf,263
PSAT/NMSQT & PSAT 10,Math,6a35d908,pdfs/PSAT-NMSQT-PSAT10/Math/part-001.pdf,264
PSAT/NMSQT & PSAT 10,Math,e2483097,pdfs/PSAT-NMSQT-PSAT10/Math/part-001.pdf,265
PSAT/NMSQT & PSAT 10,Math,9a7b9556,pdfs/PSAT-NMSQT-PSAT10/Math/part-001.pdf,266
PSAT/NMSQT & PSAT 10,Math,d2c1ea67,pdfs/PSAT-NMSQT-PSAT10/Math/part-001.pdf,267
PSAT/NMSQT & PSAT 10,Math,c6bafa71,pdfs/PSAT-NMSQT-PSAT10/Math/part-001.pdf,268
PSAT/NMSQT & PSAT 10,Math,7c7a3e14,pdfs/PSAT-NMSQT-PSAT10/Math/part-001.pdf,269
PSAT/NMSQT & PSAT 10,Math,8a5eaf62,pdfs/PSAT-NMSQT-PSAT10/Math/part-001.pdf,270
PSAT/NMSQT & PSAT 10,Math,384c9610,pdfs/PSAT-NMSQT-PSAT10/Math/part-001.pdf,271
PSAT/NMSQT & PSAT 10,Math,ae08119a,pdfs/PSAT-NMSQT-PSAT10/Math/part-001.pdf,272
PSAT/NMSQT & PSAT 10,Math,722abfbc,pdfs/PSAT-NMSQT-PSAT10/Math/part-001.pdf,273
PSAT/NMSQT & PSAT 10,Math,75d77948,pdfs/PSAT-NMSQT-PSAT10/Math/part-001.pdf,274
PSAT/NMSQT & PSAT 10,Math,e2d1e310,pdfs/PSAT-NMSQT-PSAT10/Math/part-001.pdf,275
PSAT/NMSQT & PSAT 10,Math,d28684cb,pdfs/PSAT-NMSQT-PSAT10/Math/part-001.pdf,276
PSAT/NMSQT & PSAT 10,Math,1f57628a,pdfs/PSAT-NMSQT-PSAT10/Math/part-001.pdf,277
PSAT/NMSQT & PSAT 10,Math,981173a3,pdfs/PSAT-NMSQT-PSAT10/Math/part-001.pdf,278
PSAT/NMSQT & PSAT 10,Math,6f1a6f88,pdfs/PSAT-NMSQT-PSAT10/Math/part-001.pdf,279
PSAT/NMSQT & PSAT 10,Math,5260bdac,pdfs/PSAT-NMSQT-PSAT10/Math/part-001.pdf,280
PSAT/NMSQT & PSAT 10,Math,5f7780d5,pdfs/PSAT-NMSQT-PSAT10/Math/part-001.pdf,281
PSAT/NMSQT & PSAT 10,Math,a100bcd8,pdfs/PSAT-NMSQT-PSAT10/Math/part-001.pdf,282
PSAT/NMSQT & PSAT 10,Math,0b6114cc,pdfs/PSAT-NMSQT-PSAT10/Math/part-001.pdf,283
PSAT/NMSQT & PSAT 10,Math,21695220,pdfs/PSAT-NMSQT-PSAT10/Math/part-001.pdf,284
PSAT/NMSQT & PSAT 10,Math,3cc00a2a,pdfs/PSAT-NMSQT-PSAT10/Math/part-001.pdf,286
PSAT/NMSQT & PSAT 10,Math,00cbaf6c,pdfs/PSAT-NMSQT-PSAT10/Math/part-001.pdf,287
PSAT/NMSQT & PSAT 10,Math,521f752f,pdfs/PSAT-NMSQT-PSAT10/Math/part-001.pdf,288
PSAT/NMSQT & PSAT 10,Math,d47e5091,pdfs/PSAT-NMSQT-PSAT10/Math/part-001.pdf,289
PSAT/NMSQT & PSAT 10,Math,592885a7,pdfs/PSAT-NMSQT-PSAT10/Math/part-001.pdf,290
PSAT/NMSQT & PSAT 10,Math,353e4624,pdfs/PSAT-NMSQT-PSAT10/Math/part-001.pdf,291
PSAT/NMSQT & PSAT 10,Math,758ecc86,pdfs/PSAT-NMSQT-PSAT10/Math/part-001.pdf,292
PSAT/NMSQT & PSAT 10,Math,125c6bd4,pdfs/PSAT-NMSQT-PSAT10/Math/part-001.pdf,293
PSAT/NMSQT & PSAT 10,Math,8bd943aa,pdfs/PSAT-NMSQT-PSAT10/Math/part-001.pdf,294
PSAT/NMSQT & PSAT 10,Math,6b274f0d,pdfs/PSAT-NMSQT-PSAT10/Math/part-001.pdf,295
PSAT/NMSQT & PSAT 10,Math,4f626474,pdfs/PSAT-NMSQT-PSAT10/Math/part-001.pdf,296
PSAT/NMSQT & PSAT 10,Math,f7c30078,pdfs/PSAT-NMSQT-PSAT10/Math/part-001.pdf,297
PSAT/NMSQT & PSAT 10,Math,07ad0807,pdfs/PSAT-NMSQT-PSAT10/Math/part-001.pdf,298
PSAT/NMSQT & PSAT 10,Math,2f238a2a,pdfs/PSAT-NMSQT-PSAT10/Math/part-001.pdf,299
PSAT/NMSQT & PSAT 10,Math,fe2f6676,pdfs/PSAT-NMSQT-PSAT10/Math/part-001.pdf,300
PSAT/NMSQT & PSAT 10,Math,3ea895d2,pdfs/PSAT-NMSQT-PSAT10/Math/part-001.pdf,301
PSAT/NMSQT & PSAT 10,Math,36b81e8a,pdfs/PSAT-NMSQT-PSAT10/Math/part-001.pdf,302
PSAT/NMSQT & PSAT 10,Math,4138a37f,pdfs/PSAT-NMSQT-PSAT10/Math/part-001.pdf,303
PSAT/NMSQT & PSAT 10,Math,7a5cde5e,pdfs/PSAT-NMSQT-PSAT10/Math/part-001.pdf,304
PSAT/NMSQT & PSAT 10,Math,78423487,pdfs/PSAT-NMSQT-PSAT10/Math/part-001.pdf,305
PSAT/NMSQT & PSAT 10,Math,847629a2,pdfs/PSAT-NMSQT-PSAT10/Math/part-001.pdf,306
PSAT/NMSQT & PSAT 10,Math,4380f28c,pdfs/PSAT-NMSQT-PSAT10/Math/part-001.pdf,307
PSAT/NMSQT & PSAT 10,Math,b1fcc614,pdfs/PSAT-NMSQT-PSAT10/Math/part-001.pdf,309
PSAT/NMSQT & PSAT 10,Math,79694dda,pdfs/PSAT-NMSQT-PSAT10/Math/part-001.pdf,310
PSAT/NMSQT & PSAT 10,Math,cfec02fa,pdfs/PSAT-NMSQT-PSAT10/Math/part-001.pdf,311
PSAT/NMSQT & PSAT 10,Math,09f00133,pdfs/PSAT-NMSQT-PSAT10/Math/part-001.pdf,312
PSAT/NMSQT & PSAT 10,Math,15706157,pdfs/PSAT-NMSQT-PSAT10/Math/part-001.pdf,313
PSAT/NMSQT & PSAT 10,Math,61df6d13,pdfs/PSAT-NMSQT-PSAT10/Math/part-001.pdf,315
PSAT/NMSQT & PSAT 10,Math,30c27068,pdfs/PSAT-NMSQT-PSAT10/Math/part-001.pdf,316
PSAT/NMSQT & PSAT 10,Math,64c0b43f,pdfs/PSAT-NMSQT-PSAT10/Math/part-001.pdf,317
PSAT/NMSQT & PSAT 10,Math,a5f15c69,pdfs/PSAT-NMSQT-PSAT10/Math/part-001.pdf,318
PSAT/NMSQT & PSAT 10,Math,e6edb4d7,pdfs/PSAT-NMSQT-PSAT10/Math/part-001.pdf,319
PSAT/NMSQT & PSAT 10,Math,72208597,pdfs/PSAT-NMSQT-PSAT10/Math/part-001.pdf,320
PSAT/NMSQT & PSAT 10,Math,4e9246ee,pdfs/PSAT-NMSQT-PSAT10/Math/part-001.pdf,321
PSAT/NMSQT & PSAT 10,Math,8eb81159,pdfs/PSAT-NMSQT-PSAT10/Math/part-001.pdf,322
PSAT/NMSQT & PSAT 10,Math,0c2ee259,pdfs/PSAT-NMSQT-PSAT10/Math/part-001.pdf,323
PSAT/NMSQT & PSAT 10,Math,a0c23bfa,pdfs/PSAT-NMSQT-PSAT10/Math/part-001.pdf,324
PSAT/NMSQT & PSAT 10,Math,6fb32ac2,pdfs/PSAT-NMSQT-PSAT10/Math/part-001.pdf,325
PSAT/NMSQT & PSAT 10,Math,9229efd3,pdfs/PSAT-NMSQT-PSAT10/Math/part-001.pdf,327
PSAT/NMSQT & PSAT 10,Math,5f5c1fac,pdfs/PSAT-NMSQT-PSAT10/Math/part-001.pdf,329
PSAT/NMSQT & PSAT 10,Math,7f29f7c1,pdfs/PSAT-NMSQT-PSAT10/Math/part-001.pdf,330
PSAT/NMSQT & PSAT 10,Math,7442e089,pdfs/PSAT-NMSQT-PSAT10/Math/part-001.pdf,331
PSAT/NMSQT & PSAT 10,Math,dfe80610,pdfs/PSAT-NMSQT-PSAT10/Math/part-001.pdf,332
PSAT/NMSQT & PSAT 10,Math,527173cb,pdfs/PSAT-NMSQT-PSAT10/Math/part-001.pdf,333
PSAT/NMSQT & PSAT 10,Math,513b07af,pdfs/PSAT-NMSQT-PSAT10/Math/part-001.pdf,334
PSAT/NMSQT & PSAT 10,Math,abf3c45f,pdfs/PSAT-NMSQT-PSAT10/Math/part-001.pdf,335
PSAT/NMSQT & PSAT 10,Math,bd0db507,pdfs/PSAT-NMSQT-PSAT10/Math/part-001.pdf,336
PSAT/NMSQT & PSAT 10,Math,05a59d8a,pdfs/PSAT-NMSQT-PSAT10/Math/part-001.pdf,337
PSAT/NMSQT & PSAT 10,Math,c1f32e60,pdfs/PSAT-NMSQT-PSAT10/Math/part-001.pdf,338
PSAT/NMSQT & PSAT 10,Math,e2b2265e,pdfs/PSAT-NMSQT-PSAT10/Math/part-001.pdf,339
PSAT/NMSQT & PSAT 10,Math,f9ef6246,pdfs/PSAT-NMSQT-PSAT10/Math/part-001.pdf,340
PSAT/NMSQT & PSAT 10,Math,dc23febd,pdfs/PSAT-NMSQT-PSAT10/Math/part-001.pdf,341
PSAT/NMSQT & PSAT 10,Math,93e04243,pdfs/PSAT-NMSQT-PSAT10/Math/part-001.pdf,342
PSAT/NMSQT & PSAT 10,Math,54162bff,pdfs/PSAT-NMSQT-PSAT10/Math/part-001.pdf,343
PSAT/NMSQT & PSAT 10,Math,b3561aea,pdfs/PSAT-NMSQT-PSAT10/Math/part-001.pdf,344
PSAT/NMSQT & PSAT 10,Math,9b8f2aaa,pdfs/PSAT-NMSQT-PSAT10/Math/part-001.pdf,345
PSAT/NMSQT & PSAT 10,Math,55d39e36,pdfs/PSAT-NMSQT-PSAT10/Math/part-001.pdf,346
PSAT/NMSQT & PSAT 10,Math,c644b5d5,pdfs/PSAT-NMSQT-PSAT10/Math/part-001.pdf,347
PSAT/NMSQT & PSAT 10,Math,c9470b66,pdfs/PSAT-NMSQT-PSAT10/Math/part-001.pdf,348
PSAT/NMSQT & PSAT 10,Math,c3584aed,pdfs/PSAT-NMSQT-PSAT10/Math/part-001.pdf,349
PSAT/NMSQT & PSAT 10,Math,0e1e8d60,pdfs/PSAT-NMSQT-PSAT10/Math/part-001.pdf,350
PSAT/NMSQT & PSAT 10,Math,0c067960,pdfs/PSAT-NMSQT-PSAT10/Math/part-001.pdf,351
PSAT/NMSQT & PSAT 10,Math,71ad0481,pdfs/PSAT-NMSQT-PSAT10/Math/part-001.pdf,352
PSAT/NMSQT & PSAT 10,Math,fa35ba77,pdfs/PSAT-NMSQT-PSAT10/Math/part-001.pdf,353
PSAT/NMSQT & PSAT 10,Math,a2b226aa,pdfs/PSAT-NMSQT-PSAT10/Math/part-001.pdf,354
PSAT/NMSQT & PSAT 10,Math,43429349,pdfs/PSAT-NMSQT-PSAT10/Math/part-001.pdf,355
PSAT/NMSQT & PSAT 10,Math,66f0a8d9,pdfs/PSAT-NMSQT-PSAT10/Math/part-001.pdf,356
PSAT/NMSQT & PSAT 10,Math,a3656a3f,pdfs/PSAT-NMSQT-PSAT10/Math/part-001.pdf,357
PSAT/NMSQT & PSAT 10,Math,b6475c6c,pdfs/PSAT-NMSQT-PSAT10/Math/part-001.pdf,358
PSAT/NMSQT & PSAT 10,Math,81f4b51e,pdfs/PSAT-NMSQT-PSAT10/Math/part-001.pdf,359
PSAT/NMSQT & PSAT 10,Math,cf5bbc28,pdfs/PSAT-NMSQT-PSAT10/Math/part-001.pdf,360
PSAT/NMSQT & PSAT 10,Math,16370d55,pdfs/PSAT-NMSQT-PSAT10/Math/part-001.pdf,361
PSAT/NMSQT & PSAT 10,Math,a299ffcb,pdfs/PSAT-NMSQT-PSAT10/Math/part-001.pdf,362
PSAT/NMSQT & PSAT 10,Math,30149afa,pdfs/PSAT-NMSQT-PSAT10/Math/part-001.pdf,364
PSAT/NMSQT & PSAT 10,Math,ea3fe25b,pdfs/PSAT-NMSQT-PSAT10/Math/part-001.pdf,366
PSAT/NMSQT & PSAT 10,Math,e17b9754,pdfs/PSAT-NMSQT-PSAT10/Math/part-001.pdf,367
PSAT/NMSQT & PSAT 10,Math,3ac901e1,pdfs/PSAT-NMSQT-PSAT10/Math/part-001.pdf,368
PSAT/NMSQT & PSAT 10,Math,010269a3,pdfs/PSAT-NMSQT-PSAT10/Math/part-001.pdf,369
PSAT/NMSQT & PSAT 10,Math,dbc701d4,pdfs/PSAT-NMSQT-PSAT10/Math/part-001.pdf,370
PSAT/NMSQT & PSAT 10,Math,9b22b780,pdfs/PSAT-NMSQT-PSAT10/Math/part-001.pdf,371
PSAT/NMSQT & PSAT 10,Math,b73904ec,pdfs/PSAT-NMSQT-PSAT10/Math/part-001.pdf,372
PSAT/NMSQT & PSAT 10,Math,f33e2e08,pdfs/PSAT-NMSQT-PSAT10/Math/part-001.pdf,373
PSAT/NMSQT & PSAT 10,Math,62a45597,pdfs/PSAT-NMSQT-PSAT10/Math/part-001.pdf,374
PSAT/NMSQT & PSAT 10,Math,964ae942,pdfs/PSAT-NMSQT-PSAT10/Math/part-001.pdf,375
PSAT/NMSQT & PSAT 10,Math,7d24e098,pdfs/PSAT-NMSQT-PSAT10/Math/part-001.pdf,376
PSAT/NMSQT & PSAT 10,Math,3584acb9,pdfs/PSAT-NMSQT-PSAT10/Math/part-001.pdf,377
PSAT/NMSQT & PSAT 10,Math,56a93a4d,pdfs/PSAT-NMSQT-PSAT10/Math/part-001.pdf,378
PSAT/NMSQT & PSAT 10,Math,70acfd5c,pdfs/PSAT-NMSQT-PSAT10/Math/part-001.pdf,379
PSAT/NMSQT & PSAT 10,Math,e202a742,pdfs/PSAT-NMSQT-PSAT10/Math/part-001.pdf,380
PSAT/NMSQT & PSAT 10,Math,e934287e,pdfs/PSAT-NMSQT-PSAT10/Math/part-001.pdf,381
PSAT/NMSQT & PSAT 10,Math,870150d0,pdfs/PSAT-NMSQT-PSAT10/Math/part-001.pdf,382
PSAT/NMSQT & PSAT 10,Math,ba989bca,pdfs/PSAT-NMSQT-PSAT10/Math/part-001.pdf,383
PSAT/NMSQT & PSAT 10,Math,0dbd1cde,pdfs/PSAT-NMSQT-PSAT10/Math/part-001.pdf,384
PSAT/NMSQT & PSAT 10,Math,b7339ea9,pdfs/PSAT-NMSQT-PSAT10/Math/part-001.pdf,385
PSAT/NMSQT & PSAT 10,Math,fbafeae0,pdfs/PSAT-NMSQT-PSAT10/Math/part-001.pdf,386
PSAT/NMSQT & PSAT 10,Math,d7cedeac,pdfs/PSAT-NMSQT-PSAT10/Math/part-001.pdf,387
PSAT/NMSQT & PSAT 10,Math,106a9641,pdfs/PSAT-NMSQT-PSAT10/Math/part-001.pdf,388
PSAT/NMSQT & PSAT 10,Math,3cb1de62,pdfs/PSAT-NMSQT-PSAT10/Math/part-001.pdf,389
PSAT/NMSQT & PSAT 10,Math,bd6eb4f3,pdfs/PSAT-NMSQT-PSAT10/Math/part-001.pdf,390
PSAT/NMSQT & PSAT 10,Math,03173a19,pdfs/PSAT-NMSQT-PSAT10/Math/part-001.pdf,391
PSAT/NMSQT & PSAT 10,Math,82704b3b,pdfs/PSAT-NMSQT-PSAT10/Math/part-001.pdf,392
PSAT/NMSQT & PSAT 10,Math,0ea951d7,pdfs/PSAT-NMSQT-PSAT10/Math/part-001.pdf,393
PSAT/NMSQT & PSAT 10,Math,5ca892c0,pdfs/PSAT-NMSQT-PSAT10/Math/part-001.pdf,394
PSAT/NMSQT & PSAT 10,Math,7284d67a,pdfs/PSAT-NMSQT-PSAT10/Math/part-001.pdf,395
PSAT/NMSQT & PSAT 10,Math,896c215a,pdfs/PSAT-NMSQT-PSAT10/Math/part-001.pdf,396
PSAT/NMSQT & PSAT 10,Math,310726c5,pdfs/PSAT-NMSQT-PSAT10/Math/part-001.pdf,397
PSAT/NMSQT & PSAT 10,Math,63d7cb42,pdfs/PSAT-NMSQT-PSAT10/Math/part-001.pdf,398
PSAT/NMSQT & PSAT 10,Math,4d85ac73,pdfs/PSAT-NMSQT-PSAT10/Math/part-001.pdf,399
PSAT/NMSQT & PSAT 10,Math,333c0159,pdfs/PSAT-NMSQT-PSAT10/Math/part-001.pdf,400
PSAT/NMSQT & PSAT 10,Math,0cddbd32,pdfs/PSAT-NMSQT-PSAT10/Math/part-001.pdf,401
PSAT/NMSQT & PSAT 10,Math,ba54b72d,pdfs/PSAT-NMSQT-PSAT10/Math/part-001.pdf,402
PSAT/NMSQT & PSAT 10,Math,90218b28,pdfs/PSAT-NMSQT-PSAT10/Math/part-001.pdf,403
PSAT/NMSQT & PSAT 10,Math,2b7c7739,pdfs/PSAT-NMSQT-PSAT10/Math/part-001.pdf,404
PSAT/NMSQT & PSAT 10,Math,3b7d5f67,pdfs/PSAT-NMSQT-PSAT10/Math/part-001.pdf,406
PSAT/NMSQT & PSAT 10,Math,8149301b,pdfs/PSAT-NMSQT-PSAT10/Math/part-001.pdf,407
PSAT/NMSQT & PSAT 10,Math,c6912322,pdfs/PSAT-NMSQT-PSAT10/Math/part-001.pdf,408
PSAT/NMSQT & PSAT 10,Math,062ccd3b,pdfs/PSAT-NMSQT-PSAT10/Math/part-001.pdf,409
PSAT/NMSQT & PSAT 10,Math,13c273e7,pdfs/PSAT-NMSQT-PSAT10/Math/part-001.pdf,410
PSAT/NMSQT & PSAT 10,Math,9567273e,pdfs/PSAT-NMSQT-PSAT10/Math/part-001.pdf,411
PSAT/NMSQT & PSAT 10,Math,621b582b,pdfs/PSAT-NMSQT-PSAT10/Math/part-001.pdf,412
PSAT/NMSQT & PSAT 10,Math,0c1a517d,pdfs/PSAT-NMSQT-PSAT10/Math/part-001.pdf,413
PSAT/NMSQT & PSAT 10,Math,275d1b05,pdfs/PSAT-NMSQT-PSAT10/Math/part-001.pdf,414
PSAT/NMSQT & PSAT 10,Math,88c55b17,pdfs/PSAT-NMSQT-PSAT10/Math/part-001.pdf,415
PSAT/NMSQT & PSAT 10,Math,1d873095,pdfs/PSAT-NMSQT-PSAT10/Math/part-001.pdf,416
PSAT/NMSQT & PSAT 10,Math,63343593,pdfs/PSAT-NMSQT-PSAT10/Math/part-001.pdf,417
PSAT/NMSQT & PSAT 10,Math,91393b0f,pdfs/PSAT-NMSQT-PSAT10/Math/part-001.pdf,418
PSAT/NMSQT & PSAT 10,Math,45acd594,pdfs/PSAT-NMSQT-PSAT10/Math/part-001.pdf,419
PSAT/NMSQT & PSAT 10,Math,93a027f0,pdfs/PSAT-NMSQT-PSAT10/Math/part-002.pdf,1
PSAT/NMSQT & PSAT 10,Math,7fc57d3b,pdfs/PSAT-NMSQT-PSAT10/Math/part-002.pdf,2
PSAT/NMSQT & PSAT 10,Math,5f5f7841,pdfs/PSAT-NMSQT-PSAT10/Math/part-002.pdf,3
PSAT/NMSQT & PSAT 10,Math,4a0ce0bc,pdfs/PSAT-NMSQT-PSAT10/Math/part-002.pdf,5
PSAT/NMSQT & PSAT 10,Math,4e75e230,pdfs/PSAT-NMSQT-PSAT10/Math/part-002.pdf,6
PSAT/NMSQT & PSAT 10,Math,73968d3e,pdfs/PSAT-NMSQT-PSAT10/Math/part-002.pdf,8
PSAT/NMSQT & PSAT 10,Math,2fcdca3e,pdfs/PSAT-NMSQT-PSAT10/Math/part-002.pdf,9
PSAT/NMSQT & PSAT 10,Math,3af001de,pdfs/PSAT-NMSQT-PSAT10/Math/part-002.pdf,10
PSAT/NMSQT & PSAT 10,Math,53ed301c,pdfs/PSAT-NMSQT-PSAT10/Math/part-002.pdf,11
PSAT/NMSQT & PSAT 10,Math,7fbb504d,pdfs/PSAT-NMSQT-PSAT10/Math/part-002.pdf,12
PSAT/NMSQT & PSAT 10,Math,a36ca561,pdfs/PSAT-NMSQT-PSAT10/Math/part-002.pdf,13
PSAT/NMSQT & PSAT 10,Math,d2444315,pdfs/PSAT-NMSQT-PSAT10/Math/part-002.pdf,14
PSAT/NMSQT & PSAT 10,Math,2c0e41a6,pdfs/PSAT-NMSQT-PSAT10/Math/part-002.pdf,15
PSAT/NMSQT & PSAT 10,Math,d4f4d8b9,pdfs/PSAT-NMSQT-PSAT10/Math/part-002.pdf,16
PSAT/NMSQT & PSAT 10,Math,1cd66112,pdfs/PSAT-NMSQT-PSAT10/Math/part-002.pdf,17
PSAT/NMSQT & PSAT 10,Math,3e36f633,pdfs/PSAT-NMSQT-PSAT10/Math/part-002.pdf,18
PSAT/NMSQT & PSAT 10,Math,0fb649ad,pdfs/PSAT-NMSQT-PSAT10/Math/part-002.pdf,19
PSAT/NMSQT & PSAT 10,Math,ee24ddc8,pdfs/PSAT-NMSQT-PSAT10/Math/part-002.pdf,20
PSAT/NMSQT & PSAT 10,Math,6030fa64,pdfs/PSAT-NMSQT-PSAT10/Math/part-002.pdf,21
PSAT/NMSQT & PSAT 10,Math,5e887008,pdfs/PSAT-NMSQT-PSAT10/Math/part-002.pdf,22
PSAT/NMSQT & PSAT 10,Math,a2b62806,pdfs/PSAT-NMSQT-PSAT10/Math/part-002.pdf,23
PSAT/NMSQT & PSAT 10,Math,3422420f,pdfs/PSAT-NMSQT-PSAT10/Math/part-002.pdf,24
PSAT/NMSQT & PSAT 10,Math,aa3337a5,pdfs/PSAT-NMSQT-PSAT10/Math/part-002.pdf,25
PSAT/NMSQT & PSAT 10,Math,35584081,pdfs/PSAT-NMSQT-PSAT10/Math/part-002.pdf,26
PSAT/NMSQT & PSAT 10,Math,00537bd1,pdfs/PSAT-NMSQT-PSAT10/Math/part-002.pdf,27
PSAT/NMSQT & PSAT 10,Math,b0da707a,pdfs/PSAT-NMSQT-PSAT10/Math/part-002.pdf,28
PSAT/NMSQT & PSAT 10,Math,c79a1b54,pdfs/PSAT-NMSQT-PSAT10/Math/part-002.pdf,29
PSAT/NMSQT & PSAT 10,Math,752713bf,pdfs/PSAT-NMSQT-PSAT10/Math/part-002.pdf,30
PSAT/NMSQT & PSAT 10,Math,1722ff6e,pdfs/PSAT-NMSQT-PSAT10/Math/part-002.pdf,31
PSAT/NMSQT & PSAT 10,Math,cd1bbc25,pdfs/PSAT-NMSQT-PSAT10/Math/part-002.pdf,32
PSAT/NMSQT & PSAT 10,Math,8baa0d0b,pdfs/PSAT-NMSQT-PSAT10/Math/part-002.pdf,33
PSAT/NMSQT & PSAT 10,Math,60c13b11,pdfs/PSAT-NMSQT-PSAT10/Math/part-002.pdf,34
PSAT/NMSQT & PSAT 10,Math,858bbc15,pdfs/PSAT-NMSQT-PSAT10/Math/part-002.pdf,35
PSAT/NMSQT & PSAT 10,Math,5193d67b,pdfs/PSAT-NMSQT-PSAT10/Math/part-002.pdf,38
PSAT/NMSQT & PSAT 10,Math,e41d0e25,pdfs/PSAT-NMSQT-PSAT10/Math/part-002.pdf,39
PSAT/NMSQT & PSAT 10,Math,b3555e71,pdfs/PSAT-NMSQT-PSAT10/Math/part-002.pdf,40
PSAT/NMSQT & PSAT 10,Math,9a6072a6,pdfs/PSAT-NMSQT-PSAT10/Math/part-002.pdf,41
PSAT/NMSQT & PSAT 10,Math,ee9cd44b,pdfs/PSAT-NMSQT-PSAT10/Math/part-002.pdf,42
PSAT/NMSQT & PSAT 10,Math,e2943c41,pdfs/PSAT-NMSQT-PSAT10/Math/part-002.pdf,43
PSAT/NMSQT & PSAT 10,Math,46d69841,pdfs/PSAT-NMSQT-PSAT10/Math/part-002.pdf,44
PSAT/NMSQT & PSAT 10,Math,7998014f,pdfs/PSAT-NMSQT-PSAT10/Math/part-002.pdf,46
PSAT/NMSQT & PSAT 10,Math,268e0eb3,pdfs/PSAT-NMSQT-PSAT10/Math/part-002.pdf,47
PSAT/NMSQT & PSAT 10,Math,013e6f0d,pdfs/PSAT-NMSQT-PSAT10/Math/part-002.pdf,48
PSAT/NMSQT & PSAT 10,Math,f594de21,pdfs/PSAT-NMSQT-PSAT10/Math/part-002.pdf,49
PSAT/NMSQT & PSAT 10,Math,6e62add0,pdfs/PSAT-NMSQT-PSAT10/Math/part-002.pdf,50
PSAT/NMSQT & PSAT 10,Math,04c50c54,pdfs/PSAT-NMSQT-PSAT10/Math/part-002.pdf,51
PSAT/NMSQT & PSAT 10,Math,3f320de4,pdfs/PSAT-NMSQT-PSAT10/Math/part-002.pdf,52
PSAT/NMSQT & PSAT 10,Math,981bc18a,pdfs/PSAT-NMSQT-PSAT10/Math/part-002.pdf,53
PSAT/NMSQT & PSAT 10,Math,380f1624,pdfs/PSAT-NMSQT-PSAT10/Math/part-002.pdf,54
PSAT/NMSQT & PSAT 10,Math,2c1c4f72,pdfs/PSAT-NMSQT-PSAT10/Math/part-002.pdf,55
PSAT/NMSQT & PSAT 10,Math,06071ddc,pdfs/PSAT-NMSQT-PSAT10/Math/part-002.pdf,56
PSAT/NMSQT & PSAT 10,Math,8dbac743,pdfs/PSAT-NMSQT-PSAT10/Math/part-002.pdf,57
PSAT/NMSQT & PSAT 10,Math,a2370f6a,pdfs/PSAT-NMSQT-PSAT10/Math/part-002.pdf,58
PSAT/NMSQT & PSAT 10,Math,7c9e35d6,pdfs/PSAT-NMSQT-PSAT10/Math/part-002.pdf,59
PSAT/NMSQT & PSAT 10,Math,49973999,pdfs/PSAT-NMSQT-PSAT10/Math/part-002.pdf,60
PSAT/NMSQT & PSAT 10,Math,4f8247b9,pdfs/PSAT-NMSQT-PSAT10/Math/part-002.pdf,61
PSAT/NMSQT & PSAT 10,Math,b60b0a40,pdfs/PSAT-NMSQT-PSAT10/Math/part-002.pdf,62
PSAT/NMSQT & PSAT 10,Math,3731c5bd,pdfs/PSAT-NMSQT-PSAT10/Math/part-002.pdf,63
PSAT/NMSQT & PSAT 10,Math,25614d4e,pdfs/PSAT-NMSQT-PSAT10/Math/part-002.pdf,64
PSAT/NMSQT & PSAT 10,Math,9321f630,pdfs/PSAT-NMSQT-PSAT10/Math/part-002.pdf,65
PSAT/NMSQT & PSAT 10,Math,f0248d23,pdfs/PSAT-NMSQT-PSAT10/Math/part-002.pdf,66
PSAT/NMSQT & PSAT 10,Math,3e2d52fb,pdfs/PSAT-NMSQT-PSAT10/Math/part-002.pdf,67
PSAT/NMSQT & PSAT 10,Math,52d4e45e,pdfs/PSAT-NMSQT-PSAT10/Math/part-002.pdf,69
PSAT/NMSQT & PSAT 10,Math,6535316a,pdfs/PSAT-NMSQT-PSAT10/Math/part-002.pdf,71
PSAT/NMSQT & PSAT 10,Math,a55eb347,pdfs/PSAT-NMSQT-PSAT10/Math/part-002.pdf,72
PSAT/NMSQT & PSAT 10,Math,3ca9379d,pdfs/PSAT-NMSQT-PSAT10/Math/part-002.pdf,73
PSAT/NMSQT & PSAT 10,Math,9b54f425,pdfs/PSAT-NMSQT-PSAT10/Math/part-002.pdf,74
PSAT/NMSQT & PSAT 10,Math,e0846a0c,pdfs/PSAT-NMSQT-PSAT10/Math/part-002.pdf,75
PSAT/NMSQT & PSAT 10,Math,881032c0,pdfs/PSAT-NMSQT-PSAT10/Math/part-002.pdf,76
PSAT/NMSQT & PSAT 10,Math,189cdafd,pdfs/PSAT-NMSQT-PSAT10/Math/part-002.pdf,77
PSAT/NMSQT & PSAT 10,Math,3582a0f9,pdfs/PSAT-NMSQT-PSAT10/Math/part-002.pdf,78
PSAT/NMSQT & PSAT 10,Math,e13758d7,pdfs/PSAT-NMSQT-PSAT10/Math/part-002.pdf,79
PSAT/NMSQT & PSAT 10,Math,850d93d3,pdfs/PSAT-NMSQT-PSAT10/Math/part-002.pdf,80
PSAT/NMSQT & PSAT 10,Math,86783bec,pdfs/PSAT-NMSQT-PSAT10/Math/part-002.pdf,81
PSAT/NMSQT & PSAT 10,Math,d31baf07,pdfs/PSAT-NMSQT-PSAT10/Math/part-002.pdf,82
PSAT/NMSQT & PSAT 10,Math,5c1dc5c3,pdfs/PSAT-NMSQT-PSAT10/Math/part-002.pdf,83
PSAT/NMSQT & PSAT 10,Math,5fc76509,pdfs/PSAT-NMSQT-PSAT10/Math/part-002.pdf,85
PSAT/NMSQT & PSAT 10,Math,cf8d9c63,pdfs/PSAT-NMSQT-PSAT10/Math/part-002.pdf,86
PSAT/NMSQT & PSAT 10,Math,95af4c51,pdfs/PSAT-NMSQT-PSAT10/Math/part-002.pdf,87
PSAT/NMSQT & PSAT 10,Math,66095fcf,pdfs/PSAT-NMSQT-PSAT10/Math/part-002.pdf,88
PSAT/NMSQT & PSAT 10,Math,9f012247,pdfs/PSAT-NMSQT-PSAT10/Math/part-002.pdf,89
PSAT/NMSQT & PSAT 10,Math,cf437098,pdfs/PSAT-NMSQT-PSAT10/Math/part-002.pdf,90
PSAT/NMSQT & PSAT 10,Math,716e587d,pdfs/PSAT-NMSQT-PSAT10/Math/part-002.pdf,91
PSAT/NMSQT & PSAT 10,Math,01436aa4,pdfs/PSAT-NMSQT-PSAT10/Math/part-002.pdf,92
PSAT/NMSQT & PSAT 10,Math,9b974ac3,pdfs/PSAT-NMSQT-PSAT10/Math/part-002.pdf,93
PSAT/NMSQT & PSAT 10,Math,2d28e932,pdfs/PSAT-NMSQT-PSAT10/Math/part-002.pdf,94
PSAT/NMSQT & PSAT 10,Math,a8f213b5,pdfs/PSAT-NMSQT-PSAT10/Math/part-002.pdf,95
PSAT/NMSQT & PSAT 10,Math,880ddcfd,pdfs/PSAT-NMSQT-PSAT10/Math/part-002.pdf,96
PSAT/NMSQT & PSAT 10,Math,94c72f93,pdfs/PSAT-NMSQT-PSAT10/Math/part-002.pdf,97
PSAT/NMSQT & PSAT 10,Math,b523f9bc,pdfs/PSAT-NMSQT-PSAT10/Math/part-002.pdf,98
PSAT/NMSQT & PSAT 10,Math,5f78b29c,pdfs/PSAT-NMSQT-PSAT10/Math/part-002.pdf,99
PSAT/NMSQT & PSAT 10,Math,09eb7d00,pdfs/PSAT-NMSQT-PSAT10/Math/part-002.pdf,100
PSAT/NMSQT & PSAT 10,Math,aa4169c2,pdfs/PSAT-NMSQT-PSAT10/Math/part-002.pdf,101
PSAT/NMSQT & PSAT 10,Math,5519fb6d,pdfs/PSAT-NMSQT-PSAT10/Math/part-002.pdf,102
PSAT/NMSQT & PSAT 10,Math,0db071db,pdfs/PSAT-NMSQT-PSAT10/Math/part-002.pdf,103
PSAT/NMSQT & PSAT 10,Math,b7776f4d,pdfs/PSAT-NMSQT-PSAT10/Math/part-002.pdf,104
PSAT/NMSQT & PSAT 10,Math,4f7f7b99,pdfs/PSAT-NMSQT-PSAT10/Math/part-002.pdf,105
PSAT/NMSQT & PSAT 10,Math,d637bbfb,pdfs/PSAT-NMSQT-PSAT10/Math/part-002.pdf,106
PSAT/NMSQT & PSAT 10,Math,c4791ade,pdfs/PSAT-NMSQT-PSAT10/Math/part-002.pdf,107
PSAT/NMSQT & PSAT 10,Math,311dcadd,pdfs/PSAT-NMSQT-PSAT10/Math/part-002.pdf,108
PSAT/NMSQT & PSAT 10,Math,648b7b15,pdfs/PSAT-NMSQT-PSAT10/Math/part-002.pdf,109
PSAT/NMSQT & PSAT 10,Math,231f1907,pdfs/PSAT-NMSQT-PSAT10/Math/part-002.pdf,111
PSAT/NMSQT & PSAT 10,Math,4c10fbd7,pdfs/PSAT-NMSQT-PSAT10/Math/part-002.pdf,112
PSAT/NMSQT & PSAT 10,Math,262e0e99,pdfs/PSAT-NMSQT-PSAT10/Math/part-002.pdf,113
PSAT/NMSQT & PSAT 10,Math,a4b1c1a5,pdfs/PSAT-NMSQT-PSAT10/Math/part-002.pdf,114
PSAT/NMSQT & PSAT 10,Math,40754603,pdfs/PSAT-NMSQT-PSAT10/Math/part-002.pdf,115
PSAT/NMSQT & PSAT 10,Math,700611ec,pdfs/PSAT-NMSQT-PSAT10/Math/part-002.pdf,116
PSAT/NMSQT & PSAT 10,Math,b7cc8bcd,pdfs/PSAT-NMSQT-PSAT10/Math/part-002.pdf,117
PSAT/NMSQT & PSAT 10,Math,9641def4,pdfs/PSAT-NMSQT-PSAT10/Math/part-002.pdf,118
PSAT/NMSQT & PSAT 10,Math,73c4318c,pdfs/PSAT-NMSQT-PSAT10/Math/part-002.pdf,119
PSAT/NMSQT & PSAT 10,Math,b239c9f4,pdfs/PSAT-NMSQT-PSAT10/Math/part-002.pdf,120
PSAT/NMSQT & PSAT 10,Math,f2636b52,pdfs/PSAT-NMSQT-PSAT10/Math/part-002.pdf,121
PSAT/NMSQT & PSAT 10,Math,9f5aae37,pdfs/PSAT-NMSQT-PSAT10/Math/part-002.pdf,122
PSAT/NMSQT & PSAT 10,Math,0e3f2067,pdfs/PSAT-NMSQT-PSAT10/Math/part-002.pdf,123
PSAT/NMSQT & PSAT 10,Math,a427c40a,pdfs/PSAT-NMSQT-PSAT10/Math/part-002.pdf,124
PSAT/NMSQT & PSAT 10,Math,fc058757,pdfs/PSAT-NMSQT-PSAT10/Math/part-002.pdf,125
PSAT/NMSQT & PSAT 10,Math,89923583,pdfs/PSAT-NMSQT-PSAT10/Math/part-002.pdf,126
PSAT/NMSQT & PSAT 10,Math,add454a9,pdfs/PSAT-NMSQT-PSAT10/Math/part-002.pdf,127
PSAT/NMSQT & PSAT 10,Math,5963334a,pdfs/PSAT-NMSQT-PSAT10/Math/part-002.pdf,128
PSAT/NMSQT & PSAT 10,Math,9d13868f,pdfs/PSAT-NMSQT-PSAT10/Math/part-002.pdf,129
PSAT/NMSQT & PSAT 10,Math,066cf7e4,pdfs/PSAT-NMSQT-PSAT10/Math/part-002.pdf,130
PSAT/NMSQT & PSAT 10,Math,8a1dc3dd,pdfs/PSAT-NMSQT-PSAT10/Math/part-002.pdf,131
PSAT/NMSQT & PSAT 10,Math,014880ba,pdfs/PSAT-NMSQT-PSAT10/Math/part-002.pdf,132
PSAT/NMSQT & PSAT 10,Math,5d523300,pdfs/PSAT-NMSQT-PSAT10/Math/part-002.pdf,133
PSAT/NMSQT & PSAT 10,Math,61fc3aea,pdfs/PSAT-NMSQT-PSAT10/Math/part-002.pdf,134
PSAT/NMSQT & PSAT 10,Math,61fdc3bb,pdfs/PSAT-NMSQT-PSAT10/Math/part-002.pdf,135
PSAT/NMSQT & PSAT 10,Math,d1bc4e11,pdfs/PSAT-NMSQT-PSAT10/Math/part-002.pdf,137
PSAT/NMSQT & PSAT 10,Math,605f85fa,pdfs/PSAT-NMSQT-PSAT10/Math/part-002.pdf,138
PSAT/NMSQT & PSAT 10,Math,aa7853b5,pdfs/PSAT-NMSQT-PSAT10/Math/part-002.pdf,139
PSAT/NMSQT & PSAT 10,Math,c3a53452,pdfs/PSAT-NMSQT-PSAT10/Math/part-002.pdf,140
PSAT/NMSQT & PSAT 10,Math,5a70f4ea,pdfs/PSAT-NMSQT-PSAT10/Math/part-002.pdf,142
PSAT/NMSQT & PSAT 10,Math,5a6c57ef,pdfs/PSAT-NMSQT-PSAT10/Math/part-002.pdf,143
PSAT/NMSQT & PSAT 10,Math,dec90398,pdfs/PSAT-NMSQT-PSAT10/Math/part-002.pdf,144
PSAT/NMSQT & PSAT 10,Math,132d4f7f,pdfs/PSAT-NMSQT-PSAT10/Math/part-002.pdf,145
PSAT/NMSQT & PSAT 10,Math,4df4feda,pdfs/PSAT-NMSQT-PSAT10/Math/part-002.pdf,146
PSAT/NMSQT & PSAT 10,Math,ff894881,pdfs/PSAT-NMSQT-PSAT10/Math/part-002.pdf,147
PSAT/NMSQT & PSAT 10,Math,0f38ef12,pdfs/PSAT-NMSQT-PSAT10/Math/part-002.pdf,148
PSAT/NMSQT & PSAT 10,Math,d941219a,pdfs/PSAT-NMSQT-PSAT10/Math/part-002.pdf,149
PSAT/NMSQT & PSAT 10,Math,afb21612,pdfs/PSAT-NMSQT-PSAT10/Math/part-002.pdf,150
PSAT/NMSQT & PSAT 10,Math,d6a27aee,pdfs/PSAT-NMSQT-PSAT10/Math/part-002.pdf,151
PSAT/NMSQT & PSAT 10,Math,5514d0d5,pdfs/PSAT-NMSQT-PSAT10/Math/part-002.pdf,152
PSAT/NMSQT & PSAT 10,Math,fa38a085,pdfs/PSAT-NMSQT-PSAT10/Math/part-002.pdf,153
PSAT/NMSQT & PSAT 10,Math,fc10e884,pdfs/PSAT-NMSQT-PSAT10/Math/part-002.pdf,154
PSAT/NMSQT & PSAT 10,Math,cf6ba606,pdfs/PSAT-NMSQT-PSAT10/Math/part-002.pdf,155
PSAT/NMSQT & PSAT 10,Math,de5b20cf,pdfs/PSAT-NMSQT-PSAT10/Math/part-002.pdf,156
PSAT/NMSQT & PSAT 10,Math,b189fcfb,pdfs/PSAT-NMSQT-PSAT10/Math/part-002.pdf,157
PSAT/NMSQT & PSAT 10,Math,25157fce,pdfs/PSAT-NMSQT-PSAT10/Math/part-002.pdf,158
PSAT/NMSQT & PSAT 10,Math,5f897730,pdfs/PSAT-NMSQT-PSAT10/Math/part-002.pdf,159
PSAT/NMSQT & PSAT 10,Math,59952c73,pdfs/PSAT-NMSQT-PSAT10/Math/part-002.pdf,160
PSAT/NMSQT & PSAT 10,Math,1cf05add,pdfs/PSAT-NMSQT-PSAT10/Math/part-002.pdf,161
PSAT/NMSQT & PSAT 10,Math,3cea7a3b,pdfs/PSAT-NMSQT-PSAT10/Math/part-002.pdf,162
PSAT/NMSQT & PSAT 10,Math,4d8660e8,pdfs/PSAT-NMSQT-PSAT10/Math/part-002.pdf,163
PSAT/NMSQT & PSAT 10,Math,a6d03540,pdfs/PSAT-NMSQT-PSAT10/Math/part-002.pdf,164
PSAT/NMSQT & PSAT 10,Math,4cd4e284,pdfs/PSAT-NMSQT-PSAT10/Math/part-002.pdf,165
PSAT/NMSQT & PSAT 10,Math,4e8b9a4e,pdfs/PSAT-NMSQT-PSAT10/Math/part-002.pdf,166
PSAT/NMSQT & PSAT 10,Math,966355fd,pdfs/PSAT-NMSQT-PSAT10/Math/part-002.pdf,167
PSAT/NMSQT & PSAT 10,Math,69e73801,pdfs/PSAT-NMSQT-PSAT10/Math/part-002.pdf,168
PSAT/NMSQT & PSAT 10,Math,83a680fc,pdfs/PSAT-NMSQT-PSAT10/Math/part-002.pdf,169
PSAT/NMSQT & PSAT 10,Math,dfbd807c,pdfs/PSAT-NMSQT-PSAT10/Math/part-002.pdf,170
PSAT/NMSQT & PSAT 10,Math,d393a1d4,pdfs/PSAT-NMSQT-PSAT10/Math/part-002.pdf,171
PSAT/NMSQT & PSAT 10,Math,e8544441,pdfs/PSAT-NMSQT-PSAT10/Math/part-002.pdf,172
PSAT/NMSQT & PSAT 10,Math,c4c0bb36,pdfs/PSAT-NMSQT-PSAT10/Math/part-002.pdf,173
PSAT/NMSQT & PSAT 10,Math,2e81df23,pdfs/PSAT-NMSQT-PSAT10/Math/part-002.pdf,174
PSAT/NMSQT & PSAT 10,Math,8f05d7e0,pdfs/PSAT-NMSQT-PSAT10/Math/part-002.pdf,175
PSAT/NMSQT & PSAT 10,Math,c8719dc5,pdfs/PSAT-NMSQT-PSAT10/Math/part-002.pdf,176
PSAT/NMSQT & PSAT 10,Math,4098635f,pdfs/PSAT-NMSQT-PSAT10/Math/part-002.pdf,177
PSAT/NMSQT & PSAT 10,Math,62ef4e8d,pdfs/PSAT-NMSQT-PSAT10/Math/part-002.pdf,179
PSAT/NMSQT & PSAT 10,Math,4ceefbd9,pdfs/PSAT-NMSQT-PSAT10/Math/part-002.pdf,180
PSAT/NMSQT & PSAT 10,Math,b05f27af,pdfs/PSAT-NMSQT-PSAT10/Math/part-002.pdf,181
PSAT/NMSQT & PSAT 10,Math,d613cc0f,pdfs/PSAT-NMSQT-PSAT10/Math/part-002.pdf,182
PSAT/NMSQT & PSAT 10,Math,218a2203,pdfs/PSAT-NMSQT-PSAT10/Math/part-002.pdf,183
PSAT/NMSQT & PSAT 10,Math,019a4ca3,pdfs/PSAT-NMSQT-PSAT10/Math/part-002.pdf,184
PSAT/NMSQT & PSAT 10,Math,4cfd1f2c,pdfs/PSAT-NMSQT-PSAT10/Math/part-002.pdf,185
PSAT/NMSQT & PSAT 10,Math,37e6324d,pdfs/PSAT-NMSQT-PSAT10/Math/part-002.pdf,186
PSAT/NMSQT & PSAT 10,Math,9a3ab2a7,pdfs/PSAT-NMSQT-PSAT10/Math/part-002.pdf,187
PSAT/NMSQT & PSAT 10,Math,5b6401e4,pdfs/PSAT-NMSQT-PSAT10/Math/part-002.pdf,189
PSAT/NMSQT & PSAT 10,Math,d1313dee,pdfs/PSAT-NMSQT-PSAT10/Math/part-002.pdf,190
PSAT/NMSQT & PSAT 10,Math,008f5053,pdfs/PSAT-NMSQT-PSAT10/Math/part-002.pdf,191
PSAT/NMSQT & PSAT 10,Math,7412dc4f,pdfs/PSAT-NMSQT-PSAT10/Math/part-002.pdf,192
PSAT/NMSQT & PSAT 10,Math,0345d02e,pdfs/PSAT-NMSQT-PSAT10/Math/part-002.pdf,193
PSAT/NMSQT & PSAT 10,Math,c6d23490,pdfs/PSAT-NMSQT-PSAT10/Math/part-002.pdf,194
PSAT/NMSQT & PSAT 10,Math,9a2139c1,pdfs/PSAT-NMSQT-PSAT10/Math/part-002.pdf,195
PSAT/NMSQT & PSAT 10,Math,6f1dbf0b,pdfs/PSAT-NMSQT-PSAT10/Math/part-002.pdf,196
PSAT/NMSQT & PSAT 10,Math,b5c51f0e,pdfs/PSAT-NMSQT-PSAT10/Math/part-002.pdf,197
PSAT/NMSQT & PSAT 10,Math,1ce1c6eb,pdfs/PSAT-NMSQT-PSAT10/Math/part-002.pdf,198
PSAT/NMSQT & PSAT 10,Math,4a679d48,pdfs/PSAT-NMSQT-PSAT10/Math/part-002.pdf,199
PSAT/NMSQT & PSAT 10,Math,381de2dd,pdfs/PSAT-NMSQT-PSAT10/Math/part-002.pdf,200
PSAT/NMSQT & PSAT 10,Math,e36cfdf3,pdfs/PSAT-NMSQT-PSAT10/Math/part-002.pdf,201
PSAT/NMSQT & PSAT 10,Math,2980aa34,pdfs/PSAT-NMSQT-PSAT10/Math/part-002.pdf,202
PSAT/NMSQT & PSAT 10,Math,f61e9051,pdfs/PSAT-NMSQT-PSAT10/Math/part-002.pdf,203
PSAT/NMSQT & PSAT 10,Math,fa7ed1f6,pdfs/PSAT-NMSQT-PSAT10/Math/part-002.pdf,204
PSAT/NMSQT & PSAT 10,Math,271ff161,pdfs/PSAT-NMSQT-PSAT10/Math/part-002.pdf,205
PSAT/NMSQT & PSAT 10,Math,9614f5e3,pdfs/PSAT-NMSQT-PSAT10/Math/part-002.pdf,206
PSAT/NMSQT & PSAT 10,Math,de26c384,pdfs/PSAT-NMSQT-PSAT10/Math/part-002.pdf,207
PSAT/NMSQT & PSAT 10,Math,8cd3c7c5,pdfs/PSAT-NMSQT-PSAT10/Math/part-002.pdf,208
PSAT/NMSQT & PSAT 10,Math,fabb94be,pdfs/PSAT-NMSQT-PSAT10/Math/part-002.pdf,209
PSAT/NMSQT & PSAT 10,Math,446f7f0b,pdfs/PSAT-NMSQT-PSAT10/Math/part-002.pdf,210
PSAT/NMSQT & PSAT 10,Math,82f09c60,pdfs/PSAT-NMSQT-PSAT10/Math/part-002.pdf,211
PSAT/NMSQT & PSAT 10,Math,c2374fed,pdfs/PSAT-NMSQT-PSAT10/Math/part-002.pdf,212
PSAT/NMSQT & PSAT 10,Math,30930b50,pdfs/PSAT-NMSQT-PSAT10/Math/part-002.pdf,213
PSAT/NMSQT & PSAT 10,Math,15154146,pdfs/PSAT-NMSQT-PSAT10/Math/part-002.pdf,214
PSAT/NMSQT & PSAT 10,Math,deb2f10a,pdfs/PSAT-NMSQT-PSAT10/Math/part-002.pdf,215
PSAT/NMSQT & PSAT 10,Math,febfa49c,pdfs/PSAT-NMSQT-PSAT10/Math/part-002.pdf,216
PSAT/NMSQT & PSAT 10,Math,11f83092,pdfs/PSAT-NMSQT-PSAT10/Math/part-002.pdf,217
PSAT/NMSQT & PSAT 10,Math,3e65c6f6,pdfs/PSAT-NMSQT-PSAT10/Math/part-002.pdf,218
PSAT/NMSQT & PSAT 10,Math,d40dfe58,pdfs/PSAT-NMSQT-PSAT10/Math/part-002.pdf,219
PSAT/NMSQT & PSAT 10,Math,97bb0c94,pdfs/PSAT-NMSQT-PSAT10/Math/part-002.pdf,220
PSAT/NMSQT & PSAT 10,Math,7a71e16d,pdfs/PSAT-NMSQT-PSAT10/Math/part-002.pdf,221
PSAT/NMSQT & PSAT 10,Math,d545e3e4,pdfs/PSAT-NMSQT-PSAT10/Math/part-002.pdf,222
PSAT/NMSQT & PSAT 10,Math,6be3030e,pdfs/PSAT-NMSQT-PSAT10/Math/part-002.pdf,224
PSAT/NMSQT & PSAT 10,Math,96f7f926,pdfs/PSAT-NMSQT-PSAT10/Math/part-002.pdf,225
PSAT/NMSQT & PSAT 10,Math,2cb63aff,pdfs/PSAT-NMSQT-PSAT10/Math/part-002.pdf,226
PSAT/NMSQT & PSAT 10,Math,6723bb76,pdfs/PSAT-NMSQT-PSAT10/Math/part-002.pdf,227
PSAT/NMSQT & PSAT 10,Math,b601ccab,pdfs/PSAT-NMSQT-PSAT10/Math/part-002.pdf,228
PSAT/NMSQT & PSAT 10,Math,e935055d,pdfs/PSAT-NMSQT-PSAT10/Math/part-002.pdf,229
PSAT/NMSQT & PSAT 10,Math,c34cf396,pdfs/PSAT-NMSQT-PSAT10/Math/part-002.pdf,230
PSAT/NMSQT & PSAT 10,Math,0d3b0643,pdfs/PSAT-NMSQT-PSAT10/Math/part-002.pdf,231
PSAT/NMSQT & PSAT 10,Math,8cb0e23f,pdfs/PSAT-NMSQT-PSAT10/Math/part-002.pdf,233
PSAT/NMSQT & PSAT 10,Math,9cda93eb,pdfs/PSAT-NMSQT-PSAT10/Math/part-002.pdf,234
PSAT/NMSQT & PSAT 10,Math,4fdaab9b,pdfs/PSAT-NMSQT-PSAT10/Math/part-002.pdf,235
PSAT/NMSQT & PSAT 10,Math,16996a7e,pdfs/PSAT-NMSQT-PSAT10/Math/part-002.pdf,236
PSAT/NMSQT & PSAT 10,Math,a2d84ecc,pdfs/PSAT-NMSQT-PSAT10/Math/part-002.pdf,237
PSAT/NMSQT & PSAT 10,Math,9a093f10,pdfs/PSAT-NMSQT-PSAT10/Math/part-002.pdf,238
PSAT/NMSQT & PSAT 10,Math,f906420d,pdfs/PSAT-NMSQT-PSAT10/Math/part-002.pdf,239
PSAT/NMSQT & PSAT 10,Math,63a56ad4,pdfs/PSAT-NMSQT-PSAT10/Math/part-002.pdf,240
PSAT/NMSQT & PSAT 10,Math,fc89258a,pdfs/PSAT-NMSQT-PSAT10/Math/part-002.pdf,241
PSAT/NMSQT & PSAT 10,Math,1a64a74b,pdfs/PSAT-NMSQT-PSAT10/Math/part-002.pdf,242
PSAT/NMSQT & PSAT 10,Math,f483223a,pdfs/PSAT-NMSQT-PSAT10/Math/part-002.pdf,243
PSAT/NMSQT & PSAT 10,Math,2bdae7e3,pdfs/PSAT-NMSQT-PSAT10/Math/part-002.pdf,244
PSAT/NMSQT & PSAT 10,Math,2eff3d59,pdfs/PSAT-NMSQT-PSAT10/Math/part-002.pdf,245
PSAT/NMSQT & PSAT 10,Math,d6c60f5f,pdfs/PSAT-NMSQT-PSAT10/Math/part-002.pdf,246
PSAT/NMSQT & PSAT 10,Math,cae4bcad,pdfs/PSAT-NMSQT-PSAT10/Math/part-002.pdf,247
PSAT/NMSQT & PSAT 10,Math,c977db02,pdfs/PSAT-NMSQT-PSAT10/Math/part-002.pdf,248
PSAT/NMSQT & PSAT 10,Math,f099edca,pdfs/PSAT-NMSQT-PSAT10/Math/part-002.pdf,249
PSAT/NMSQT & PSAT 10,Math,90a977b1,pdfs/PSAT-NMSQT-PSAT10/Math/part-002.pdf,250
PSAT/NMSQT & PSAT 10,Math,4da22b8c,pdfs/PSAT-NMSQT-PSAT10/Math/part-002.pdf,252
PSAT/NMSQT & PSAT 10,Math,b5d2c779,pdfs/PSAT-NMSQT-PSAT10/Math/part-002.pdf,253
PSAT/NMSQT & PSAT 10,Math,d18e1fe9,pdfs/PSAT-NMSQT-PSAT10/Math/part-002.pdf,254
PSAT/NMSQT & PSAT 10,Math,3027a0ca,pdfs/PSAT-NMSQT-PSAT10/Math/part-002.pdf,255
PSAT/NMSQT & PSAT 10,Math,6890186c,pdfs/PSAT-NMSQT-PSAT10/Math/part-002.pdf,256
PSAT/NMSQT & PSAT 10,Math,dea6ce28,pdfs/PSAT-NMSQT-PSAT10/Math/part-002.pdf,257
PSAT/NMSQT & PSAT 10,Math,8d8fd2b3,pdfs/PSAT-NMSQT-PSAT10/Math/part-002.pdf,258
PSAT/NMSQT & PSAT 10,Math,1de9ac42,pdfs/PSAT-NMSQT-PSAT10/Math/part-002.pdf,259
PSAT/NMSQT & PSAT 10,Math,146aec3e,pdfs/PSAT-NMSQT-PSAT10/Math/part-002.pdf,260
PSAT/NMSQT & PSAT 10,Math,dbd538fa,pdfs/PSAT-NMSQT-PSAT10/Math/part-002.pdf,261
PSAT/NMSQT & PSAT 10,Math,ca3b3744,pdfs/PSAT-NMSQT-PSAT10/Math/part-002.pdf,262
PSAT/NMSQT & PSAT 10,Math,b095ae0f,pdfs/PSAT-NMSQT-PSAT10/Math/part-002.pdf,264
PSAT/NMSQT & PSAT 10,Math,636d5e79,pdfs/PSAT-NMSQT-PSAT10/Math/part-002.pdf,265
PSAT/NMSQT & PSAT 10,Math,3c379ea4,pdfs/PSAT-NMSQT-PSAT10/Math/part-002.pdf,266
PSAT/NMSQT & PSAT 10,Math,89d222e4,pdfs/PSAT-NMSQT-PSAT10/Math/part-002.pdf,267
PSAT/NMSQT & PSAT 10,Math,2e7fbe93,pdfs/PSAT-NMSQT-PSAT10/Math/part-002.pdf,268
PSAT/NMSQT & PSAT 10,Math,f79f2b87,pdfs/PSAT-NMSQT-PSAT10/Math/part-002.pdf,269
PSAT/NMSQT & PSAT 10,Math,e7063e35,pdfs/PSAT-NMSQT-PSAT10/Math/part-002.pdf,270
PSAT/NMSQT & PSAT 10,Math,533a9a6c,pdfs/PSAT-NMSQT-PSAT10/Math/part-002.pdf,271
PSAT/NMSQT & PSAT 10,Math,debab51d,pdfs/PSAT-NMSQT-PSAT10/Math/part-002.pdf,272
PSAT/NMSQT & PSAT 10,Math,b3f67407,pdfs/PSAT-NMSQT-PSAT10/Math/part-002.pdf,273
PSAT/NMSQT & PSAT 10,Math,4ec3bd62,pdfs/PSAT-NMSQT-PSAT10/Math/part-002.pdf,274
PSAT/NMSQT & PSAT 10,Math,68c5446a,pdfs/PSAT-NMSQT-PSAT10/Math/part-002.pdf,275
PSAT/NMSQT & PSAT 10,Math,ddf3ecca,pdfs/PSAT-NMSQT-PSAT10/Math/part-002.pdf,276
PSAT/NMSQT & PSAT 10,Math,6c724558,pdfs/PSAT-NMSQT-PSAT10/Math/part-002.pdf,278
PSAT/NMSQT & PSAT 10,Math,c4a6a3d1,pdfs/PSAT-NMSQT-PSAT10/Math/part-002.pdf,279
PSAT/NMSQT & PSAT 10,Math,43f4f57c,pdfs/PSAT-NMSQT-PSAT10/Math/part-002.pdf,280
PSAT/NMSQT & PSAT 10,Math,107dd31c,pdfs/PSAT-NMSQT-PSAT10/Math/part-002.pdf,281
PSAT/NMSQT & PSAT 10,Math,a021e620,pdfs/PSAT-NMSQT-PSAT10/Math/part-002.pdf,282
PSAT/NMSQT & PSAT 10,Math,0ba1e3fc,pdfs/PSAT-NMSQT-PSAT10/Math/part-002.pdf,283
PSAT/NMSQT & PSAT 10,Math,642308b9,pdfs/PSAT-NMSQT-PSAT10/Math/part-002.pdf,284
PSAT/NMSQT & PSAT 10,Math,e6b6a3db,pdfs/PSAT-NMSQT-PSAT10/Math/part-002.pdf,285
PSAT/NMSQT & PSAT 10,Math,bbed6f9b,pdfs/PSAT-NMSQT-PSAT10/Math/part-002.pdf,286
PSAT/NMSQT & PSAT 10,Math,44bb5c29,pdfs/PSAT-NMSQT-PSAT10/Math/part-002.pdf,287
PSAT/NMSQT & PSAT 10,Math,54efa227,pdfs/PSAT-NMSQT-PSAT10/Math/part-002.pdf,288
PSAT/NMSQT & PSAT 10,Math,fc4057e4,pdfs/PSAT-NMSQT-PSAT10/Math/part-002.pdf,289
PSAT/NMSQT & PSAT 10,Math,6003a372,pdfs/PSAT-NMSQT-PSAT10/Math/part-002.pdf,290
PSAT/NMSQT & PSAT 10,Math,4a6f53ca,pdfs/PSAT-NMSQT-PSAT10/Math/part-002.pdf,291
PSAT/NMSQT & PSAT 10,Math,bc3f55e9,pdfs/PSAT-NMSQT-PSAT10/Math/part-002.pdf,292
PSAT/NMSQT & PSAT 10,Math,095e390e,pdfs/PSAT-NMSQT-PSAT10/Math/part-002.pdf,293
PSAT/NMSQT & PSAT 10,Math,d34bf848,pdfs/PSAT-NMSQT-PSAT10/Math/part-002.pdf,294
PSAT/NMSQT & PSAT 10,Math,61804d07,pdfs/PSAT-NMSQT-PSAT10/Math/part-002.pdf,295
PSAT/NMSQT & PSAT 10,Math,ac076421,pdfs/PSAT-NMSQT-PSAT10/Math/part-002.pdf,296
PSAT/NMSQT & PSAT 10,Math,e181247b,pdfs/PSAT-NMSQT-PSAT10/Math/part-002.pdf,297
PSAT/NMSQT & PSAT 10,Math,bfd9a740,pdfs/PSAT-NMSQT-PSAT10/Math/part-002.pdf,298
PSAT/NMSQT & PSAT 10,Math,bae5f619,pdfs/PSAT-NMSQT-PSAT10/Math/part-002.pdf,299
PSAT/NMSQT & PSAT 10,Math,e6ccad91,pdfs/PSAT-NMSQT-PSAT10/Math/part-002.pdf,300
PSAT/NMSQT & PSAT 10,Math,b1b17722,pdfs/PSAT-NMSQT-PSAT10/Math/part-002.pdf,301
PSAT/NMSQT & PSAT 10,Math,8e977529,pdfs/PSAT-NMSQT-PSAT10/Math/part-002.pdf,302
PSAT/NMSQT & PSAT 10,Math,60a9b45d,pdfs/PSAT-NMSQT-PSAT10/Math/part-002.pdf,303
PSAT/NMSQT & PSAT 10,Math,8737f3b0,pdfs/PSAT-NMSQT-PSAT10/Math/part-002.pdf,304
PSAT/NMSQT & PSAT 10,Math,090dcfa1,pdfs/PSAT-NMSQT-PSAT10/Math/part-002.pdf,305
PSAT/NMSQT & PSAT 10,Math,cf1bdcaf,pdfs/PSAT-NMSQT-PSAT10/Math/part-002.pdf,306
PSAT/NMSQT & PSAT 10,Math,93b1f55c,pdfs/PSAT-NMSQT-PSAT10/Math/part-002.pdf,307
PSAT/NMSQT & PSAT 10,Math,f6c98a11,pdfs/PSAT-NMSQT-PSAT10/Math/part-002.pdf,308
PSAT/NMSQT & PSAT 10,Math,5db8bc7c,pdfs/PSAT-NMSQT-PSAT10/Math/part-002.pdf,309
PSAT/NMSQT & PSAT 10,Math,e9ef0669,pdfs/PSAT-NMSQT-PSAT10/Math/part-002.pdf,310
PSAT/NMSQT & PSAT 10,Math,5866b0fc,pdfs/PSAT-NMSQT-PSAT10/Math/part-002.pdf,311
PSAT/NMSQT & PSAT 10,Math,7f4b4553,pdfs/PSAT-NMSQT-PSAT10/Math/part-002.pdf,312
PSAT/NMSQT & PSAT 10,Math,8e16a787,pdfs/PSAT-NMSQT-PSAT10/Math/part-002.pdf,313
PSAT/NMSQT & PSAT 10,Math,b66a528d,pdfs/PSAT-NMSQT-PSAT10/Math/part-002.pdf,315
PSAT/NMSQT & PSAT 10,Math,8e0b71e1,pdfs/PSAT-NMSQT-PSAT10/Math/part-002.pdf,316
PSAT/NMSQT & PSAT 10,Math,9240f9d7,pdfs/PSAT-NMSQT-PSAT10/Math/part-002.pdf,317
PSAT/NMSQT & PSAT 10,Math,7040b380,pdfs/PSAT-NMSQT-PSAT10/Math/part-002.pdf,318
PSAT/NMSQT & PSAT 10,Math,319dc880,pdfs/PSAT-NMSQT-PSAT10/Math/part-002.pdf,319
PSAT/NMSQT & PSAT 10,Math,5522651b,pdfs/PSAT-NMSQT-PSAT10/Math/part-002.pdf,320
PSAT/NMSQT & PSAT 10,Math,06ddf704,pdfs/PSAT-NMSQT-PSAT10/Math/part-002.pdf,321
PSAT/NMSQT & PSAT 10,Math,e6a682ff,pdfs/PSAT-NMSQT-PSAT10/Math/part-002.pdf,322
PSAT/NMSQT & PSAT 10,Math,9faaf6ec,pdfs/PSAT-NMSQT-PSAT10/Math/part-002.pdf,323
PSAT/NMSQT & PSAT 10,Math,7eab4baf,pdfs/PSAT-NMSQT-PSAT10/Math/part-002.pdf,324
PSAT/NMSQT & PSAT 10,Math,87d746d8,pdfs/PSAT-NMSQT-PSAT10/Math/part-002.pdf,325
PSAT/NMSQT & PSAT 10,Math,ed106ee8,pdfs/PSAT-NMSQT-PSAT10/Math/part-002.pdf,326
PSAT/NMSQT & PSAT 10,Math,e4e29603,pdfs/PSAT-NMSQT-PSAT10/Math/part-002.pdf,327
PSAT/NMSQT & PSAT 10,Math,13f76fc6,pdfs/PSAT-NMSQT-PSAT10/Math/part-002.pdf,328
PSAT/NMSQT & PSAT 10,Math,a7fa6963,pdfs/PSAT-NMSQT-PSAT10/Math/part-002.pdf,329
PSAT/NMSQT & PSAT 10,Math,20db22fd,pdfs/PSAT-NMSQT-PSAT10/Math/part-002.pdf,330
PSAT/NMSQT & PSAT 10,Math,d4208d17,pdfs/PSAT-NMSQT-PSAT10/Math/part-002.pdf,331
PSAT/NMSQT & PSAT 10,Math,75163d57,pdfs/PSAT-NMSQT-PSAT10/Math/part-002.pdf,332
PSAT/NMSQT & PSAT 10,Math,e44ce79d,pdfs/PSAT-NMSQT-PSAT10/Math/part-002.pdf,333
PSAT/NMSQT & PSAT 10,Math,4206d28a,pdfs/PSAT-NMSQT-PSAT10/Math/part-002.pdf,334
PSAT/NMSQT & PSAT 10,Math,0a8889bf,pdfs/PSAT-NMSQT-PSAT10/Math/part-002.pdf,335
PSAT/NMSQT & PSAT 10,Math,605d815b,pdfs/PSAT-NMSQT-PSAT10/Math/part-002.pdf,336
PSAT/NMSQT & PSAT 10,Math,77cc1245,pdfs/PSAT-NMSQT-PSAT10/Math/part-002.pdf,337
PSAT/NMSQT & PSAT 10,Math,e0abe4e5,pdfs/PSAT-NMSQT-PSAT10/Math/part-002.pdf,338
PSAT/NMSQT & PSAT 10,Math,cd8c00c4,pdfs/PSAT-NMSQT-PSAT10/Math/part-002.pdf,339
PSAT/NMSQT & PSAT 10,Math,9733bdd3,pdfs/PSAT-NMSQT-PSAT10/Math/part-002.pdf,340
PSAT/NMSQT & PSAT 10,Math,c50ec1ec,pdfs/PSAT-NMSQT-PSAT10/Math/part-002.pdf,341
PSAT/NMSQT & PSAT 10,Math,b9e4dbbd,pdfs/PSAT-NMSQT-PSAT10/Math/part-002.pdf,342
PSAT/NMSQT & PSAT 10,Math,2c96194a,pdfs/PSAT-NMSQT-PSAT10/Math/part-002.pdf,343
PSAT/NMSQT & PSAT 10,Math,db41cea3,pdfs/PSAT-NMSQT-PSAT10/Math/part-002.pdf,344
PSAT/NMSQT & PSAT 10,Math,de73f17a,pdfs/PSAT-NMSQT-PSAT10/Math/part-002.pdf,345
PSAT/NMSQT & PSAT 10,Math,2b001a20,pdfs/PSAT-NMSQT-PSAT10/Math/part-002.pdf,346
PSAT/NMSQT & PSAT 10,Math,3c0c1937,pdfs/PSAT-NMSQT-PSAT10/Math/part-002.pdf,347
PSAT/NMSQT & PSAT 10,Math,1a79136c,pdfs/PSAT-NMSQT-PSAT10/Math/part-002.pdf,348
PSAT/NMSQT & PSAT 10,Math,d8b94a5d,pdfs/PSAT-NMSQT-PSAT10/Math/part-002.pdf,349
PSAT/NMSQT & PSAT 10,Math,954cf31e,pdfs/PSAT-NMSQT-PSAT10/Math/part-002.pdf,350
PSAT/NMSQT & PSAT 10,Math,e795b5ea,pdfs/PSAT-NMSQT-PSAT10/Math/part-002.pdf,351
PSAT/NMSQT & PSAT 10,Math,d170ad55,pdfs/PSAT-NMSQT-PSAT10/Math/part-002.pdf,352
PSAT/NMSQT & PSAT 10,Math,523feef1,pdfs/PSAT-NMSQT-PSAT10/Math/part-002.pdf,353
PSAT/NMSQT & PSAT 10,Math,73559189,pdfs/PSAT-NMSQT-PSAT10/Math/part-002.pdf,354
PSAT/NMSQT & PSAT 10,Math,472fd879,pdfs/PSAT-NMSQT-PSAT10/Math/part-002.pdf,355
PSAT/NMSQT & PSAT 10,Math,4fa67655,pdfs/PSAT-NMSQT-PSAT10/Math/part-002.pdf,356
PSAT/NMSQT & PSAT 10,Math,8a47de3f,pdfs/PSAT-NMSQT-PSAT10/Math/part-002.pdf,357
PSAT/NMSQT & PSAT 10,Math,ec26b4c2,pdfs/PSAT-NMSQT-PSAT10/Math/part-002.pdf,358
PSAT/NMSQT & PSAT 10,Math,b5ea1e6d,pdfs/PSAT-NMSQT-PSAT10/Math/part-002.pdf,359
PSAT/NMSQT & PSAT 10,Math,3d5c74c9,pdfs/PSAT-NMSQT-PSAT10/Math/part-002.pdf,360
PSAT/NMSQT & PSAT 10,Math,0aaca625,pdfs/PSAT-NMSQT-PSAT10/Math/part-002.pdf,361
PSAT/NMSQT & PSAT 10,Math,33a4874e,pdfs/PSAT-NMSQT-PSAT10/Math/part-002.pdf,364
PSAT/NMSQT & PSAT 10,Math,8d8706be,pdfs/PSAT-NMSQT-PSAT10/Math/part-002.pdf,365
PSAT/NMSQT & PSAT 10,Math,b2322161,pdfs/PSAT-NMSQT-PSAT10/Math/part-002.pdf,366
PSAT/NMSQT & PSAT 10,Math,b2d7df0f,pdfs/PSAT-NMSQT-PSAT10/Math/part-002.pdf,367
PSAT/NMSQT & PSAT 10,Math,8c835f3d,pdfs/PSAT-NMSQT-PSAT10/Math/part-002.pdf,368
PSAT/NMSQT & PSAT 10,Math,e341c71b,pdfs/PSAT-NMSQT-PSAT10/Math/part-002.pdf,369
PSAT/NMSQT & PSAT 10,Math,919c996d,pdfs/PSAT-NMSQT-PSAT10/Math/part-002.pdf,370
PSAT/NMSQT & PSAT 10,Math,af5e5c4a,pdfs/PSAT-NMSQT-PSAT10/Math/part-002.pdf,371
PSAT/NMSQT & PSAT 10,Math,f28faad3,pdfs/PSAT-NMSQT-PSAT10/Math/part-002.pdf,372
PSAT/NMSQT & PSAT 10,Math,9c5c7f8b,pdfs/PSAT-NMSQT-PSAT10/Math/part-002.pdf,373
PSAT/NMSQT & PSAT 10,Math,ddc94abf,pdfs/PSAT-NMSQT-PSAT10/Math/part-002.pdf,374
PSAT/NMSQT & PSAT 10,Math,6876d94d,pdfs/PSAT-NMSQT-PSAT10/Math/part-002.pdf,375
PSAT/NMSQT & PSAT 10,Math,c54fd05c,pdfs/PSAT-NMSQT-PSAT10/Math/part-002.pdf,376
PSAT/NMSQT & PSAT 10,Math,d5371c29,pdfs/PSAT-NMSQT-PSAT10/Math/part-002.pdf,377
PSAT/NMSQT & PSAT 10,Math,94816ab3,pdfs/PSAT-NMSQT-PSAT10/Math/part-002.pdf,378
PSAT/NMSQT & PSAT 10,Math,a25ed186,pdfs/PSAT-NMSQT-PSAT10/Math/part-002.pdf,380
PSAT/NMSQT & PSAT 10,Math,87f5d2fd,pdfs/PSAT-NMSQT-PSAT10/Math/part-002.pdf,381
PSAT/NMSQT & PSAT 10,Math,248359a1,pdfs/PSAT-NMSQT-PSAT10/Math/part-002.pdf,382
PSAT/NMSQT & PSAT 10,Math,b914945d,pdfs/PSAT-NMSQT-PSAT10/Math/part-002.pdf,383
PSAT/NMSQT & PSAT 10,Math,731200aa,pdfs/PSAT-NMSQT-PSAT10/Math/part-002.pdf,384
PSAT/NMSQT & PSAT 10,Math,eff1fea0,pdfs/PSAT-NMSQT-PSAT10/Math/part-002.pdf,385
PSAT/NMSQT & PSAT 10,Math,f912ac40,pdfs/PSAT-NMSQT-PSAT10/Math/part-002.pdf,386
PSAT/NMSQT & PSAT 10,Math,16d3a40c,pdfs/PSAT-NMSQT-PSAT10/Math/part-002.pdf,387
PSAT/NMSQT & PSAT 10,Math,27efb71f,pdfs/PSAT-NMSQT-PSAT10/Math/part-002.pdf,388
PSAT/NMSQT & PSAT 10,Math,5a1bdd97,pdfs/PSAT-NMSQT-PSAT10/Math/part-002.pdf,389
PSAT/NMSQT & PSAT 10,Math,5f453859,pdfs/PSAT-NMSQT-PSAT10/Math/part-002.pdf,390
PSAT/NMSQT & PSAT 10,Math,670aa06d,pdfs/PSAT-NMSQT-PSAT10/Math/part-002.pdf,391
PSAT/NMSQT & PSAT 10,Math,c1760f07,pdfs/PSAT-NMSQT-PSAT10/Math/part-002.pdf,392
PSAT/NMSQT & PSAT 10,Math,060b2011,pdfs/PSAT-NMSQT-PSAT10/Math/part-002.pdf,393
PSAT/NMSQT & PSAT 10,Math,bbabf0cd,pdfs/PSAT-NMSQT-PSAT10/Math/part-002.pdf,394
PSAT/NMSQT & PSAT 10,Math,e2ff087e,pdfs/PSAT-NMSQT-PSAT10/Math/part-002.pdf,395
PSAT/NMSQT & PSAT 10,Math,f6d72a46,pdfs/PSAT-NMSQT-PSAT10/Math/part-002.pdf,396
PSAT/NMSQT & PSAT 10,Math,c4a5cd2f,pdfs/PSAT-NMSQT-PSAT10/Math/part-002.pdf,397
PSAT/NMSQT & PSAT 10,Math,16dea7b2,pdfs/PSAT-NMSQT-PSAT10/Math/part-002.pdf,398
PSAT/NMSQT & PSAT 10,Math,633f94a9,pdfs/PSAT-NMSQT-PSAT10/Math/part-002.pdf,399
PSAT/NMSQT & PSAT 10,Math,46938859,pdfs/PSAT-NMSQT-PSAT10/Math/part-002.pdf,400
PSAT/NMSQT & PSAT 10,Math,c1781d42,pdfs/PSAT-NMSQT-PSAT10/Math/part-002.pdf,401
PSAT/NMSQT & PSAT 10,Math,d0f95be2,pdfs/PSAT-NMSQT-PSAT10/Math/part-002.pdf,402
PSAT/NMSQT & PSAT 10,Math,993fcc9f,pdfs/PSAT-NMSQT-PSAT10/Math/part-002.pdf,403
PSAT/NMSQT & PSAT 10,Math,98a2a14e,pdfs/PSAT-NMSQT-PSAT10/Math/part-002.pdf,404
PSAT/NMSQT & PSAT 10,Math,d078f9d5,pdfs/PSAT-NMSQT-PSAT10/Math/part-002.pdf,405
PSAT/NMSQT & PSAT 10,Math,319a0c0b,pdfs/PSAT-NMSQT-PSAT10/Math/part-002.pdf,406
PSAT/NMSQT & PSAT 10,Math,d2ccb39b,pdfs/PSAT-NMSQT-PSAT10/Math/part-002.pdf,407
PSAT/NMSQT & PSAT 10,Math,26bbb5f6,pdfs/PSAT-NMSQT-PSAT10/Math/part-002.pdf,408
PSAT/NMSQT & PSAT 10,Math,c9052e6e,pdfs/PSAT-NMSQT-PSAT10/Math/part-002.pdf,409
PSAT/NMSQT & PSAT 10,Math,92ff8bc0,pdfs/PSAT-NMSQT-PSAT10/Math/part-002.pdf,410
PSAT/NMSQT & PSAT 10,Math,b48532cb,pdfs/PSAT-NMSQT-PSAT10/Math/part-002.pdf,411
PSAT/NMSQT & PSAT 10,Math,fa645336,pdfs/PSAT-NMSQT-PSAT10/Math/part-002.pdf,412
PSAT/NMSQT & PSAT 10,Math,15afcc19,pdfs/PSAT-NMSQT-PSAT10/Math/part-002.pdf,413
PSAT/NMSQT & PSAT 10,Math,47e17c93,pdfs/PSAT-NMSQT-PSAT10/Math/part-002.pdf,414
PSAT/NMSQT & PSAT 10,Math,9f0ccd2d,pdfs/PSAT-NMSQT-PSAT10/Math/part-002.pdf,415
PSAT/NMSQT & PSAT 10,Math,b6f82549,pdfs/PSAT-NMSQT-PSAT10/Math/part-002.pdf,416
PSAT/NMSQT & PSAT 10,Math,08b0529a,pdfs/PSAT-NMSQT-PSAT10/Math/part-002.pdf,417
PSAT/NMSQT & PSAT 10,Math,58844839,pdfs/PSAT-NMSQT-PSAT10/Math/part-002.pdf,418
PSAT/NMSQT & PSAT 10,Math,1efc1d45,pdfs/PSAT-NMSQT-PSAT10/Math/part-002.pdf,419
PSAT/NMSQT & PSAT 10,Math,4f8dab04,pdfs/PSAT-NMSQT-PSAT10/Math/part-002.pdf,420
PSAT/NMSQT & PSAT 10,Math,60121153,pdfs/PSAT-NMSQT-PSAT10/Math/part-002.pdf,421
PSAT/NMSQT & PSAT 10,Math,3d5ddd79,pdfs/PSAT-NMSQT-PSAT10/Math/part-002.pdf,422
PSAT/NMSQT & PSAT 10,Math,f5a6ead3,pdfs/PSAT-NMSQT-PSAT10/Math/part-003.pdf,1
PSAT/NMSQT & PSAT 10,Math,080e6bc9,pdfs/PSAT-NMSQT-PSAT10/Math/part-003.pdf,2
PSAT/NMSQT & PSAT 10,Math,9b383f4b,pdfs/PSAT-NMSQT-PSAT10/Math/part-003.pdf,3
PSAT/NMSQT & PSAT 10,Math,0faf8a1c,pdfs/PSAT-NMSQT-PSAT10/Math/part-003.pdf,4
PSAT/NMSQT & PSAT 10,Math,03430714,pdfs/PSAT-NMSQT-PSAT10/Math/part-003.pdf,5
PSAT/NMSQT & PSAT 10,Math,84ec0cf4,pdfs/PSAT-NMSQT-PSAT10/Math/part-003.pdf,6
PSAT/NMSQT & PSAT 10,Math,51c812f3,pdfs/PSAT-NMSQT-PSAT10/Math/part-003.pdf,8
PSAT/NMSQT & PSAT 10,Math,d165daf9,pdfs/PSAT-NMSQT-PSAT10/Math/part-003.pdf,9
PSAT/NMSQT & PSAT 10,Math,dfea487b,pdfs/PSAT-NMSQT-PSAT10/Math/part-003.pdf,10
PSAT/NMSQT & PSAT 10,Math,6ad09789,pdfs/PSAT-NMSQT-PSAT10/Math/part-003.pdf,11
PSAT/NMSQT & PSAT 10,Math,572d28b0,pdfs/PSAT-NMSQT-PSAT10/Math/part-003.pdf,12
PSAT/NMSQT & PSAT 10,Math,db4256ce,pdfs/PSAT-NMSQT-PSAT10/Math/part-003.pdf,13
PSAT/NMSQT & PSAT 10,Math,68a674cd,pdfs/PSAT-NMSQT-PSAT10/Math/part-003.pdf,14
PSAT/NMSQT & PSAT 10,Math,de1dafc4,pdfs/PSAT-NMSQT-PSAT10/Math/part-003.pdf,15
PSAT/NMSQT & PSAT 10,Math,690d8d8e,pdfs/PSAT-NMSQT-PSAT10/Math/part-003.pdf,16
PSAT/NMSQT & PSAT 10,Math,d0ceca69,pdfs/PSAT-NMSQT-PSAT10/Math/part-003.pdf,17
PSAT/NMSQT & PSAT 10,Math,e6293bbb,pdfs/PSAT-NMSQT-PSAT10/Math/part-003.pdf,19
PSAT/NMSQT & PSAT 10,Math,036e0156,pdfs/PSAT-NMSQT-PSAT10/Math/part-003.pdf,20
PSAT/NMSQT & PSAT 10,Math,eb118d0c,pdfs/PSAT-NMSQT-PSAT10/Math/part-003.pdf,21
PSAT/NMSQT & PSAT 10,Math,e0490d05,pdfs/PSAT-NMSQT-PSAT10/Math/part-003.pdf,22
PSAT/NMSQT & PSAT 10,Math,02be38ca,pdfs/PSAT-NMSQT-PSAT10/Math/part-003.pdf,23
PSAT/NMSQT & PSAT 10,Math,bb291965,pdfs/PSAT-NMSQT-PSAT10/Math/part-003.pdf,24
PSAT/NMSQT & PSAT 10,Math,559b0051,pdfs/PSAT-NMSQT-PSAT10/Math/part-003.pdf,25
PSAT/NMSQT & PSAT 10,Math,52132728,pdfs/PSAT-NMSQT-PSAT10/Math/part-003.pdf,26
PSAT/NMSQT & PSAT 10,Math,6123532a,pdfs/PSAT-NMSQT-PSAT10/Math/part-003.pdf,27
PSAT/NMSQT & PSAT 10,Math,321e84d4,pdfs/PSAT-NMSQT-PSAT10/Math/part-003.pdf,28
PSAT/NMSQT & PSAT 10,Math,d0aec4b6,pdfs/PSAT-NMSQT-PSAT10/Math/part-003.pdf,29
PSAT/NMSQT & PSAT 10,Math,7001e66a,pdfs/PSAT-NMSQT-PSAT10/Math/part-003.pdf,30
PSAT/NMSQT & PSAT 10,Math,2dca2ea6,pdfs/PSAT-NMSQT-PSAT10/Math/part-003.pdf,31
PSAT/NMSQT & PSAT 10,Math,e317a44e,pdfs/PSAT-NMSQT-PSAT10/Math/part-003.pdf,32
PSAT/NMSQT & PSAT 10,Math,6512f9ae,pdfs/PSAT-NMSQT-PSAT10/Math/part-003.pdf,33
PSAT/NMSQT & PSAT 10,Math,0018dfac,pdfs/PSAT-NMSQT-PSAT10/Math/part-003.pdf,34
PSAT/NMSQT & PSAT 10,Math,15747212,pdfs/PSAT-NMSQT-PSAT10/Math/part-003.pdf,35
PSAT/NMSQT & PSAT 10,Math,f98ba066,pdfs/PSAT-NMSQT-PSAT10/Math/part-003.pdf,36
PSAT/NMSQT & PSAT 10,Math,4d053f60,pdfs/PSAT-NMSQT-PSAT10/Math/part-003.pdf,37
PSAT/NMSQT & PSAT 10,Math,682f030d,pdfs/PSAT-NMSQT-PSAT10/Math/part-003.pdf,38
PSAT/NMSQT & PSAT 10,Math,7c1a8aab,pdfs/PSAT-NMSQT-PSAT10/Math/part-003.pdf,39
PSAT/NMSQT & PSAT 10,Math,6d552ea6,pdfs/PSAT-NMSQT-PSAT10/Math/part-003.pdf,40
PSAT/NMSQT & PSAT 10,Math,0eb50a4d,pdfs/PSAT-NMSQT-PSAT10/Math/part-003.pdf,41
PSAT/NMSQT & PSAT 10,Math,ddee0e61,pdfs/PSAT-NMSQT-PSAT10/Math/part-003.pdf,42
PSAT/NMSQT & PSAT 10,Math,6391e87c,pdfs/PSAT-NMSQT-PSAT10/Math/part-003.pdf,43
PSAT/NMSQT & PSAT 10,Math,2cf7157c,pdfs/PSAT-NMSQT-PSAT10/Math/part-003.pdf,44
PSAT/NMSQT & PSAT 10,Math,7d6eab2f,pdfs/PSAT-NMSQT-PSAT10/Math/part-003.pdf,45
PSAT/NMSQT & PSAT 10,Math,5ff75f17,pdfs/PSAT-NMSQT-PSAT10/Math/part-003.pdf,46
PSAT/NMSQT & PSAT 10,Math,200e9793,pdfs/PSAT-NMSQT-PSAT10/Math/part-003.pdf,47
PSAT/NMSQT & PSAT 10,Math,042af4ad,pdfs/PSAT-NMSQT-PSAT10/Math/part-003.pdf,48
PSAT/NMSQT & PSAT 10,Math,30e83e18,pdfs/PSAT-NMSQT-PSAT10/Math/part-003.pdf,49
PSAT/NMSQT & PSAT 10,Math,a8157eea,pdfs/PSAT-NMSQT-PSAT10/Math/part-003.pdf,50
PSAT/NMSQT & PSAT 10,Math,541d0ca7,pdfs/PSAT-NMSQT-PSAT10/Math/part-003.pdf,51
PSAT/NMSQT & PSAT 10,Math,6dc8fa1e,pdfs/PSAT-NMSQT-PSAT10/Math/part-003.pdf,52
PSAT/NMSQT & PSAT 10,Math,8a3c2d13,pdfs/PSAT-NMSQT-PSAT10/Math/part-003.pdf,53
PSAT/NMSQT & PSAT 10,Math,7c5e9072,pdfs/PSAT-NMSQT-PSAT10/Math/part-003.pdf,54
PSAT/NMSQT & PSAT 10,Math,4bc887a2,pdfs/PSAT-NMSQT-PSAT10/Math/part-003.pdf,55
PSAT/NMSQT & PSAT 10,Math,b8a30c97,pdfs/PSAT-NMSQT-PSAT10/Math/part-003.pdf,56
PSAT/NMSQT & PSAT 10,Math,bc5eb1f9,pdfs/PSAT-NMSQT-PSAT10/Math/part-003.pdf,57
PSAT/NMSQT & PSAT 10,Math,d190d8e2,pdfs/PSAT-NMSQT-PSAT10/Math/part-003.pdf,58
PSAT/NMSQT & PSAT 10,Math,b5f362fb,pdfs/PSAT-NMSQT-PSAT10/Math/part-003.pdf,59
PSAT/NMSQT & PSAT 10,Math,cd2ae9f0,pdfs/PSAT-NMSQT-PSAT10/Math/part-003.pdf,60
PSAT/NMSQT & PSAT 10,Math,8412a1a3,pdfs/PSAT-NMSQT-PSAT10/Math/part-003.pdf,61
PSAT/NMSQT & PSAT 10,Math,6ae8e463,pdfs/PSAT-NMSQT-PSAT10/Math/part-003.pdf,62
PSAT/NMSQT & PSAT 10,Math,bc6bdf73,pdfs/PSAT-NMSQT-PSAT10/Math/part-003.pdf,63
PSAT/NMSQT & PSAT 10,Math,41e574ae,pdfs/PSAT-NMSQT-PSAT10/Math/part-003.pdf,64
PSAT/NMSQT & PSAT 10,Math,0cd01f78,pdfs/PSAT-NMSQT-PSAT10/Math/part-003.pdf,65
PSAT/NMSQT & PSAT 10,Math,625aa637,pdfs/PSAT-NMSQT-PSAT10/Math/part-003.pdf,66
PSAT/NMSQT & PSAT 10,Math,a2f47efa,pdfs/PSAT-NMSQT-PSAT10/Math/part-003.pdf,67
PSAT/NMSQT & PSAT 10,Math,17af79b6,pdfs/PSAT-NMSQT-PSAT10/Math/part-003.pdf,68
PSAT/NMSQT & PSAT 10,Math,2dcd3b84,pdfs/PSAT-NMSQT-PSAT10/Math/part-003.pdf,69
PSAT/NMSQT & PSAT 10,Math,b9a87775,pdfs/PSAT-NMSQT-PSAT10/Math/part-003.pdf,70
PSAT/NMSQT & PSAT 10,Math,0dadb801,pdfs/PSAT-NMSQT-PSAT10/Math/part-003.pdf,71
PSAT/NMSQT & PSAT 10,Math,fdac1f7e,pdfs/PSAT-NMSQT-PSAT10/Math/part-003.pdf,72
PSAT/NMSQT & PSAT 10,Math,9d7f1bc0,pdfs/PSAT-NMSQT-PSAT10/Math/part-003.pdf,73
PSAT/NMSQT & PSAT 10,Math,7cb0fcbe,pdfs/PSAT-NMSQT-PSAT10/Math/part-003.pdf,74
PSAT/NMSQT & PSAT 10,Math,60da903e,pdfs/PSAT-NMSQT-PSAT10/Math/part-003.pdf,75
PSAT/NMSQT & PSAT 10,Math,493cf6e1,pdfs/PSAT-NMSQT-PSAT10/Math/part-003.pdf,76
PSAT/NMSQT & PSAT 10,Math,a65647f4,pdfs/PSAT-NMSQT-PSAT10/Math/part-003.pdf,77
PSAT/NMSQT & PSAT 10,Math,ff2473dd,pdfs/PSAT-NMSQT-PSAT10/Math/part-003.pdf,78
PSAT/NMSQT & PSAT 10,Math,c972236b,pdfs/PSAT-NMSQT-PSAT10/Math/part-003.pdf,79
PSAT/NMSQT & PSAT 10,Math,7c18c6e1,pdfs/PSAT-NMSQT-PSAT10/Math/part-003.pdf,80
PSAT/NMSQT & PSAT 10,Math,4adc0004,pdfs/PSAT-NMSQT-PSAT10/Math/part-003.pdf,81
PSAT/NMSQT & PSAT 10,Math,51198791,pdfs/PSAT-NMSQT-PSAT10/Math/part-003.pdf,84
PSAT/NMSQT & PSAT 10,Math,292d081c,pdfs/PSAT-NMSQT-PSAT10/Math/part-003.pdf,85
PSAT/NMSQT & PSAT 10,Math,08e6816a,pdfs/PSAT-NMSQT-PSAT10/Math/part-003.pdf,86
PSAT/NMSQT & PSAT 10,Math,30467b57,pdfs/PSAT-NMSQT-PSAT10/Math/part-003.pdf,87
PSAT/NMSQT & PSAT 10,Math,d3e12596,pdfs/PSAT-NMSQT-PSAT10/Math/part-003.pdf,88
PSAT/NMSQT & PSAT 10,Math,1af839ed,pdfs/PSAT-NMSQT-PSAT10/Math/part-003.pdf,89
PSAT/NMSQT & PSAT 10,Math,e0111152,pdfs/PSAT-NMSQT-PSAT10/Math/part-003.pdf,90
PSAT/NMSQT & PSAT 10,Math,6524aab3,pdfs/PSAT-NMSQT-PSAT10/Math/part-003.pdf,91
PSAT/NMSQT & PSAT 10,Math,ea182446,pdfs/PSAT-NMSQT-PSAT10/Math/part-003.pdf,92
PSAT/NMSQT & PSAT 10,Math,4b88131b,pdfs/PSAT-NMSQT-PSAT10/Math/part-003.pdf,93
PSAT/NMSQT & PSAT 10,Math,38c46714,pdfs/PSAT-NMSQT-PSAT10/Math/part-003.pdf,94
PSAT/NMSQT & PSAT 10,Math,1730960c,pdfs/PSAT-NMSQT-PSAT10/Math/part-003.pdf,95
PSAT/NMSQT & PSAT 10,Math,4758ff57,pdfs/PSAT-NMSQT-PSAT10/Math/part-003.pdf,96
PSAT/NMSQT & PSAT 10,Math,d9645a4e,pdfs/PSAT-NMSQT-PSAT10/Math/part-003.pdf,97
PSAT/NMSQT & PSAT 10,Math,a29ea035,pdfs/PSAT-NMSQT-PSAT10/Math/part-003.pdf,98
PSAT/NMSQT & PSAT 10,Math,506ccfd2,pdfs/PSAT-NMSQT-PSAT10/Math/part-003.pdf,99
PSAT/NMSQT & PSAT 10,Math,9a704654,pdfs/PSAT-NMSQT-PSAT10/Math/part-003.pdf,100
PSAT/NMSQT & PSAT 10,Math,67bcf79c,pdfs/PSAT-NMSQT-PSAT10/Math/part-003.pdf,101
PSAT/NMSQT & PSAT 10,Math,1168bdd2,pdfs/PSAT-NMSQT-PSAT10/Math/part-003.pdf,102
PSAT/NMSQT & PSAT 10,Math,3e24aac8,pdfs/PSAT-NMSQT-PSAT10/Math/part-003.pdf,103
PSAT/NMSQT & PSAT 10,Math,810e58c1,pdfs/PSAT-NMSQT-PSAT10/Math/part-003.pdf,104
PSAT/NMSQT & PSAT 10,Math,b990584d,pdfs/PSAT-NMSQT-PSAT10/Math/part-003.pdf,105
PSAT/NMSQT & PSAT 10,Math,7b042966,pdfs/PSAT-NMSQT-PSAT10/Math/part-003.pdf,106
PSAT/NMSQT & PSAT 10,Math,bd1eccb4,pdfs/PSAT-NMSQT-PSAT10/Math/part-003.pdf,107
PSAT/NMSQT & PSAT 10,Math,e770fc13,pdfs/PSAT-NMSQT-PSAT10/Math/part-003.pdf,108
PSAT/NMSQT & PSAT 10,Math,f75915cb,pdfs/PSAT-NMSQT-PSAT10/Math/part-003.pdf,109
PSAT/NMSQT & PSAT 10,Math,9cfa3e9a,pdfs/PSAT-NMSQT-PSAT10/Math/part-003.pdf,110
PSAT/NMSQT & PSAT 10,Math,bf7f0555,pdfs/PSAT-NMSQT-PSAT10/Math/part-003.pdf,111
PSAT/NMSQT & PSAT 10,Math,51254b11,pdfs/PSAT-NMSQT-PSAT10/Math/part-003.pdf,112
PSAT/NMSQT & PSAT 10,Math,1a9dfc1a,pdfs/PSAT-NMSQT-PSAT10/Math/part-003.pdf,113
PSAT/NMSQT & PSAT 10,Math,6dd4de07,pdfs/PSAT-NMSQT-PSAT10/Math/part-003.pdf,114
PSAT/NMSQT & PSAT 10,Math,2cf45ce2,pdfs/PSAT-NMSQT-PSAT10/Math/part-003.pdf,115
PSAT/NMSQT & PSAT 10,Math,b9c51f13,pdfs/PSAT-NMSQT-PSAT10/Math/part-003.pdf,116
PSAT/NMSQT & PSAT 10,Math,0075dc43,pdfs/PSAT-NMSQT-PSAT10/Math/part-003.pdf,117
PSAT/NMSQT & PSAT 10,Math,4c9f0fb9,pdfs/PSAT-NMSQT-PSAT10/Math/part-003.pdf,118
PSAT/NMSQT & PSAT 10,Math,758eb7e4,pdfs/PSAT-NMSQT-PSAT10/Math/part-003.pdf,119
PSAT/NMSQT & PSAT 10,Math,6b8e2365,pdfs/PSAT-NMSQT-PSAT10/Math/part-003.pdf,120
PSAT/NMSQT & PSAT 10,Math,995bc06f,pdfs/PSAT-NMSQT-PSAT10/Math/part-003.pdf,121
PSAT/NMSQT & PSAT 10,Math,7ddfb81f,pdfs/PSAT-NMSQT-PSAT10/Math/part-003.pdf,125
PSAT/NMSQT & PSAT 10,Math,86cdf0f3,pdfs/PSAT-NMSQT-PSAT10/Math/part-003.pdf,126
PSAT/NMSQT & PSAT 10,Math,e16d434c,pdfs/PSAT-NMSQT-PSAT10/Math/part-003.pdf,127
PSAT/NMSQT & PSAT 10,Math,8fd3335f,pdfs/PSAT-NMSQT-PSAT10/Math/part-003.pdf,128
PSAT/NMSQT & PSAT 10,Math,a0b14ae7,pdfs/PSAT-NMSQT-PSAT10/Math/part-003.pdf,129
PSAT/NMSQT & PSAT 10,Math,22a0f569,pdfs/PSAT-NMSQT-PSAT10/Math/part-003.pdf,130
PSAT/NMSQT & PSAT 10,Math,3ca9b675,pdfs/PSAT-NMSQT-PSAT10/Math/part-003.pdf,131
PSAT/NMSQT & PSAT 10,Math,ff389ed8,pdfs/PSAT-NMSQT-PSAT10/Math/part-003.pdf,132
PSAT/NMSQT & PSAT 10,Math,d46990d4,pdfs/PSAT-NMSQT-PSAT10/Math/part-003.pdf,133
PSAT/NMSQT & PSAT 10,Math,e5745bd5,pdfs/PSAT-NMSQT-PSAT10/Math/part-003.pdf,135
PSAT/NMSQT & PSAT 10,Math,620a7c12,pdfs/PSAT-NMSQT-PSAT10/Math/part-003.pdf,136
PSAT/NMSQT & PSAT 10,Math,e22b382d,pdfs/PSAT-NMSQT-PSAT10/Math/part-003.pdf,137
PSAT/NMSQT & PSAT 10,Math,3a60d4f6,pdfs/PSAT-NMSQT-PSAT10/Math/part-003.pdf,138
PSAT/NMSQT & PSAT 10,Math,3f340278,pdfs/PSAT-NMSQT-PSAT10/Math/part-003.pdf,139
PSAT/NMSQT & PSAT 10,Math,3164ddbf,pdfs/PSAT-NMSQT-PSAT10/Math/part-003.pdf,140
PSAT/NMSQT & PSAT 10,Math,738a1659,pdfs/PSAT-NMSQT-PSAT10/Math/part-003.pdf,141
PSAT/NMSQT & PSAT 10,Math,6d62c850,pdfs/PSAT-NMSQT-PSAT10/Math/part-003.pdf,142
PSAT/NMSQT & PSAT 10,Math,41c15781,pdfs/PSAT-NMSQT-PSAT10/Math/part-003.pdf,143
PSAT/NMSQT & PSAT 10,Math,71e773ae,pdfs/PSAT-NMSQT-PSAT10/Math/part-003.pdf,144
PSAT/NMSQT & PSAT 10,Math,9def2851,pdfs/PSAT-NMSQT-PSAT10/Math/part-003.pdf,145
PSAT/NMSQT & PSAT 10,Math,deefad16,pdfs/PSAT-NMSQT-PSAT10/Math/part-003.pdf,146
PSAT/NMSQT & PSAT 10,Math,5c4fe8b4,pdfs/PSAT-NMSQT-PSAT10/Math/part-003.pdf,147
PSAT/NMSQT & PSAT 10,Math,fefd3d60,pdfs/PSAT-NMSQT-PSAT10/Math/part-003.pdf,148
PSAT/NMSQT & PSAT 10,Math,7e75ead5,pdfs/PSAT-NMSQT-PSAT10/Math/part-003.pdf,149
PSAT/NMSQT & PSAT 10,Math,9ef70dca,pdfs/PSAT-NMSQT-PSAT10/Math/part-003.pdf,150
PSAT/NMSQT & PSAT 10,Math,9d279751,pdfs/PSAT-NMSQT-PSAT10/Math/part-003.pdf,153
PSAT/NMSQT & PSAT 10,Math,55910667,pdfs/PSAT-NMSQT-PSAT10/Math/part-003.pdf,154
PSAT/NMSQT & PSAT 10,Math,5361e880,pdfs/PSAT-NMSQT-PSAT10/Math/part-003.pdf,155
PSAT/NMSQT & PSAT 10,Math,b477d658,pdfs/PSAT-NMSQT-PSAT10/Math/part-003.pdf,156
PSAT/NMSQT & PSAT 10,Math,9735b016,pdfs/PSAT-NMSQT-PSAT10/Math/part-003.pdf,157
PSAT/NMSQT & PSAT 10,Math,afeddf6b,pdfs/PSAT-NMSQT-PSAT10/Math/part-003.pdf,158
PSAT/NMSQT & PSAT 10,Math,27e328a0,pdfs/PSAT-NMSQT-PSAT10/Math/part-003.pdf,159
PSAT/NMSQT & PSAT 10,Math,e31b9ea8,pdfs/PSAT-NMSQT-PSAT10/Math/part-003.pdf,160
PSAT/NMSQT & PSAT 10,Math,16bd680f,pdfs/PSAT-NMSQT-PSAT10/Math/part-003.pdf,161
PSAT/NMSQT & PSAT 10,Math,113ec9c2,pdfs/PSAT-NMSQT-PSAT10/Math/part-003.pdf,162
PSAT/NMSQT & PSAT 10,Math,e272b5be,pdfs/PSAT-NMSQT-PSAT10/Math/part-003.pdf,163
PSAT/NMSQT & PSAT 10,Math,11094c82,pdfs/PSAT-NMSQT-PSAT10/Math/part-003.pdf,164
PSAT/NMSQT & PSAT 10,Math,91afae76,pdfs/PSAT-NMSQT-PSAT10/Math/part-003.pdf,165
PSAT/NMSQT & PSAT 10,Math,14d9dffb,pdfs/PSAT-NMSQT-PSAT10/Math/part-003.pdf,166
PSAT/NMSQT & PSAT 10,Math,033fde0a,pdfs/PSAT-NMSQT-PSAT10/Math/part-003.pdf,167
PSAT/NMSQT & PSAT 10,Math,e94d1a4c,pdfs/PSAT-NMSQT-PSAT10/Math/part-003.pdf,168
PSAT/NMSQT & PSAT 10,Math,47cfe528,pdfs/PSAT-NMSQT-PSAT10/Math/part-003.pdf,169
PSAT/NMSQT & PSAT 10,Math,e425a7bc,pdfs/PSAT-NMSQT-PSAT10/Math/part-003.pdf,170
PSAT/NMSQT & PSAT 10,Math,085bec55,pdfs/PSAT-NMSQT-PSAT10/Math/part-003.pdf,171
PSAT/NMSQT & PSAT 10,Math,dab7deb8,pdfs/PSAT-NMSQT-PSAT10/Math/part-003.pdf,172
PSAT/NMSQT & PSAT 10,Math,bcfd1f48,pdfs/PSAT-NMSQT-PSAT10/Math/part-003.pdf,173
PSAT/NMSQT & PSAT 10,Math,e08e7940,pdfs/PSAT-NMSQT-PSAT10/Math/part-003.pdf,174
PSAT/NMSQT & PSAT 10,Math,85cc2080,pdfs/PSAT-NMSQT-PSAT10/Math/part-003.pdf,175
PSAT/NMSQT & PSAT 10,Math,8c00abcb,pdfs/PSAT-NMSQT-PSAT10/Math/part-003.pdf,176
PSAT/NMSQT & PSAT 10,Math,f5f04e89,pdfs/PSAT-NMSQT-PSAT10/Math/part-003.pdf,177
PSAT/NMSQT & PSAT 10,Math,864b425b,pdfs/PSAT-NMSQT-PSAT10/Math/part-003.pdf,178
PSAT/NMSQT & PSAT 10,Math,a032df8a,pdfs/PSAT-NMSQT-PSAT10/Math/part-003.pdf,179
PSAT/NMSQT & PSAT 10,Math,2104c25b,pdfs/PSAT-NMSQT-PSAT10/Math/part-003.pdf,180
PSAT/NMSQT & PSAT 10,Math,ad2fa811,pdfs/PSAT-NMSQT-PSAT10/Math/part-003.pdf,181
PSAT/NMSQT & PSAT 10,Math,86fe6a92,pdfs/PSAT-NMSQT-PSAT10/Math/part-003.pdf,182
PSAT/NMSQT & PSAT 10,Math,9d36c463,pdfs/PSAT-NMSQT-PSAT10/Math/part-003.pdf,183
PSAT/NMSQT & PSAT 10,Math,f9297f5e,pdfs/PSAT-NMSQT-PSAT10/Math/part-003.pdf,184
PSAT/NMSQT & PSAT 10,Math,3586bd89,pdfs/PSAT-NMSQT-PSAT10/Math/part-003.pdf,185
PSAT/NMSQT & PSAT 10,Math,c3aebf71,pdfs/PSAT-NMSQT-PSAT10/Math/part-003.pdf,186
PSAT/NMSQT & PSAT 10,Math,a8a57d00,pdfs/PSAT-NMSQT-PSAT10/Math/part-003.pdf,187
PSAT/NMSQT & PSAT 10,Math,836216c1,pdfs/PSAT-NMSQT-PSAT10/Math/part-003.pdf,188
PSAT/NMSQT & PSAT 10,Math,e30a8b36,pdfs/PSAT-NMSQT-PSAT10/Math/part-003.pdf,189
PSAT/NMSQT & PSAT 10,Math,6a2a2411,pdfs/PSAT-NMSQT-PSAT10/Math/part-003.pdf,190
PSAT/NMSQT & PSAT 10,Math,ffc9da9a,pdfs/PSAT-NMSQT-PSAT10/Math/part-003.pdf,191
PSAT/NMSQT & PSAT 10,Math,b96df73d,pdfs/PSAT-NMSQT-PSAT10/Math/part-003.pdf,192
PSAT/NMSQT & PSAT 10,Math,e89c1219,pdfs/PSAT-NMSQT-PSAT10/Math/part-003.pdf,193
PSAT/NMSQT & PSAT 10,Math,e66b5643,pdfs/PSAT-NMSQT-PSAT10/Math/part-003.pdf,194
PSAT/NMSQT & PSAT 10,Math,e9f0a08a,pdfs/PSAT-NMSQT-PSAT10/Math/part-003.pdf,195
PSAT/NMSQT & PSAT 10,Math,42a826c7,pdfs/PSAT-NMSQT-PSAT10/Math/part-003.pdf,196
PSAT/NMSQT & PSAT 10,Math,bf29029d,pdfs/PSAT-NMSQT-PSAT10/Math/part-003.pdf,197
PSAT/NMSQT & PSAT 10,Math,2c7b8171,pdfs/PSAT-NMSQT-PSAT10/Math/part-003.pdf,198
PSAT/NMSQT & PSAT 10,Math,7b8a4811,pdfs/PSAT-NMSQT-PSAT10/Math/part-003.pdf,199
PSAT/NMSQT & PSAT 10,Math,0ebb362b,pdfs/PSAT-NMSQT-PSAT10/Math/part-003.pdf,200
PSAT/NMSQT & PSAT 10,Math,9b3fd172,pdfs/PSAT-NMSQT-PSAT10/Math/part-003.pdf,201
PSAT/NMSQT & PSAT 10,Math,28e88508,pdfs/PSAT-NMSQT-PSAT10/Math/part-003.pdf,202
PSAT/NMSQT & PSAT 10,Math,e736a3ac,pdfs/PSAT-NMSQT-PSAT10/Math/part-003.pdf,203
PSAT/NMSQT & PSAT 10,Math,62850bc9,pdfs/PSAT-NMSQT-PSAT10/Math/part-003.pdf,204
PSAT/NMSQT & PSAT 10,Math,0f6a99b8,pdfs/PSAT-NMSQT-PSAT10/Math/part-003.pdf,205
PSAT/NMSQT & PSAT 10,Math,4f707268,pdfs/PSAT-NMSQT-PSAT10/Math/part-003.pdf,206
PSAT/NMSQT & PSAT 10,Math,964d1ec6,pdfs/PSAT-NMSQT-PSAT10/Math/part-003.pdf,207
PSAT/NMSQT & PSAT 10,Math,9db2e660,pdfs/PSAT-NMSQT-PSAT10/Math/part-003.pdf,208
PSAT/NMSQT & PSAT 10,Math,70b5e292,pdfs/PSAT-NMSQT-PSAT10/Math/part-003.pdf,209
PSAT/NMSQT & PSAT 10,Math,45525590,pdfs/PSAT-NMSQT-PSAT10/Math/part-003.pdf,210
PSAT/NMSQT & PSAT 10,Math,06e853dc,pdfs/PSAT-NMSQT-PSAT10/Math/part-003.pdf,211
PSAT/NMSQT & PSAT 10,Math,f333d2df,pdfs/PSAT-NMSQT-PSAT10/Math/part-003.pdf,212
PSAT/NMSQT & PSAT 10,Math,4e834b4b,pdfs/PSAT-NMSQT-PSAT10/Math/part-003.pdf,213
PSAT/NMSQT & PSAT 10,Math,23fe5b2d,pdfs/PSAT-NMSQT-PSAT10/Math/part-003.pdf,214
PSAT/NMSQT & PSAT 10,Math,1fa3e343,pdfs/PSAT-NMSQT-PSAT10/Math/part-003.pdf,215
PSAT/NMSQT & PSAT 10,Math,878d798f,pdfs/PSAT-NMSQT-PSAT10/Math/part-003.pdf,216
PSAT/NMSQT & PSAT 10,Math,49c283ca,pdfs/PSAT-NMSQT-PSAT10/Math/part-003.pdf,217
PSAT/NMSQT & PSAT 10,Math,c3656e3a,pdfs/PSAT-NMSQT-PSAT10/Math/part-003.pdf,218
PSAT/NMSQT & PSAT 10,Math,39944475,pdfs/PSAT-NMSQT-PSAT10/Math/part-003.pdf,219
PSAT/NMSQT & PSAT 10,Math,db3a4852,pdfs/PSAT-NMSQT-PSAT10/Math/part-003.pdf,221
PSAT/NMSQT & PSAT 10,Math,70242f75,pdfs/PSAT-NMSQT-PSAT10/Math/part-003.pdf,222
PSAT/NMSQT & PSAT 10,Math,8712a941,pdfs/PSAT-NMSQT-PSAT10/Math/part-003.pdf,223
PSAT/NMSQT & PSAT 10,Math,d9ab5ab3,pdfs/PSAT-NMSQT-PSAT10/Math/part-003.pdf,224
PSAT/NMSQT & PSAT 10,Math,62996f6e,pdfs/PSAT-NMSQT-PSAT10/Math/part-003.pdf,225
PSAT/NMSQT & PSAT 10,Math,e7a6257d,pdfs/PSAT-NMSQT-PSAT10/Math/part-003.pdf,226
PSAT/NMSQT & PSAT 10,Math,92ae7544,pdfs/PSAT-NMSQT-PSAT10/Math/part-003.pdf,227
PSAT/NMSQT & PSAT 10,Math,7a391218,pdfs/PSAT-NMSQT-PSAT10/Math/part-003.pdf,228
PSAT/NMSQT & PSAT 10,Math,3b83d79f,pdfs/PSAT-NMSQT-PSAT10/Math/part-003.pdf,229
PSAT/NMSQT & PSAT 10,Math,a11d29ed,pdfs/PSAT-NMSQT-PSAT10/Math/part-003.pdf,230
PSAT/NMSQT & PSAT 10,Math,d3d3fb9c,pdfs/PSAT-NMSQT-PSAT10/Math/part-003.pdf,231
PSAT/NMSQT & PSAT 10,Math,1863a3e8,pdfs/PSAT-NMSQT-PSAT10/Math/part-003.pdf,232
PSAT/NMSQT & PSAT 10,Math,1f043641,pdfs/PSAT-NMSQT-PSAT10/Math/part-003.pdf,233
PSAT/NMSQT & PSAT 10,Math,9d562d17,pdfs/PSAT-NMSQT-PSAT10/Math/part-003.pdf,234
PSAT/NMSQT & PSAT 10,Math,a9835831,pdfs/PSAT-NMSQT-PSAT10/Math/part-003.pdf,235
PSAT/NMSQT & PSAT 10,Math,1ef798ed,pdfs/PSAT-NMSQT-PSAT10/Math/part-003.pdf,236
PSAT/NMSQT & PSAT 10,Math,66a6b2f9,pdfs/PSAT-NMSQT-PSAT10/Math/part-003.pdf,237
PSAT/NMSQT & PSAT 10,Math,1b7bbcbe,pdfs/PSAT-NMSQT-PSAT10/Math/part-003.pdf,238
PSAT/NMSQT & PSAT 10,Math,a9439e50,pdfs/PSAT-NMSQT-PSAT10/Math/part-003.pdf,240
PSAT/NMSQT & PSAT 10,Math,ea4777aa,pdfs/PSAT-NMSQT-PSAT10/Math/part-003.pdf,241
PSAT/NMSQT & PSAT 10,Math,cd4ef4f1,pdfs/PSAT-NMSQT-PSAT10/Math/part-003.pdf,242
PSAT/NMSQT & PSAT 10,Math,6c6d5bc4,pdfs/PSAT-NMSQT-PSAT10/Math/part-003.pdf,243
PSAT/NMSQT & PSAT 10,Math,ddc126a0,pdfs/PSAT-NMSQT-PSAT10/Math/part-003.pdf,244
PSAT/NMSQT & PSAT 10,Math,448b5689,pdfs/PSAT-NMSQT-PSAT10/Math/part-003.pdf,245
PSAT/NMSQT & PSAT 10,Math,fbc5ad1c,pdfs/PSAT-NMSQT-PSAT10/Math/part-003.pdf,246
PSAT/NMSQT & PSAT 10,Math,a2c6ca9d,pdfs/PSAT-NMSQT-PSAT10/Math/part-003.pdf,248
PSAT/NMSQT & PSAT 10,Math,a4a5a534,pdfs/PSAT-NMSQT-PSAT10/Math/part-003.pdf,249
PSAT/NMSQT & PSAT 10,Math,cc32b814,pdfs/PSAT-NMSQT-PSAT10/Math/part-003.pdf,250
PSAT/NMSQT & PSAT 10,Math,0f4228f0,pdfs/PSAT-NMSQT-PSAT10/Math/part-003.pdf,251
PSAT/NMSQT & PSAT 10,Math,bbc4f5bf,pdfs/PSAT-NMSQT-PSAT10/Math/part-003.pdf,252
PSAT/NMSQT & PSAT 10,Math,ca5009c9,pdfs/PSAT-NMSQT-PSAT10/Math/part-003.pdf,253
PSAT/NMSQT & PSAT 10,Math,86d89f02,pdfs/PSAT-NMSQT-PSAT10/Math/part-003.pdf,254
PSAT/NMSQT & PSAT 10,Math,6913e6a7,pdfs/PSAT-NMSQT-PSAT10/Math/part-003.pdf,255
PSAT/NMSQT & PSAT 10,Math,2f1a8da2,pdfs/PSAT-NMSQT-PSAT10/Math/part-003.pdf,256
PSAT/NMSQT & PSAT 10,Math,4e6737f0,pdfs/PSAT-NMSQT-PSAT10/Math/part-003.pdf,257
PSAT/NMSQT & PSAT 10,Math,bcac3a3e,pdfs/PSAT-NMSQT-PSAT10/Math/part-003.pdf,258
PSAT/NMSQT & PSAT 10,Math,be5ec86e,pdfs/PSAT-NMSQT-PSAT10/Math/part-003.pdf,259
PSAT/NMSQT & PSAT 10,Math,c9011b2d,pdfs/PSAT-NMSQT-PSAT10/Math/part-003.pdf,260
PSAT/NMSQT & PSAT 10,Math,4792188f,pdfs/PSAT-NMSQT-PSAT10/Math/part-003.pdf,261
PSAT/NMSQT & PSAT 10,Math,ee013f3c,pdfs/PSAT-NMSQT-PSAT10/Math/part-003.pdf,262
PSAT/NMSQT & PSAT 10,Math,ec9e951a,pdfs/PSAT-NMSQT-PSAT10/Math/part-003.pdf,263
PSAT/NMSQT & PSAT 10,Math,e5e3a7c0,pdfs/PSAT-NMSQT-PSAT10/Math/part-003.pdf,264
PSAT/NMSQT & PSAT 10,Math,2bed4337,pdfs/PSAT-NMSQT-PSAT10/Math/part-003.pdf,265
PSAT/NMSQT & PSAT 10,Math,04106589,pdfs/PSAT-NMSQT-PSAT10/Math/part-003.pdf,266
PSAT/NMSQT & PSAT 10,Math,ab99bfc3,pdfs/PSAT-NMSQT-PSAT10/Math/part-003.pdf,267
PSAT/NMSQT & PSAT 10,Math,76477224,pdfs/PSAT-NMSQT-PSAT10/Math/part-003.pdf,268
PSAT/NMSQT & PSAT 10,Math,5d469ded,pdfs/PSAT-NMSQT-PSAT10/Math/part-003.pdf,269
PSAT/NMSQT & PSAT 10,Math,2394108f,pdfs/PSAT-NMSQT-PSAT10/Math/part-003.pdf,270
PSAT/NMSQT & PSAT 10,Math,34af62e7,pdfs/PSAT-NMSQT-PSAT10/Math/part-003.pdf,271
PSAT/NMSQT & PSAT 10,Math,de8b95bb,pdfs/PSAT-NMSQT-PSAT10/Math/part-003.pdf,272
PSAT/NMSQT & PSAT 10,Math,f612f6a7,pdfs/PSAT-NMSQT-PSAT10/Math/part-003.pdf,273
PSAT/NMSQT & PSAT 10,Math,434620b4,pdfs/PSAT-NMSQT-PSAT10/Math/part-003.pdf,274
PSAT/NMSQT & PSAT 10,Math,576f5ba7,pdfs/PSAT-NMSQT-PSAT10/Math/part-003.pdf,275
PSAT/NMSQT & PSAT 10,Math,8f374d4d,pdfs/PSAT-NMSQT-PSAT10/Math/part-003.pdf,276
PSAT/NMSQT & PSAT 10,Math,5563c9c4,pdfs/PSAT-NMSQT-PSAT10/Math/part-003.pdf,277
PSAT/NMSQT & PSAT 10,Math,1e59980d,pdfs/PSAT-NMSQT-PSAT10/Math/part-003.pdf,278
PSAT/NMSQT & PSAT 10,Math,67c1ab76,pdfs/PSAT-NMSQT-PSAT10/Math/part-003.pdf,279
PSAT/NMSQT & PSAT 10,Math,9d745a7d,pdfs/PSAT-NMSQT-PSAT10/Math/part-003.pdf,280
PSAT/NMSQT & PSAT 10,Math,042fafb0,pdfs/PSAT-NMSQT-PSAT10/Math/part-003.pdf,282
PSAT/NMSQT & PSAT 10,Math,23863e8c,pdfs/PSAT-NMSQT-PSAT10/Math/part-003.pdf,283
PSAT/NMSQT & PSAT 10,Math,7c7a9957,pdfs/PSAT-NMSQT-PSAT10/Math/part-003.pdf,284
PSAT/NMSQT & PSAT 10,Math,74ec204d,pdfs/PSAT-NMSQT-PSAT10/Math/part-003.pdf,285
PSAT/NMSQT & PSAT 10,Math,309059d9,pdfs/PSAT-NMSQT-PSAT10/Math/part-003.pdf,286
PSAT/NMSQT & PSAT 10,Math,4447dc41,pdfs/PSAT-NMSQT-PSAT10/Math/part-003.pdf,287
PSAT/NMSQT & PSAT 10,Math,a2c291a6,pdfs/PSAT-NMSQT-PSAT10/Math/part-003.pdf,288
PSAT/NMSQT & PSAT 10,Math,88987bc7,pdfs/PSAT-NMSQT-PSAT10/Math/part-003.pdf,289
PSAT/NMSQT & PSAT 10,Math,76f7d7c8,pdfs/PSAT-NMSQT-PSAT10/Math/part-003.pdf,290
PSAT/NMSQT & PSAT 10,Math,8be235b2,pdfs/PSAT-NMSQT-PSAT10/Math/part-003.pdf,291
PSAT/NMSQT & PSAT 10,Math,0125823b,pdfs/PSAT-NMSQT-PSAT10/Math/part-003.pdf,292
PSAT/NMSQT & PSAT 10,Math,fc458cc2,pdfs/PSAT-NMSQT-PSAT10/Math/part-003.pdf,293
PSAT/NMSQT & PSAT 10,Math,baed28b1,pdfs/PSAT-NMSQT-PSAT10/Math/part-003.pdf,294
PSAT/NMSQT & PSAT 10,Math,7e8e5511,pdfs/PSAT-NMSQT-PSAT10/Math/part-003.pdf,295
PSAT/NMSQT & PSAT 10,Math,01afc6ea,pdfs/PSAT-NMSQT-PSAT10/Math/part-003.pdf,297
PSAT/NMSQT & PSAT 10,Math,082fcd4c,pdfs/PSAT-NMSQT-PSAT10/Math/part-003.pdf,298
PSAT/NMSQT & PSAT 10,Math,d0ad52d6,pdfs/PSAT-NMSQT-PSAT10/Math/part-003.pdf,299
PSAT/NMSQT & PSAT 10,Math,8f7ff448,pdfs/PSAT-NMSQT-PSAT10/Math/part-003.pdf,300
PSAT/NMSQT & PSAT 10,Math,378e5cce,pdfs/PSAT-NMSQT-PSAT10/Math/part-003.pdf,301
PSAT/NMSQT & PSAT 10,Math,899aca0a,pdfs/PSAT-NMSQT-PSAT10/Math/part-003.pdf,302
PSAT/NMSQT & PSAT 10,Math,69cb3719,pdfs/PSAT-NMSQT-PSAT10/Math/part-003.pdf,303
PSAT/NMSQT & PSAT 10,Math,65c259c3,pdfs/PSAT-NMSQT-PSAT10/Math/part-003.pdf,305
PSAT/NMSQT & PSAT 10,Math,d4fcdf42,pdfs/PSAT-NMSQT-PSAT10/Math/part-003.pdf,306
PSAT/NMSQT & PSAT 10,Math,58222731,pdfs/PSAT-NMSQT-PSAT10/Math/part-003.pdf,307
PSAT/NMSQT & PSAT 10,Math,b0af7a5a,pdfs/PSAT-NMSQT-PSAT10/Math/part-003.pdf,308
PSAT/NMSQT & PSAT 10,Math,481527c4,pdfs/PSAT-NMSQT-PSAT10/Math/part-003.pdf,309
PSAT/NMSQT & PSAT 10,Math,744de162,pdfs/PSAT-NMSQT-PSAT10/Math/part-003.pdf,311
PSAT/NMSQT & PSAT 10,Math,b363c753,pdfs/PSAT-NMSQT-PSAT10/Math/part-003.pdf,312
PSAT/NMSQT & PSAT 10,Math,3d30fcf0,pdfs/PSAT-NMSQT-PSAT10/Math/part-003.pdf,313
PSAT/NMSQT & PSAT 10,Math,359add80,pdfs/PSAT-NMSQT-PSAT10/Math/part-003.pdf,314
PSAT/NMSQT & PSAT 10,Math,96edbcc4,pdfs/PSAT-NMSQT-PSAT10/Math/part-003.pdf,315
PSAT/NMSQT & PSAT 10,Math,60fd1816,pdfs/PSAT-NMSQT-PSAT10/Math/part-003.pdf,316
PSAT/NMSQT & PSAT 10,Math,cb339c53,pdfs/PSAT-NMSQT-PSAT10/Math/part-003.pdf,317
PSAT/NMSQT & PSAT 10,Math,01a726e5,pdfs/PSAT-NMSQT-PSAT10/Math/part-003.pdf,318
PSAT/NMSQT & PSAT 10,Math,bdab5ecd,pdfs/PSAT-NMSQT-PSAT10/Math/part-003.pdf,319
PSAT/NMSQT & PSAT 10,Math,50f56450,pdfs/PSAT-NMSQT-PSAT10/Math/part-003.pdf,320
PSAT/NMSQT & PSAT 10,Math,fd41affc,pdfs/PSAT-NMSQT-PSAT10/Math/part-003.pdf,321
PSAT/NMSQT & PSAT 10,Math,2566deeb,pdfs/PSAT-NMSQT-PSAT10/Math/part-003.pdf,322
PSAT/NMSQT & PSAT 10,Math,4ee7d42b,pdfs/PSAT-NMSQT-PSAT10/Math/part-003.pdf,323
PSAT/NMSQT & PSAT 10,Math,f09d38c0,pdfs/PSAT-NMSQT-PSAT10/Math/part-003.pdf,324
PSAT/NMSQT & PSAT 10,Math,5648df56,pdfs/PSAT-NMSQT-PSAT10/Math/part-003.pdf,325
PSAT/NMSQT & PSAT 10,Math,45351c33,pdfs/PSAT-NMSQT-PSAT10/Math/part-003.pdf,326
PSAT/NMSQT & PSAT 10,Math,3bb39429,pdfs/PSAT-NMSQT-PSAT10/Math/part-003.pdf,327
PSAT/NMSQT & PSAT 10,Math,b0e71bcd,pdfs/PSAT-NMSQT-PSAT10/Math/part-003.pdf,328
PSAT/NMSQT & PSAT 10,Math,35fc9dfe,pdfs/PSAT-NMSQT-PSAT10/Math/part-003.pdf,329
PSAT/NMSQT & PSAT 10,Math,30b6d91d,pdfs/PSAT-NMSQT-PSAT10/Math/part-003.pdf,330
PSAT/NMSQT & PSAT 10,Math,15b03595,pdfs/PSAT-NMSQT-PSAT10/Math/part-003.pdf,331
PSAT/NMSQT & PSAT 10,Math,f89a9f23,pdfs/PSAT-NMSQT-PSAT10/Math/part-003.pdf,332
PSAT/NMSQT & PSAT 10,Math,af9c7952,pdfs/PSAT-NMSQT-PSAT10/Math/part-003.pdf,334
PSAT/NMSQT & PSAT 10,Math,a02a881f,pdfs/PSAT-NMSQT-PSAT10/Math/part-003.pdf,335
PSAT/NMSQT & PSAT 10,Math,c28c7a19,pdfs/PSAT-NMSQT-PSAT10/Math/part-003.pdf,336
PSAT/NMSQT & PSAT 10,Math,35547479,pdfs/PSAT-NMSQT-PSAT10/Math/part-003.pdf,337
PSAT/NMSQT & PSAT 10,Math,816cc770,pdfs/PSAT-NMSQT-PSAT10/Math/part-003.pdf,338
PSAT/NMSQT & PSAT 10,Math,19aaaa2a,pdfs/PSAT-NMSQT-PSAT10/Math/part-003.pdf,339
PSAT/NMSQT & PSAT 10,Math,1ff93b5b,pdfs/PSAT-NMSQT-PSAT10/Math/part-003.pdf,340
PSAT/NMSQT & PSAT 10,Math,a17742ab,pdfs/PSAT-NMSQT-PSAT10/Math/part-003.pdf,341
PSAT/NMSQT & PSAT 10,Math,3a8238b9,pdfs/PSAT-NMSQT-PSAT10/Math/part-003.pdf,342
PSAT/NMSQT & PSAT 10,Math,4478ccc3,pdfs/PSAT-NMSQT-PSAT10/Math/part-003.pdf,343
PSAT/NMSQT & PSAT 10,Math,120da172,pdfs/PSAT-NMSQT-PSAT10/Math/part-003.pdf,345
PSAT/NMSQT & PSAT 10,Math,dac0a98c,pdfs/PSAT-NMSQT-PSAT10/Math/part-003.pdf,346
PSAT/NMSQT & PSAT 10,Math,8e321d11,pdfs/PSAT-NMSQT-PSAT10/Math/part-003.pdf,348
PSAT/NMSQT & PSAT 10,Math,89514f52,pdfs/PSAT-NMSQT-PSAT10/Math/part-003.pdf,349
PSAT/NMSQT & PSAT 10,Math,944678f7,pdfs/PSAT-NMSQT-PSAT10/Math/part-003.pdf,350
PSAT/NMSQT & PSAT 10,Math,ee82ac09,pdfs/PSAT-NMSQT-PSAT10/Math/part-003.pdf,351
PSAT/NMSQT & PSAT 10,Math,a656b428,pdfs/PSAT-NMSQT-PSAT10/Math/part-003.pdf,352
PSAT/NMSQT & PSAT 10,Math,82a73824,pdfs/PSAT-NMSQT-PSAT10/Math/part-003.pdf,354
PSAT/NMSQT & PSAT 10,Math,a004b81d,pdfs/PSAT-NMSQT-PSAT10/Math/part-003.pdf,355
PSAT/NMSQT & PSAT 10,Math,da270035,pdfs/PSAT-NMSQT-PSAT10/Math/part-003.pdf,356
PSAT/NMSQT & PSAT 10,Math,bd796657,pdfs/PSAT-NMSQT-PSAT10/Math/part-003.pdf,357
PSAT/NMSQT & PSAT 10,Math,88367d46,pdfs/PSAT-NMSQT-PSAT10/Math/part-003.pdf,358
PSAT/NMSQT & PSAT 10,Math,def39885,pdfs/PSAT-NMSQT-PSAT10/Math/part-003.pdf,359
PSAT/NMSQT & PSAT 10,Math,ab1610d6,pdfs/PSAT-NMSQT-PSAT10/Math/part-003.pdf,360
PSAT/NMSQT & PSAT 10,Math,d35a2125,pdfs/PSAT-NMSQT-PSAT10/Math/part-003.pdf,361
PSAT/NMSQT & PSAT 10,Math,3f39890a,pdfs/PSAT-NMSQT-PSAT10/Math/part-003.pdf,362
PSAT/NMSQT & PSAT 10,Math,8b10ba64,pdfs/PSAT-NMSQT-PSAT10/Math/part-003.pdf,364
PSAT/NMSQT & PSAT 10,Math,7a5c4253,pdfs/PSAT-NMSQT-PSAT10/Math/part-003.pdf,365
PSAT/NMSQT & PSAT 10,Math,410f0d1b,pdfs/PSAT-NMSQT-PSAT10/Math/part-003.pdf,366
PSAT/NMSQT & PSAT 10,Math,d918a72a,pdfs/PSAT-NMSQT-PSAT10/Math/part-003.pdf,367
PSAT/NMSQT & PSAT 10,Math,70db7d1d,pdfs/PSAT-NMSQT-PSAT10/Math/part-003.pdf,368
PSAT/NMSQT & PSAT 10,Math,189db4fc,pdfs/PSAT-NMSQT-PSAT10/Math/part-003.pdf,369
PSAT/NMSQT & PSAT 10,Math,8ebc6a03,pdfs/PSAT-NMSQT-PSAT10/Math/part-003.pdf,370
PSAT/NMSQT & PSAT 10,Math,3c82d3b9,pdfs/PSAT-NMSQT-PSAT10/Math/part-003.pdf,371
PSAT/NMSQT & PSAT 10,Math,f700a921,pdfs/PSAT-NMSQT-PSAT10/Math/part-003.pdf,372
PSAT/NMSQT & PSAT 10,Math,3c7d7b98,pdfs/PSAT-NMSQT-PSAT10/Math/part-003.pdf,373
PSAT/NMSQT & PSAT 10,Math,2db892de,pdfs/PSAT-NMSQT-PSAT10/Math/part-003.pdf,374
PSAT/NMSQT & PSAT 10,Math,38a3b085,pdfs/PSAT-NMSQT-PSAT10/Math/part-003.pdf,375
PSAT/NMSQT & PSAT 10,Math,0218b4b3,pdfs/PSAT-NMSQT-PSAT10/Math/part-003.pdf,376
PSAT/NMSQT & PSAT 10,Math,adeb802b,pdfs/PSAT-NMSQT-PSAT10/Math/part-003.pdf,378
PSAT/NMSQT & PSAT 10,Math,9d4231dc,pdfs/PSAT-NMSQT-PSAT10/Math/part-003.pdf,379
PSAT/NMSQT & PSAT 10,Math,4bc5d98a,pdfs/PSAT-NMSQT-PSAT10/Math/part-003.pdf,380
PSAT/NMSQT & PSAT 10,Math,812f0fee,pdfs/PSAT-NMSQT-PSAT10/Math/part-003.pdf,381
PSAT/NMSQT & PSAT 10,Math,b78067a4,pdfs/PSAT-NMSQT-PSAT10/Math/part-003.pdf,382
PSAT/NMSQT & PSAT 10,Math,cab6bbcf,pdfs/PSAT-NMSQT-PSAT10/Math/part-003.pdf,383
PSAT/NMSQT & PSAT 10,Math,87a093ba,pdfs/PSAT-NMSQT-PSAT10/Math/part-003.pdf,384
PSAT/NMSQT & PSAT 10,Math,d0d34d4b,pdfs/PSAT-NMSQT-PSAT10/Math/part-003.pdf,385
PSAT/NMSQT & PSAT 10,Math,f5a26fd2,pdfs/PSAT-NMSQT-PSAT10/Math/part-003.pdf,386
PSAT/NMSQT & PSAT 10,Math,b3dce9f1,pdfs/PSAT-NMSQT-PSAT10/Math/part-003.pdf,387
PSAT/NMSQT & PSAT 10,Math,d092292c,pdfs/PSAT-NMSQT-PSAT10/Math/part-003.pdf,388
PSAT/NMSQT & PSAT 10,Math,204f449c,pdfs/PSAT-NMSQT-PSAT10/Math/part-003.pdf,389
PSAT/NMSQT & PSAT 10,Math,41e027e7,pdfs/PSAT-NMSQT-PSAT10/Math/part-003.pdf,391
PSAT/NMSQT & PSAT 10,Math,b893a787,pdfs/PSAT-NMSQT-PSAT10/Math/part-003.pdf,392
PSAT/NMSQT & PSAT 10,Math,5595caaa,pdfs/PSAT-NMSQT-PSAT10/Math/part-003.pdf,393
PSAT/NMSQT & PSAT 10,Math,bf5158e7,pdfs/PSAT-NMSQT-PSAT10/Math/part-003.pdf,394
PSAT/NMSQT & PSAT 10,Math,d076f566,pdfs/PSAT-NMSQT-PSAT10/Math/part-003.pdf,395
PSAT/NMSQT & PSAT 10,Math,e858b5bf,pdfs/PSAT-NMSQT-PSAT10/Math/part-003.pdf,396
PSAT/NMSQT & PSAT 10,Math,82997fbb,pdfs/PSAT-NMSQT-PSAT10/Math/part-003.pdf,397
PSAT/NMSQT & PSAT 10,Math,4313e24f,pdfs/PSAT-NMSQT-PSAT10/Math/part-003.pdf,398
PSAT/NMSQT & PSAT 10,Math,cb024bce,pdfs/PSAT-NMSQT-PSAT10/Math/part-003.pdf,399
PSAT/NMSQT & PSAT 10,Math,af78e7c2,pdfs/PSAT-NMSQT-PSAT10/Math/part-003.pdf,400
PSAT/NMSQT & PSAT 10,Math,f17786f5,pdfs/PSAT-NMSQT-PSAT10/Math/part-003.pdf,401
PSAT/NMSQT & PSAT 10,Math,feb8eb71,pdfs/PSAT-NMSQT-PSAT10/Math/part-003.pdf,402
PSAT/NMSQT & PSAT 10,Math,00049076,pdfs/PSAT-NMSQT-PSAT10/Math/part-003.pdf,403
PSAT/NMSQT & PSAT 10,Math,9d68323b,pdfs/PSAT-NMSQT-PSAT10/Math/part-003.pdf,404
PSAT/NMSQT & PSAT 10,Math,63143f19,pdfs/PSAT-NMSQT-PSAT10/Math/part-003.pdf,405
PSAT/NMSQT & PSAT 10,Math,6e428228,pdfs/PSAT-NMSQT-PSAT10/Math/part-003.pdf,406
PSAT/NMSQT & PSAT 10,Math,d77a7168,pdfs/PSAT-NMSQT-PSAT10/Math/part-003.pdf,407
PSAT/NMSQT & PSAT 10,Math,5ec8f31d,pdfs/PSAT-NMSQT-PSAT10/Math/part-003.pdf,409
PSAT/NMSQT & PSAT 10,Math,9869eb6f,pdfs/PSAT-NMSQT-PSAT10/Math/part-003.pdf,410
PSAT/NMSQT & PSAT 10,Math,0df5b2fb,pdfs/PSAT-NMSQT-PSAT10/Math/part-003.pdf,412
PSAT/NMSQT & PSAT 10,Math,7ffe9563,pdfs/PSAT-NMSQT-PSAT10/Math/part-003.pdf,413
PSAT/NMSQT & PSAT 10,Math,f31804d4,pdfs/PSAT-NMSQT-PSAT10/Math/part-003.pdf,414
PSAT/NMSQT & PSAT 10,Math,1c54e23e,pdfs/PSAT-NMSQT-PSAT10/Math/part-003.pdf,415
PSAT/NMSQT & PSAT 10,Math,1961f8fa,pdfs/PSAT-NMSQT-PSAT10/Math/part-003.pdf,416
PSAT/NMSQT & PSAT 10,Math,d9db0e63,pdfs/PSAT-NMSQT-PSAT10/Math/part-003.pdf,417
PSAT/NMSQT & PSAT 10,Math,4538ecc1,pdfs/PSAT-NMSQT-PSAT10/Math/part-003.pdf,419
PSAT/NMSQT & PSAT 10,Math,f7881f9a,pdfs/PSAT-NMSQT-PSAT10/Math/part-003.pdf,420
PSAT/NMSQT & PSAT 10,Math,7e24cb3c,pdfs/PSAT-NMSQT-PSAT10/Math/part-003.pdf,421
PSAT/NMSQT & PSAT 10,Math,29a827d7,pdfs/PSAT-NMSQT-PSAT10/Math/part-003.pdf,422
PSAT/NMSQT & PSAT 10,Math,a9effd39,pdfs/PSAT-NMSQT-PSAT10/Math/part-003.pdf,423
PSAT/NMSQT & PSAT 10,Math,b9557ee2,pdfs/PSAT-NMSQT-PSAT10/Math/part-003.pdf,424
PSAT/NMSQT & PSAT 10,Math,6cba2dc3,pdfs/PSAT-NMSQT-PSAT10/Math/part-003.pdf,425
PSAT/NMSQT & PSAT 10,Math,6b6a8403,pdfs/PSAT-NMSQT-PSAT10/Math/part-003.pdf,426
PSAT/NMSQT & PSAT 10,Math,a2effe44,pdfs/PSAT-NMSQT-PSAT10/Math/part-003.pdf,427
PSAT/NMSQT & PSAT 10,Math,aa4302f4,pdfs/PSAT-NMSQT-PSAT10/Math/part-004.pdf,1
PSAT/NMSQT & PSAT 10,Math,86261c8e,pdfs/PSAT-NMSQT-PSAT10/Math/part-004.pdf,3
PSAT/NMSQT & PSAT 10,Math,7a52aa13,pdfs/PSAT-NMSQT-PSAT10/Math/part-004.pdf,4
PSAT/NMSQT & PSAT 10,Math,8a69a54a,pdfs/PSAT-NMSQT-PSAT10/Math/part-004.pdf,5
PSAT/NMSQT & PSAT 10,Math,ea181aff,pdfs/PSAT-NMSQT-PSAT10/Math/part-004.pdf,6
PSAT/NMSQT & PSAT 10,Math,08a5537b,pdfs/PSAT-NMSQT-PSAT10/Math/part-004.pdf,8
PSAT/NMSQT & PSAT 10,Math,1402fd7b,pdfs/PSAT-NMSQT-PSAT10/Math/part-004.pdf,9
PSAT/NMSQT & PSAT 10,Math,d4a2b738,pdfs/PSAT-NMSQT-PSAT10/Math/part-004.pdf,10
PSAT/NMSQT & PSAT 10,Math,975e686a,pdfs/PSAT-NMSQT-PSAT10/Math/part-004.pdf,11
PSAT/NMSQT & PSAT 10,Math,82682ea2,pdfs/PSAT-NMSQT-PSAT10/Math/part-004.pdf,12
PSAT/NMSQT & PSAT 10,Math,de590716,pdfs/PSAT-NMSQT-PSAT10/Math/part-004.pdf,13
PSAT/NMSQT & PSAT 10,Math,36b241fa,pdfs/PSAT-NMSQT-PSAT10/Math/part-004.pdf,14
PSAT/NMSQT & PSAT 10,Math,1fc390c0,pdfs/PSAT-NMSQT-PSAT10/Math/part-004.pdf,15
PSAT/NMSQT & PSAT 10,Math,69b9781a,pdfs/PSAT-NMSQT-PSAT10/Math/part-004.pdf,16
PSAT/NMSQT & PSAT 10,Math,37ff3f20,pdfs/PSAT-NMSQT-PSAT10/Math/part-004.pdf,17
PSAT/NMSQT & PSAT 10,Math,a6e7e666,pdfs/PSAT-NMSQT-PSAT10/Math/part-004.pdf,18
PSAT/NMSQT & PSAT 10,Math,74ea40c2,pdfs/PSAT-NMSQT-PSAT10/Math/part-004.pdf,19
PSAT/NMSQT & PSAT 10,Math,1423e2f2,pdfs/PSAT-NMSQT-PSAT10/Math/part-004.pdf,20
PSAT/NMSQT & PSAT 10,Math,5c85204e,pdfs/PSAT-NMSQT-PSAT10/Math/part-004.pdf,21
PSAT/NMSQT & PSAT 10,Math,c09a8736,pdfs/PSAT-NMSQT-PSAT10/Math/part-004.pdf,22
PSAT/NMSQT & PSAT 10,Math,c2e2f8ea,pdfs/PSAT-NMSQT-PSAT10/Math/part-004.pdf,23
PSAT/NMSQT & PSAT 10,Math,f589f113,pdfs/PSAT-NMSQT-PSAT10/Math/part-004.pdf,24
PSAT/NMSQT & PSAT 10,Math,6baf0f47,pdfs/PSAT-NMSQT-PSAT10/Math/part-004.pdf,25
PSAT/NMSQT & PSAT 10,Math,f77b531f,pdfs/PSAT-NMSQT-PSAT10/Math/part-004.pdf,26
PSAT/NMSQT & PSAT 10,Math,921164e1,pdfs/PSAT-NMSQT-PSAT10/Math/part-004.pdf,27
PSAT/NMSQT & PSAT 10,Math,4d9318e2,pdfs/PSAT-NMSQT-PSAT10/Math/part-004.pdf,28
PSAT/NMSQT & PSAT 10,Math,02018f6d,pdfs/PSAT-NMSQT-PSAT10/Math/part-004.pdf,29
PSAT/NMSQT & PSAT 10,Math,bae26b23,pdfs/PSAT-NMSQT-PSAT10/Math/part-004.pdf,30
PSAT/NMSQT & PSAT 10,Math,d57aa1f3,pdfs/PSAT-NMSQT-PSAT10/Math/part-004.pdf,31
PSAT/NMSQT & PSAT 10,Math,9e0ed298,pdfs/PSAT-NMSQT-PSAT10/Math/part-004.pdf,32
PSAT/NMSQT & PSAT 10,Math,a5fe531d,pdfs/PSAT-NMSQT-PSAT10/Math/part-004.pdf,33
PSAT/NMSQT & PSAT 10,Math,86e7dd9e,pdfs/PSAT-NMSQT-PSAT10/Math/part-004.pdf,34
PSAT/NMSQT & PSAT 10,Math,b36bfb1d,pdfs/PSAT-NMSQT-PSAT10/Math/part-004.pdf,35
PSAT/NMSQT & PSAT 10,Math,584322f0,pdfs/PSAT-NMSQT-PSAT10/Math/part-004.pdf,36
PSAT/NMSQT & PSAT 10,Math,1a751944,pdfs/PSAT-NMSQT-PSAT10/Math/part-004.pdf,37
PSAT/NMSQT & PSAT 10,Math,320338ad,pdfs/PSAT-NMSQT-PSAT10/Math/part-004.pdf,38
PSAT/NMSQT & PSAT 10,Math,8eb9438d,pdfs/PSAT-NMSQT-PSAT10/Math/part-004.pdf,39
PSAT/NMSQT & PSAT 10,Math,eb096d6a,pdfs/PSAT-NMSQT-PSAT10/Math/part-004.pdf,40
PSAT/NMSQT & PSAT 10,Math,cae86e86,pdfs/PSAT-NMSQT-PSAT10/Math/part-004.pdf,41
PSAT/NMSQT & PSAT 10,Math,460db3bb,pdfs/PSAT-NMSQT-PSAT10/Math/part-004.pdf,42
PSAT/NMSQT & PSAT 10,Math,a958b4cb,pdfs/PSAT-NMSQT-PSAT10/Math/part-004.pdf,44
PSAT/NMSQT & PSAT 10,Math,f54a95b7,pdfs/PSAT-NMSQT-PSAT10/Math/part-004.pdf,45
PSAT/NMSQT & PSAT 10,Math,71a1671b,pdfs/PSAT-NMSQT-PSAT10/Math/part-004.pdf,46
PSAT/NMSQT & PSAT 10,Math,cd09f7e6,pdfs/PSAT-NMSQT-PSAT10/Math/part-004.pdf,47
PSAT/NMSQT & PSAT 10,Math,a6f51444,pdfs/PSAT-NMSQT-PSAT10/Math/part-004.pdf,48
PSAT/NMSQT & PSAT 10,Math,e043fd2a,pdfs/PSAT-NMSQT-PSAT10/Math/part-004.pdf,49
PSAT/NMSQT & PSAT 10,Math,b30ee40e,pdfs/PSAT-NMSQT-PSAT10/Math/part-004.pdf,50
PSAT/NMSQT & PSAT 10,Math,1bf70bba,pdfs/PSAT-NMSQT-PSAT10/Math/part-004.pdf,51
PSAT/NMSQT & PSAT 10,Math,bac4ed74,pdfs/PSAT-NMSQT-PSAT10/Math/part-004.pdf,53
PSAT/NMSQT & PSAT 10,Math,066e4f90,pdfs/PSAT-NMSQT-PSAT10/Math/part-004.pdf,54
PSAT/NMSQT & PSAT 10,Math,b691cb10,pdfs/PSAT-NMSQT-PSAT10/Math/part-004.pdf,55
PSAT/NMSQT & PSAT 10,Math,511c94dc,pdfs/PSAT-NMSQT-PSAT10/Math/part-004.pdf,56
PSAT/NMSQT & PSAT 10,Math,52205651,pdfs/PSAT-NMSQT-PSAT10/Math/part-004.pdf,57
PSAT/NMSQT & PSAT 10,Math,b562d487,pdfs/PSAT-NMSQT-PSAT10/Math/part-004.pdf,58
PSAT/NMSQT & PSAT 10,Math,7cd98fc3,pdfs/PSAT-NMSQT-PSAT10/Math/part-004.pdf,59
PSAT/NMSQT & PSAT 10,Math,a7d09a81,pdfs/PSAT-NMSQT-PSAT10/Math/part-004.pdf,60
PSAT/NMSQT & PSAT 10,Math,aa5d1e21,pdfs/PSAT-NMSQT-PSAT10/Math/part-004.pdf,61
PSAT/NMSQT & PSAT 10,Math,fad8f3a4,pdfs/PSAT-NMSQT-PSAT10/Math/part-004.pdf,62
PSAT/NMSQT & PSAT 10,Math,4432e04e,pdfs/PSAT-NMSQT-PSAT10/Math/part-004.pdf,63
PSAT/NMSQT & PSAT 10,Math,fc33e407,pdfs/PSAT-NMSQT-PSAT10/Math/part-004.pdf,64
PSAT/NMSQT & PSAT 10,Math,aa2504eb,pdfs/PSAT-NMSQT-PSAT10/Math/part-004.pdf,65
PSAT/NMSQT & PSAT 10,Math,6b6ceb7b,pdfs/PSAT-NMSQT-PSAT10/Math/part-004.pdf,66
PSAT/NMSQT & PSAT 10,Math,810e41a3,pdfs/PSAT-NMSQT-PSAT10/Math/part-004.pdf,67
PSAT/NMSQT & PSAT 10,Math,65b52080,pdfs/PSAT-NMSQT-PSAT10/Math/part-004.pdf,68
PSAT/NMSQT & PSAT 10,Math,84a08def,pdfs/PSAT-NMSQT-PSAT10/Math/part-004.pdf,69
PSAT/NMSQT & PSAT 10,Math,5531190c,pdfs/PSAT-NMSQT-PSAT10/Math/part-004.pdf,70
PSAT/NMSQT & PSAT 10,Math,15a1b7c7,pdfs/PSAT-NMSQT-PSAT10/Math/part-004.pdf,71
PSAT/NMSQT & PSAT 10,Math,ff44806c,pdfs/PSAT-NMSQT-PSAT10/Math/part-004.pdf,72
PSAT/NMSQT & PSAT 10,Math,541214e4,pdfs/PSAT-NMSQT-PSAT10/Math/part-004.pdf,73
PSAT/NMSQT & PSAT 10,Math,171eafd1,pdfs/PSAT-NMSQT-PSAT10/Math/part-004.pdf,74
PSAT/NMSQT & PSAT 10,Math,769435a0,pdfs/PSAT-NMSQT-PSAT10/Math/part-004.pdf,75
PSAT/NMSQT & PSAT 10,Math,21a5e170,pdfs/PSAT-NMSQT-PSAT10/Math/part-004.pdf,76
PSAT/NMSQT & PSAT 10,Math,e4ec5d86,pdfs/PSAT-NMSQT-PSAT10/Math/part-004.pdf,77
PSAT/NMSQT & PSAT 10,Math,0a7cb316,pdfs/PSAT-NMSQT-PSAT10/Math/part-004.pdf,78
PSAT/NMSQT & PSAT 10,Math,e5672931,pdfs/PSAT-NMSQT-PSAT10/Math/part-004.pdf,79
PSAT/NMSQT & PSAT 10,Math,4fde548c,pdfs/PSAT-NMSQT-PSAT10/Math/part-004.pdf,80
PSAT/NMSQT & PSAT 10,Math,4fbab23a,pdfs/PSAT-NMSQT-PSAT10/Math/part-004.pdf,81
PSAT/NMSQT & PSAT 10,Math,80b2d338,pdfs/PSAT-NMSQT-PSAT10/Math/part-004.pdf,82
PSAT/NMSQT & PSAT 10,Math,aba429f3,pdfs/PSAT-NMSQT-PSAT10/Math/part-004.pdf,83
PSAT/NMSQT & PSAT 10,Math,f0f4cdc2,pdfs/PSAT-NMSQT-PSAT10/Math/part-004.pdf,84
PSAT/NMSQT & PSAT 10,Math,68f98fb9,pdfs/PSAT-NMSQT-PSAT10/Math/part-004.pdf,85
PSAT/NMSQT & PSAT 10,Math,e037572b,pdfs/PSAT-NMSQT-PSAT10/Math/part-004.pdf,86
PSAT/NMSQT & PSAT 10,Math,3c5d8b7b,pdfs/PSAT-NMSQT-PSAT10/Math/part-004.pdf,87
PSAT/NMSQT & PSAT 10,Math,15233399,pdfs/PSAT-NMSQT-PSAT10/Math/part-004.pdf,88
PSAT/NMSQT & PSAT 10,Math,85d4afa7,pdfs/PSAT-NMSQT-PSAT10/Math/part-004.pdf,89
PSAT/NMSQT & PSAT 10,Math,343bac68,pdfs/PSAT-NMSQT-PSAT10/Math/part-004.pdf,90
PSAT/NMSQT & PSAT 10,Math,742d8430,pdfs/PSAT-NMSQT-PSAT10/Math/part-004.pdf,91
PSAT/NMSQT & PSAT 10,Math,ca69ddef,pdfs/PSAT-NMSQT-PSAT10/Math/part-004.pdf,92
PSAT/NMSQT & PSAT 10,Math,2a07c52a,pdfs/PSAT-NMSQT-PSAT10/Math/part-004.pdf,93
PSAT/NMSQT & PSAT 10,Math,224094fa,pdfs/PSAT-NMSQT-PSAT10/Math/part-004.pdf,94
PSAT/NMSQT & PSAT 10,Math,0c69b0c3,pdfs/PSAT-NMSQT-PSAT10/Math/part-004.pdf,95
PSAT/NMSQT & PSAT 10,Math,6fd95a0a,pdfs/PSAT-NMSQT-PSAT10/Math/part-004.pdf,96
PSAT/NMSQT & PSAT 10,Math,b0ee8c68,pdfs/PSAT-NMSQT-PSAT10/Math/part-004.pdf,97
PSAT/NMSQT & PSAT 10,Math,10cd39cb,pdfs/PSAT-NMSQT-PSAT10/Math/part-004.pdf,98
PSAT/NMSQT & PSAT 10,Math,9992bd08,pdfs/PSAT-NMSQT-PSAT10/Math/part-004.pdf,99
PSAT/NMSQT & PSAT 10,Math,9543b2e1,pdfs/PSAT-NMSQT-PSAT10/Math/part-004.pdf,100
PSAT/NMSQT & PSAT 10,Math,7e177cab,pdfs/PSAT-NMSQT-PSAT10/Math/part-004.pdf,101
PSAT/NMSQT & PSAT 10,Math,7d7e5648,pdfs/PSAT-NMSQT-PSAT10/Math/part-004.pdf,102
PSAT/NMSQT & PSAT 10,Math,53f4e0d7,pdfs/PSAT-NMSQT-PSAT10/Math/part-004.pdf,103
PSAT/NMSQT & PSAT 10,Math,b4d1e4f2,pdfs/PSAT-NMSQT-PSAT10/Math/part-004.pdf,104
PSAT/NMSQT & PSAT 10,Math,0688edab,pdfs/PSAT-NMSQT-PSAT10/Math/part-004.pdf,105
PSAT/NMSQT & PSAT 10,Math,48a92bd7,pdfs/PSAT-NMSQT-PSAT10/Math/part-004.pdf,106
PSAT/NMSQT & PSAT 10,Math,f95a8b06,pdfs/PSAT-NMSQT-PSAT10/Math/part-004.pdf,107
PSAT/NMSQT & PSAT 10,Math,aafa0b73,pdfs/PSAT-NMSQT-PSAT10/Math/part-004.pdf,108
PSAT/NMSQT & PSAT 10,Math,60f46593,pdfs/PSAT-NMSQT-PSAT10/Math/part-004.pdf,110
PSAT/NMSQT & PSAT 10,Math,b356cfa8,pdfs/PSAT-NMSQT-PSAT10/Math/part-004.pdf,111
PSAT/NMSQT & PSAT 10,Math,07643f93,pdfs/PSAT-NMSQT-PSAT10/Math/part-004.pdf,112
PSAT/NMSQT & PSAT 10,Math,2897fc9b,pdfs/PSAT-NMSQT-PSAT10/Math/part-004.pdf,113
PSAT/NMSQT & PSAT 10,Math,8890fc41,pdfs/PSAT-NMSQT-PSAT10/Math/part-004.pdf,114
PSAT/NMSQT & PSAT 10,Math,62f825e3,pdfs/PSAT-NMSQT-PSAT10/Math/part-004.pdf,115
PSAT/NMSQT & PSAT 10,Math,93166e6d,pdfs/PSAT-NMSQT-PSAT10/Math/part-004.pdf,116
PSAT/NMSQT & PSAT 10,Math,9cbe3921,pdfs/PSAT-NMSQT-PSAT10/Math/part-004.pdf,117
PSAT/NMSQT & PSAT 10,Math,7519810e,pdfs/PSAT-NMSQT-PSAT10/Math/part-004.pdf,118
PSAT/NMSQT & PSAT 10,Math,9dc05c8a,pdfs/PSAT-NMSQT-PSAT10/Math/part-004.pdf,119
PSAT/NMSQT & PSAT 10,Math,3871d0f4,pdfs/PSAT-NMSQT-PSAT10/Math/part-004.pdf,121
PSAT/NMSQT & PSAT 10,Math,62282e68,pdfs/PSAT-NMSQT-PSAT10/Math/part-004.pdf,122
PSAT/NMSQT & PSAT 10,Math,f9a7376d,pdfs/PSAT-NMSQT-PSAT10/Math/part-004.pdf,123
PSAT/NMSQT & PSAT 10,Math,953e4fe0,pdfs/PSAT-NMSQT-PSAT10/Math/part-004.pdf,124
PSAT/NMSQT & PSAT 10,Math,a9d9709c,pdfs/PSAT-NMSQT-PSAT10/Math/part-004.pdf,125
PSAT/NMSQT & PSAT 10,Math,a46b54f8,pdfs/PSAT-NMSQT-PSAT10/Math/part-004.pdf,126
PSAT/NMSQT & PSAT 10,Math,c1876406,pdfs/PSAT-NMSQT-PSAT10/Math/part-004.pdf,127
PSAT/NMSQT & PSAT 10,Math,031d3036,pdfs/PSAT-NMSQT-PSAT10/Math/part-004.pdf,129
PSAT/NMSQT & PSAT 10,Math,ff2ab32b,pdfs/PSAT-NMSQT-PSAT10/Math/part-004.pdf,130
PSAT/NMSQT & PSAT 10,Math,e51bf8b3,pdfs/PSAT-NMSQT-PSAT10/Math/part-004.pdf,131
PSAT/NMSQT & PSAT 10,Math,fdc4bfe7,pdfs/PSAT-NMSQT-PSAT10/Math/part-004.pdf,132
PSAT/NMSQT & PSAT 10,Math,2565f8a7,pdfs/PSAT-NMSQT-PSAT10/Math/part-004.pdf,133
PSAT/NMSQT & PSAT 10,Math,da87ee8d,pdfs/PSAT-NMSQT-PSAT10/Math/part-004.pdf,135
PSAT/NMSQT & PSAT 10,Math,9dca6da7,pdfs/PSAT-NMSQT-PSAT10/Math/part-004.pdf,136
PSAT/NMSQT & PSAT 10,Math,7ba1decd,pdfs/PSAT-NMSQT-PSAT10/Math/part-004.pdf,137
PSAT/NMSQT & PSAT 10,Math,867fab73,pdfs/PSAT-NMSQT-PSAT10/Math/part-004.pdf,138
PSAT/NMSQT & PSAT 10,Math,782fef41,pdfs/PSAT-NMSQT-PSAT10/Math/part-004.pdf,139
PSAT/NMSQT & PSAT 10,Math,87942bc9,pdfs/PSAT-NMSQT-PSAT10/Math/part-004.pdf,141
PSAT/NMSQT & PSAT 10,Math,de5ef066,pdfs/PSAT-NMSQT-PSAT10/Math/part-004.pdf,143
PSAT/NMSQT & PSAT 10,Math,2057a503,pdfs/PSAT-NMSQT-PSAT10/Math/part-004.pdf,144
PSAT/NMSQT & PSAT 10,Math,081af550,pdfs/PSAT-NMSQT-PSAT10/Math/part-004.pdf,145
PSAT/NMSQT & PSAT 10,Math,0dce315c,pdfs/PSAT-NMSQT-PSAT10/Math/part-004.pdf,146
PSAT/NMSQT & PSAT 10,Math,a5ad7f61,pdfs/PSAT-NMSQT-PSAT10/Math/part-004.pdf,147
PSAT/NMSQT & PSAT 10,Math,751f6909,pdfs/PSAT-NMSQT-PSAT10/Math/part-004.pdf,148
PSAT/NMSQT & PSAT 10,Math,5e2c3c68,pdfs/PSAT-NMSQT-PSAT10/Math/part-004.pdf,149
PSAT/NMSQT & PSAT 10,Math,72168f80,pdfs/PSAT-NMSQT-PSAT10/Math/part-004.pdf,150
PSAT/NMSQT & PSAT 10,Math,a279a1b7,pdfs/PSAT-NMSQT-PSAT10/Math/part-004.pdf,151
PSAT/NMSQT & PSAT 10,Math,3ecfd23d,pdfs/PSAT-NMSQT-PSAT10/Math/part-004.pdf,152
PSAT/NMSQT & PSAT 10,Math,6833209b,pdfs/PSAT-NMSQT-PSAT10/Math/part-004.pdf,153
PSAT/NMSQT & PSAT 10,Math,d95494c7,pdfs/PSAT-NMSQT-PSAT10/Math/part-004.pdf,154
PSAT/NMSQT & PSAT 10,Math,3cead351,pdfs/PSAT-NMSQT-PSAT10/Math/part-004.pdf,155
PSAT/NMSQT & PSAT 10,Math,ba327e00,pdfs/PSAT-NMSQT-PSAT10/Math/part-004.pdf,156
PSAT/NMSQT & PSAT 10,Math,1f647701,pdfs/PSAT-NMSQT-PSAT10/Math/part-004.pdf,157
PSAT/NMSQT & PSAT 10,Math,2ad8829d,pdfs/PSAT-NMSQT-PSAT10/Math/part-004.pdf,158
PSAT/NMSQT & PSAT 10,Math,f94061ca,pdfs/PSAT-NMSQT-PSAT10/Math/part-004.pdf,159
PSAT/NMSQT & PSAT 10,Math,27e3bd8d,pdfs/PSAT-NMSQT-PSAT10/Math/part-004.pdf,160
PSAT/NMSQT & PSAT 10,Math,bada6c7e,pdfs/PSAT-NMSQT-PSAT10/Math/part-004.pdf,161
PSAT/NMSQT & PSAT 10,Math,6bdf9185,pdfs/PSAT-NMSQT-PSAT10/Math/part-004.pdf,162
PSAT/NMSQT & PSAT 10,Math,46175b36,pdfs/PSAT-NMSQT-PSAT10/Math/part-004.pdf,163
PSAT/NMSQT & PSAT 10,Math,6de7fef2,pdfs/PSAT-NMSQT-PSAT10/Math/part-004.pdf,164
PSAT/NMSQT & PSAT 10,Math,ef330eaf,pdfs/PSAT-NMSQT-PSAT10/Math/part-004.pdf,165
PSAT/NMSQT & PSAT 10,Math,316e3ab1,pdfs/PSAT-NMSQT-PSAT10/Math/part-004.pdf,166
PSAT/NMSQT & PSAT 10,Math,db411742,pdfs/PSAT-NMSQT-PSAT10/Math/part-004.pdf,168
PSAT/NMSQT & PSAT 10,Math,c74d0ad4,pdfs/PSAT-NMSQT-PSAT10/Math/part-004.pdf,169
PSAT/NMSQT & PSAT 10,Math,a7ad6854,pdfs/PSAT-NMSQT-PSAT10/Math/part-004.pdf,170
PSAT/NMSQT & PSAT 10,Math,a58f8709,pdfs/PSAT-NMSQT-PSAT10/Math/part-004.pdf,171
PSAT/NMSQT & PSAT 10,Math,fb865f96,pdfs/PSAT-NMSQT-PSAT10/Math/part-004.pdf,172
PSAT/NMSQT & PSAT 10,Math,4877176f,pdfs/PSAT-NMSQT-PSAT10/Math/part-004.pdf,173
PSAT/NMSQT & PSAT 10,Math,9b4b327c,pdfs/PSAT-NMSQT-PSAT10/Math/part-004.pdf,174
PSAT/NMSQT & PSAT 10,Math,1cf619ad,pdfs/PSAT-NMSQT-PSAT10/Math/part-004.pdf,175
PSAT/NMSQT & PSAT 10,Math,37133ceb,pdfs/PSAT-NMSQT-PSAT10/Math/part-004.pdf,176
PSAT/NMSQT & PSAT 10,Math,e6697141,pdfs/PSAT-NMSQT-PSAT10/Math/part-004.pdf,177
PSAT/NMSQT & PSAT 10,Math,a2254cdc,pdfs/PSAT-NMSQT-PSAT10/Math/part-004.pdf,178
PSAT/NMSQT & PSAT 10,Math,81860a42,pdfs/PSAT-NMSQT-PSAT10/Math/part-004.pdf,179
PSAT/NMSQT & PSAT 10,Math,3899fa0b,pdfs/PSAT-NMSQT-PSAT10/Math/part-004.pdf,180
PSAT/NMSQT & PSAT 10,Math,fe12a83f,pdfs/PSAT-NMSQT-PSAT10/Math/part-004.pdf,181
PSAT/NMSQT & PSAT 10,Math,952a178f,pdfs/PSAT-NMSQT-PSAT10/Math/part-004.pdf,182
PSAT/NMSQT & PSAT 10,Math,9b0c7378,pdfs/PSAT-NMSQT-PSAT10/Math/part-004.pdf,183
PSAT/NMSQT & PSAT 10,Math,faf38fce,pdfs/PSAT-NMSQT-PSAT10/Math/part-004.pdf,187
PSAT/NMSQT & PSAT 10,Math,e9045f5d,pdfs/PSAT-NMSQT-PSAT10/Math/part-004.pdf,188
PSAT/NMSQT & PSAT 10,Math,7a69a618,pdfs/PSAT-NMSQT-PSAT10/Math/part-004.pdf,189
PSAT/NMSQT & PSAT 10,Math,ac968f07,pdfs/PSAT-NMSQT-PSAT10/Math/part-004.pdf,190
PSAT/NMSQT & PSAT 10,Math,b276a5af,pdfs/PSAT-NMSQT-PSAT10/Math/part-004.pdf,191
PSAT/NMSQT & PSAT 10,Math,17c3f2d7,pdfs/PSAT-NMSQT-PSAT10/Math/part-004.pdf,192
PSAT/NMSQT & PSAT 10,Math,8490c2b0,pdfs/PSAT-NMSQT-PSAT10/Math/part-004.pdf,193
PSAT/NMSQT & PSAT 10,Math,299b811a,pdfs/PSAT-NMSQT-PSAT10/Math/part-004.pdf,195
PSAT/NMSQT & PSAT 10,Math,26058bba,pdfs/PSAT-NMSQT-PSAT10/Math/part-004.pdf,196
PSAT/NMSQT & PSAT 10,Math,1b1fbcc6,pdfs/PSAT-NMSQT-PSAT10/Math/part-004.pdf,197
PSAT/NMSQT & PSAT 10,Math,b7b2c6f0,pdfs/PSAT-NMSQT-PSAT10/Math/part-004.pdf,199
PSAT/NMSQT & PSAT 10,Math,bde8ab42,pdfs/PSAT-NMSQT-PSAT10/Math/part-004.pdf,200
PSAT/NMSQT & PSAT 10,Math,2ead3e69,pdfs/PSAT-NMSQT-PSAT10/Math/part-004.pdf,201
PSAT/NMSQT & PSAT 10,Math,fc3d2492,pdfs/PSAT-NMSQT-PSAT10/Math/part-004.pdf,202
PSAT/NMSQT & PSAT 10,Math,4019a80d,pdfs/PSAT-NMSQT-PSAT10/Math/part-004.pdf,203
PSAT/NMSQT & PSAT 10,Math,37084c48,pdfs/PSAT-NMSQT-PSAT10/Math/part-004.pdf,204
PSAT/NMSQT & PSAT 10,Math,e0cd2faa,pdfs/PSAT-NMSQT-PSAT10/Math/part-004.pdf,206
PSAT/NMSQT & PSAT 10,Math,e4ff0b47,pdfs/PSAT-NMSQT-PSAT10/Math/part-004.pdf,207
PSAT/NMSQT & PSAT 10,Math,2eeb6583,pdfs/PSAT-NMSQT-PSAT10/Math/part-004.pdf,208
PSAT/NMSQT & PSAT 10,Math,590fbd93,pdfs/PSAT-NMSQT-PSAT10/Math/part-004.pdf,209
PSAT/NMSQT & PSAT 10,Math,85328329,pdfs/PSAT-NMSQT-PSAT10/Math/part-004.pdf,210
PSAT/NMSQT & PSAT 10,Math,cfceab8c,pdfs/PSAT-NMSQT-PSAT10/Math/part-004.pdf,211
PSAT/NMSQT & PSAT 10,Math,e9ab4092,pdfs/PSAT-NMSQT-PSAT10/Math/part-004.pdf,212
PSAT/NMSQT & PSAT 10,Math,68e6dfe0,pdfs/PSAT-NMSQT-PSAT10/Math/part-004.pdf,213
PSAT/NMSQT & PSAT 10,Math,32133a3b,pdfs/PSAT-NMSQT-PSAT10/Math/part-004.pdf,214
PSAT/NMSQT & PSAT 10,Math,cdb0fda1,pdfs/PSAT-NMSQT-PSAT10/Math/part-004.pdf,215
PSAT/NMSQT & PSAT 10,Math,dbc79502,pdfs/PSAT-NMSQT-PSAT10/Math/part-004.pdf,216
PSAT/NMSQT & PSAT 10,Math,d6925387,pdfs/PSAT-NMSQT-PSAT10/Math/part-004.pdf,217
PSAT/NMSQT & PSAT 10,Math,189dee09,pdfs/PSAT-NMSQT-PSAT10/Math/part-004.pdf,219
PSAT/NMSQT & PSAT 10,Math,778f399f,pdfs/PSAT-NMSQT-PSAT10/Math/part-004.pdf,220
PSAT/NMSQT & PSAT 10,Math,a4c7f14a,pdfs/PSAT-NMSQT-PSAT10/Math/part-004.pdf,221
PSAT/NMSQT & PSAT 10,Math,544f2cd6,pdfs/PSAT-NMSQT-PSAT10/Math/part-004.pdf,222
PSAT/NMSQT & PSAT 10,Math,761784de,pdfs/PSAT-NMSQT-PSAT10/Math/part-004.pdf,223
PSAT/NMSQT & PSAT 10,Math,c9f3e1c3,pdfs/PSAT-NMSQT-PSAT10/Math/part-004.pdf,224
PSAT/NMSQT & PSAT 10,Math,80861bab,pdfs/PSAT-NMSQT-PSAT10/Math/part-004.pdf,225
PSAT/NMSQT & PSAT 10,Math,ac4123e0,pdfs/PSAT-NMSQT-PSAT10/Math/part-004.pdf,226
PSAT/NMSQT & PSAT 10,Math,4c94047c,pdfs/PSAT-NMSQT-PSAT10/Math/part-004.pdf,227
PSAT/NMSQT & PSAT 10,Math,2347b024,pdfs/PSAT-NMSQT-PSAT10/Math/part-004.pdf,228
PSAT/NMSQT & PSAT 10,Math,bb726424,pdfs/PSAT-NMSQT-PSAT10/Math/part-004.pdf,229
PSAT/NMSQT & PSAT 10,Math,a35973ea,pdfs/PSAT-NMSQT-PSAT10/Math/part-004.pdf,230
PSAT/NMSQT & PSAT 10,Math,f8243879,pdfs/PSAT-NMSQT-PSAT10/Math/part-004.pdf,231
PSAT/NMSQT & PSAT 10,Math,1d34bff3,pdfs/PSAT-NMSQT-PSAT10/Math/part-004.pdf,232
PSAT/NMSQT & PSAT 10,Math,141727cb,pdfs/PSAT-NMSQT-PSAT10/Math/part-004.pdf,233
PSAT/NMSQT & PSAT 10,Math,edfac506,pdfs/PSAT-NMSQT-PSAT10/Math/part-004.pdf,234
PSAT/NMSQT & PSAT 10,Math,30b2191e,pdfs/PSAT-NMSQT-PSAT10/Math/part-004.pdf,235
PSAT/NMSQT & PSAT 10,Math,5e8a2713,pdfs/PSAT-NMSQT-PSAT10/Math/part-004.pdf,236
PSAT/NMSQT & PSAT 10,Math,00e91e3c,pdfs/PSAT-NMSQT-PSAT10/Math/part-004.pdf,238
PSAT/NMSQT & PSAT 10,Math,506b94c0,pdfs/PSAT-NMSQT-PSAT10/Math/part-004.pdf,239
PSAT/NMSQT & PSAT 10,Math,23bbda9c,pdfs/PSAT-NMSQT-PSAT10/Math/part-004.pdf,240
PSAT/NMSQT & PSAT 10,Math,24a5e0f0,pdfs/PSAT-NMSQT-PSAT10/Math/part-004.pdf,241
PSAT/NMSQT & PSAT 10,Math,4b0455c1,pdfs/PSAT-NMSQT-PSAT10/Math/part-004.pdf,242
PSAT/NMSQT & PSAT 10,Math,22325bd5,pdfs/PSAT-NMSQT-PSAT10/Math/part-004.pdf,243
PSAT/NMSQT & PSAT 10,Math,287ad42f,pdfs/PSAT-NMSQT-PSAT10/Math/part-004.pdf,244
PSAT/NMSQT & PSAT 10,Math,0ac15787,pdfs/PSAT-NMSQT-PSAT10/Math/part-004.pdf,245
PSAT/NMSQT & PSAT 10,Math,936ae48f,pdfs/PSAT-NMSQT-PSAT10/Math/part-004.pdf,246
PSAT/NMSQT & PSAT 10,Math,8ee48cd2,pdfs/PSAT-NMSQT-PSAT10/Math/part-004.pdf,247
PSAT/NMSQT & PSAT 10,Math,b6b77b29,pdfs/PSAT-NMSQT-PSAT10/Math/part-004.pdf,248
PSAT/NMSQT & PSAT 10,Math,9b315a5f,pdfs/PSAT-NMSQT-PSAT10/Math/part-004.pdf,249
PSAT/NMSQT & PSAT 10,Math,b083edb2,pdfs/PSAT-NMSQT-PSAT10/Math/part-004.pdf,250
PSAT/NMSQT & PSAT 10,Math,297165f3,pdfs/PSAT-NMSQT-PSAT10/Math/part-004.pdf,252
PSAT/NMSQT & PSAT 10,Math,45b16f33,pdfs/PSAT-NMSQT-PSAT10/Math/part-004.pdf,253
PSAT/NMSQT & PSAT 10,Math,93571d50,pdfs/PSAT-NMSQT-PSAT10/Math/part-004.pdf,254
PSAT/NMSQT & PSAT 10,Math,3e845bbf,pdfs/PSAT-NMSQT-PSAT10/Math/part-004.pdf,255
PSAT/NMSQT & PSAT 10,Math,8004541a,pdfs/PSAT-NMSQT-PSAT10/Math/part-004.pdf,256
PSAT/NMSQT & PSAT 10,Math,92bb0a2b,pdfs/PSAT-NMSQT-PSAT10/Math/part-004.pdf,257
PSAT/NMSQT & PSAT 10,Math,757cc018,pdfs/PSAT-NMSQT-PSAT10/Math/part-004.pdf,258
PSAT/NMSQT & PSAT 10,Math,cced63c8,pdfs/PSAT-NMSQT-PSAT10/Math/part-004.pdf,259
PSAT/NMSQT & PSAT 10,Math,032cd2b7,pdfs/PSAT-NMSQT-PSAT10/Math/part-004.pdf,260
PSAT/NMSQT & PSAT 10,Math,4077997b,pdfs/PSAT-NMSQT-PSAT10/Math/part-004.pdf,261
PSAT/NMSQT & PSAT 10,Math,d8b9bd5c,pdfs/PSAT-NMSQT-PSAT10/Math/part-004.pdf,262
PSAT/NMSQT & PSAT 10,Math,37c4161f,pdfs/PSAT-NMSQT-PSAT10/Math/part-004.pdf,263
PSAT/NMSQT & PSAT 10,Math,d963faa0,pdfs/PSAT-NMSQT-PSAT10/Math/part-004.pdf,264
PSAT/NMSQT & PSAT 10,Math,90106e27,pdfs/PSAT-NMSQT-PSAT10/Math/part-004.pdf,265
PSAT/NMSQT & PSAT 10,Math,20090aab,pdfs/PSAT-NMSQT-PSAT10/Math/part-004.pdf,266
PSAT/NMSQT & PSAT 10,Math,dda4fd7e,pdfs/PSAT-NMSQT-PSAT10/Math/part-004.pdf,267
PSAT/NMSQT & PSAT 10,Math,1c2145e8,pdfs/PSAT-NMSQT-PSAT10/Math/part-004.pdf,268
PSAT/NMSQT & PSAT 10,Math,440559fc,pdfs/PSAT-NMSQT-PSAT10/Math/part-004.pdf,269
PSAT/NMSQT & PSAT 10,Math,1adf0f6f,pdfs/PSAT-NMSQT-PSAT10/Math/part-004.pdf,270
PSAT/NMSQT & PSAT 10,Math,8096dbc5,pdfs/PSAT-NMSQT-PSAT10/Math/part-004.pdf,271
PSAT/NMSQT & PSAT 10,Math,a3e26bda,pdfs/PSAT-NMSQT-PSAT10/Math/part-004.pdf,272
PSAT/NMSQT & PSAT 10,Math,17870462,pdfs/PSAT-NMSQT-PSAT10/Math/part-004.pdf,273
PSAT/NMSQT & PSAT 10,Math,6d51d94c,pdfs/PSAT-NMSQT-PSAT10/Math/part-004.pdf,274
PSAT/NMSQT & PSAT 10,Math,5e9c1dac,pdfs/PSAT-NMSQT-PSAT10/Math/part-004.pdf,276
PSAT/NMSQT & PSAT 10,Math,4687db0e,pdfs/PSAT-NMSQT-PSAT10/Math/part-004.pdf,277
PSAT/NMSQT & PSAT 10,Math,c2e7762c,pdfs/PSAT-NMSQT-PSAT10/Math/part-004.pdf,278
PSAT/NMSQT & PSAT 10,Math,08c9e977,pdfs/PSAT-NMSQT-PSAT10/Math/part-004.pdf,279
PSAT/NMSQT & PSAT 10,Math,89bbe65c,pdfs/PSAT-NMSQT-PSAT10/Math/part-004.pdf,280
PSAT/NMSQT & PSAT 10,Math,af4d1f90,pdfs/PSAT-NMSQT-PSAT10/Math/part-004.pdf,281
PSAT/NMSQT & PSAT 10,Math,ca494564,pdfs/PSAT-NMSQT-PSAT10/Math/part-004.pdf,282
PSAT/NMSQT & PSAT 10,Math,17f1e07b,pdfs/PSAT-NMSQT-PSAT10/Math/part-004.pdf,283
PSAT/NMSQT & PSAT 10,Math,40ecda28,pdfs/PSAT-NMSQT-PSAT10/Math/part-004.pdf,284
PSAT/NMSQT & PSAT 10,Math,9a6b3c66,pdfs/PSAT-NMSQT-PSAT10/Math/part-004.pdf,285
PSAT/NMSQT & PSAT 10,Math,20bb7b2f,pdfs/PSAT-NMSQT-PSAT10/Math/part-004.pdf,286
PSAT/NMSQT & PSAT 10,Math,d99c1981,pdfs/PSAT-NMSQT-PSAT10/Math/part-004.pdf,287
PSAT/NMSQT & PSAT 10,Math,7395be0c,pdfs/PSAT-NMSQT-PSAT10/Math/part-004.pdf,288
PSAT/NMSQT & PSAT 10,Math,6e177e19,pdfs/PSAT-NMSQT-PSAT10/Math/part-004.pdf,289
PSAT/NMSQT & PSAT 10,Math,c8f5ce26,pdfs/PSAT-NMSQT-PSAT10/Math/part-004.pdf,290
PSAT/NMSQT & PSAT 10,Math,c7d533e1,pdfs/PSAT-NMSQT-PSAT10/Math/part-004.pdf,291
PSAT/NMSQT & PSAT 10,Math,10ea809e,pdfs/PSAT-NMSQT-PSAT10/Math/part-004.pdf,292
PSAT/NMSQT & PSAT 10,Math,ed252cfb,pdfs/PSAT-NMSQT-PSAT10/Math/part-004.pdf,293
PSAT/NMSQT & PSAT 10,Math,e06fa43e,pdfs/PSAT-NMSQT-PSAT10/Math/part-004.pdf,294
PSAT/NMSQT & PSAT 10,Math,44a1ea36,pdfs/PSAT-NMSQT-PSAT10/Math/part-004.pdf,295
PSAT/NMSQT & PSAT 10,Math,644e3c55,pdfs/PSAT-NMSQT-PSAT10/Math/part-004.pdf,296
PSAT/NMSQT & PSAT 10,Math,354f01e5,pdfs/PSAT-NMSQT-PSAT10/Math/part-004.pdf,297
PSAT/NMSQT & PSAT 10,Math,7705a4d9,pdfs/PSAT-NMSQT-PSAT10/Math/part-004.pdf,298
PSAT/NMSQT & PSAT 10,Math,413078d2,pdfs/PSAT-NMSQT-PSAT10/Math/part-004.pdf,299
PSAT/NMSQT & PSAT 10,Math,547782af,pdfs/PSAT-NMSQT-PSAT10/Math/part-004.pdf,300
PSAT/NMSQT & PSAT 10,Math,feeacb47,pdfs/PSAT-NMSQT-PSAT10/Math/part-004.pdf,301
PSAT/NMSQT & PSAT 10,Math,7455f131,pdfs/PSAT-NMSQT-PSAT10/Math/part-004.pdf,302
PSAT/NMSQT & PSAT 10,Math,d3656c02,pdfs/PSAT-NMSQT-PSAT10/Math/part-004.pdf,303
PSAT/NMSQT & PSAT 10,Math,8d4f3d75,pdfs/PSAT-NMSQT-PSAT10/Math/part-004.pdf,304
PSAT/NMSQT & PSAT 10,Math,a8e8cc32,pdfs/PSAT-NMSQT-PSAT10/Math/part-004.pdf,305
PSAT/NMSQT & PSAT 10,Math,d834268e,pdfs/PSAT-NMSQT-PSAT10/Math/part-004.pdf,307
PSAT/NMSQT & PSAT 10,Math,f3f3a267,pdfs/PSAT-NMSQT-PSAT10/Math/part-004.pdf,308
PSAT/NMSQT & PSAT 10,Math,85dac705,pdfs/PSAT-NMSQT-PSAT10/Math/part-004.pdf,309
PSAT/NMSQT & PSAT 10,Math,a1ae2eeb,pdfs/PSAT-NMSQT-PSAT10/Math/part-004.pdf,310
PSAT/NMSQT & PSAT 10,Math,fea2e62e,pdfs/PSAT-NMSQT-PSAT10/Math/part-004.pdf,311
PSAT/NMSQT & PSAT 10,Math,1a88ed1a,pdfs/PSAT-NMSQT-PSAT10/Math/part-004.pdf,312
PSAT/NMSQT & PSAT 10,Math,ce30924a,pdfs/PSAT-NMSQT-PSAT10/Math/part-004.pdf,313
PSAT/NMSQT & PSAT 10,Math,005bd49d,pdfs/PSAT-NMSQT-PSAT10/Math/part-004.pdf,314
PSAT/NMSQT & PSAT 10,Math,7eafb9fd,pdfs/PSAT-NMSQT-PSAT10/Math/part-004.pdf,315
PSAT/NMSQT & PSAT 10,Math,dec214b1,pdfs/PSAT-NMSQT-PSAT10/Math/part-004.pdf,316
PSAT/NMSQT & PSAT 10,Math,9a0c1335,pdfs/PSAT-NMSQT-PSAT10/Math/part-004.pdf,317
PSAT/NMSQT & PSAT 10,Math,78cffbe2,pdfs/PSAT-NMSQT-PSAT10/Math/part-004.pdf,318
PSAT/NMSQT & PSAT 10,Math,89c94f8f,pdfs/PSAT-NMSQT-PSAT10/Math/part-004.pdf,319
PSAT/NMSQT & PSAT 10,Math,bb4b6784,pdfs/PSAT-NMSQT-PSAT10/Math/part-004.pdf,320
PSAT/NMSQT & PSAT 10,Math,fadcd49d,pdfs/PSAT-NMSQT-PSAT10/Math/part-004.pdf,321
PSAT/NMSQT & PSAT 10,Math,515b6dad,pdfs/PSAT-NMSQT-PSAT10/Math/part-004.pdf,322
PSAT/NMSQT & PSAT 10,Math,ea16ff03,pdfs/PSAT-NMSQT-PSAT10/Math/part-004.pdf,323
PSAT/NMSQT & PSAT 10,Math,f9bc89a5,pdfs/PSAT-NMSQT-PSAT10/Math/part-004.pdf,324
PSAT/NMSQT & PSAT 10,Math,5efa06a6,pdfs/PSAT-NMSQT-PSAT10/Math/part-004.pdf,325
PSAT/NMSQT & PSAT 10,Math,7d1a068d,pdfs/PSAT-NMSQT-PSAT10/Math/part-004.pdf,326
PSAT/NMSQT & PSAT 10,Math,4ff6d58b,pdfs/PSAT-NMSQT-PSAT10/Math/part-004.pdf,327
PSAT/NMSQT & PSAT 10,Math,f34c32b5,pdfs/PSAT-NMSQT-PSAT10/Math/part-004.pdf,328
PSAT/NMSQT & PSAT 10,Math,479dd1c6,pdfs/PSAT-NMSQT-PSAT10/Math/part-004.pdf,330
PSAT/NMSQT & PSAT 10,Math,0a5d5178,pdfs/PSAT-NMSQT-PSAT10/Math/part-004.pdf,331
PSAT/NMSQT & PSAT 10,Math,3577c168,pdfs/PSAT-NMSQT-PSAT10/Math/part-004.pdf,332
PSAT/NMSQT & PSAT 10,Math,a355c249,pdfs/PSAT-NMSQT-PSAT10/Math/part-004.pdf,333
PSAT/NMSQT & PSAT 10,Math,80fa3a14,pdfs/PSAT-NMSQT-PSAT10/Math/part-004.pdf,335
PSAT/NMSQT & PSAT 10,Math,2cd6ee01,pdfs/PSAT-NMSQT-PSAT10/Math/part-004.pdf,336
PSAT/NMSQT & PSAT 10,Math,19d9fd1a,pdfs/PSAT-NMSQT-PSAT10/Math/part-004.pdf,337
PSAT/NMSQT & PSAT 10,Math,f823a10d,pdfs/PSAT-NMSQT-PSAT10/Math/part-004.pdf,338
PSAT/NMSQT & PSAT 10,Math,4eda32d6,pdfs/PSAT-NMSQT-PSAT10/Math/part-004.pdf,339
PSAT/NMSQT & PSAT 10,Math,87f301e3,pdfs/PSAT-NMSQT-PSAT10/Math/part-004.pdf,340
PSAT/NMSQT & PSAT 10,Math,a5d7f94a,pdfs/PSAT-NMSQT-PSAT10/Math/part-004.pdf,341
PSAT/NMSQT & PSAT 10,Math,a6d2f361,pdfs/PSAT-NMSQT-PSAT10/Math/part-004.pdf,342
PSAT/NMSQT & PSAT 10,Math,8bc1961a,pdfs/PSAT-NMSQT-PSAT10/Math/part-004.pdf,343
PSAT/NMSQT & PSAT 10,Math,a3f72fff,pdfs/PSAT-NMSQT-PSAT10/Math/part-004.pdf,344
PSAT/NMSQT & PSAT 10,Math,a62333ad,pdfs/PSAT-NMSQT-PSAT10/Math/part-004.pdf,345
PSAT/NMSQT & PSAT 10,Math,f1b6e2c7,pdfs/PSAT-NMSQT-PSAT10/Math/part-004.pdf,346
PSAT/NMSQT & PSAT 10,Math,4b2564b1,pdfs/PSAT-NMSQT-PSAT10/Math/part-004.pdf,348
PSAT/NMSQT & PSAT 10,Math,aa3e102c,pdfs/PSAT-NMSQT-PSAT10/Math/part-004.pdf,349
PSAT/NMSQT & PSAT 10,Math,a2f4a31d,pdfs/PSAT-NMSQT-PSAT10/Math/part-004.pdf,350
PSAT/NMSQT & PSAT 10,Math,2c4a55db,pdfs/PSAT-NMSQT-PSAT10/Math/part-004.pdf,351
PSAT/NMSQT & PSAT 10,Math,475d009b,pdfs/PSAT-NMSQT-PSAT10/Math/part-004.pdf,352
PSAT/NMSQT & PSAT 10,Math,7b42771c,pdfs/PSAT-NMSQT-PSAT10/Math/part-004.pdf,353
PSAT/NMSQT & PSAT 10,Math,d07a64ac,pdfs/PSAT-NMSQT-PSAT10/Math/part-004.pdf,354
PSAT/NMSQT & PSAT 10,Math,5da61cb4,pdfs/PSAT-NMSQT-PSAT10/Math/part-004.pdf,355
PSAT/NMSQT & PSAT 10,Math,4d4b386f,pdfs/PSAT-NMSQT-PSAT10/Math/part-004.pdf,356
PSAT/NMSQT & PSAT 10,Math,8e44ef09,pdfs/PSAT-NMSQT-PSAT10/Math/part-004.pdf,357
PSAT/NMSQT & PSAT 10,Math,58288e6e,pdfs/PSAT-NMSQT-PSAT10/Math/part-004.pdf,358
PSAT/NMSQT & PSAT 10,Math,5252bfaf,pdfs/PSAT-NMSQT-PSAT10/Math/part-004.pdf,359
PSAT/NMSQT & PSAT 10,Math,412e63d1,pdfs/PSAT-NMSQT-PSAT10/Math/part-004.pdf,360
PSAT/NMSQT & PSAT 10,Math,c533bf12,pdfs/PSAT-NMSQT-PSAT10/Math/part-004.pdf,361
PSAT/NMSQT & PSAT 10,Math,a0918253,pdfs/PSAT-NMSQT-PSAT10/Math/part-004.pdf,362
PSAT/NMSQT & PSAT 10,Math,b5fcd74b,pdfs/PSAT-NMSQT-PSAT10/Math/part-004.pdf,363
PSAT/NMSQT & PSAT 10,Math,b655c17a,pdfs/PSAT-NMSQT-PSAT10/Math/part-004.pdf,364
PSAT/NMSQT & PSAT 10,Math,5135f06e,pdfs/PSAT-NMSQT-PSAT10/Math/part-004.pdf,365
PSAT/NMSQT & PSAT 10,Math,75de3559,pdfs/PSAT-NMSQT-PSAT10/Math/part-004.pdf,366
PSAT/NMSQT & PSAT 10,Math,32aa0a1c,pdfs/PSAT-NMSQT-PSAT10/Math/part-004.pdf,367
PSAT/NMSQT & PSAT 10,Math,f1ded979,pdfs/PSAT-NMSQT-PSAT10/Math/part-004.pdf,368
PSAT/NMSQT & PSAT 10,Math,dc5e61ea,pdfs/PSAT-NMSQT-PSAT10/Math/part-004.pdf,369
PSAT/NMSQT & PSAT 10,Math,aeaf611c,pdfs/PSAT-NMSQT-PSAT10/Math/part-004.pdf,370
PSAT/NMSQT & PSAT 10,Math,505b231d,pdfs/PSAT-NMSQT-PSAT10/Math/part-004.pdf,371
PSAT/NMSQT & PSAT 10,Math,bf3355c3,pdfs/PSAT-NMSQT-PSAT10/Math/part-004.pdf,372
PSAT/NMSQT & PSAT 10,Math,3023e87c,pdfs/PSAT-NMSQT-PSAT10/Math/part-004.pdf,373
PSAT/NMSQT & PSAT 10,Math,8fcedf3c,pdfs/PSAT-NMSQT-PSAT10/Math/part-004.pdf,374
PSAT/NMSQT & PSAT 10,Math,6f5e13ce,pdfs/PSAT-NMSQT-PSAT10/Math/part-004.pdf,375
PSAT/NMSQT & PSAT 10,Math,bbe769bf,pdfs/PSAT-NMSQT-PSAT10/Math/part-004.pdf,376
PSAT/NMSQT & PSAT 10,Math,83211d7a,pdfs/PSAT-NMSQT-PSAT10/Math/part-004.pdf,377
PSAT/NMSQT & PSAT 10,Math,b8bbe611,pdfs/PSAT-NMSQT-PSAT10/Math/part-004.pdf,378
PSAT/NMSQT & PSAT 10,Math,91c8426a,pdfs/PSAT-NMSQT-PSAT10/Math/part-004.pdf,379
PSAT/NMSQT & PSAT 10,Math,ca6db4cf,pdfs/PSAT-NMSQT-PSAT10/Math/part-004.pdf,380
PSAT/NMSQT & PSAT 10,Math,7e179419,pdfs/PSAT-NMSQT-PSAT10/Math/part-004.pdf,381
PSAT/NMSQT & PSAT 10,Math,70403b52,pdfs/PSAT-NMSQT-PSAT10/Math/part-004.pdf,382
PSAT/NMSQT & PSAT 10,Math,36b81fcd,pdfs/PSAT-NMSQT-PSAT10/Math/part-004.pdf,383
PSAT/NMSQT & PSAT 10,Math,0bd6c757,pdfs/PSAT-NMSQT-PSAT10/Math/part-004.pdf,384
PSAT/NMSQT & PSAT 10,Math,47e845d4,pdfs/PSAT-NMSQT-PSAT10/Math/part-004.pdf,385
PSAT/NMSQT & PSAT 10,Math,191a32d7,pdfs/PSAT-NMSQT-PSAT10/Math/part-004.pdf,386
PSAT/NMSQT & PSAT 10,Math,da75e2db,pdfs/PSAT-NMSQT-PSAT10/Math/part-004.pdf,387
PSAT/NMSQT & PSAT 10,Math,d4002c96,pdfs/PSAT-NMSQT-PSAT10/Math/part-004.pdf,388
PSAT/NMSQT & PSAT 10,Math,5eaf4d68,pdfs/PSAT-NMSQT-PSAT10/Math/part-004.pdf,389
PSAT/NMSQT & PSAT 10,Math,e3ed2fde,pdfs/PSAT-NMSQT-PSAT10/Math/part-004.pdf,390
PSAT/NMSQT & PSAT 10,Math,75452156,pdfs/PSAT-NMSQT-PSAT10/Math/part-004.pdf,391
PSAT/NMSQT & PSAT 10,Math,70d85c23,pdfs/PSAT-NMSQT-PSAT10/Math/part-004.pdf,392
PSAT/NMSQT & PSAT 10,Math,d3d012a5,pdfs/PSAT-NMSQT-PSAT10/Math/part-004.pdf,393
PSAT/NMSQT & PSAT 10,Math,0db6dcc1,pdfs/PSAT-NMSQT-PSAT10/Math/part-004.pdf,394
PSAT/NMSQT & PSAT 10,Math,7972553b,pdfs/PSAT-NMSQT-PSAT10/Math/part-004.pdf,395
PSAT/NMSQT & PSAT 10,Math,27bf132a,pdfs/PSAT-NMSQT-PSAT10/Math/part-004.pdf,396
PSAT/NMSQT & PSAT 10,Math,7c62ee82,pdfs/PSAT-NMSQT-PSAT10/Math/part-004.pdf,397
PSAT/NMSQT & PSAT 10,Math,e7f76091,pdfs/PSAT-NMSQT-PSAT10/Math/part-004.pdf,398
PSAT/NMSQT & PSAT 10,Math,781bcb4a,pdfs/PSAT-NMSQT-PSAT10/Math/part-004.pdf,400
PSAT/NMSQT & PSAT 10,Math,51a94bd2,pdfs/PSAT-NMSQT-PSAT10/Math/part-004.pdf,401
PSAT/NMSQT & PSAT 10,Math,123a5de2,pdfs/PSAT-NMSQT-PSAT10/Math/part-004.pdf,402
PSAT/NMSQT & PSAT 10,Math,0447127f,pdfs/PSAT-NMSQT-PSAT10/Math/part-004.pdf,403
PSAT/NMSQT & PSAT 10,Math,4b145963,pdfs/PSAT-NMSQT-PSAT10/Math/part-004.pdf,404
PSAT/NMSQT & PSAT 10,Math,5a70ccca,pdfs/PSAT-NMSQT-PSAT10/Math/part-004.pdf,405
PSAT/NMSQT & PSAT 10,Math,ac9c567c,pdfs/PSAT-NMSQT-PSAT10/Math/part-004.pdf,406
PSAT/NMSQT & PSAT 10,Math,ae834670,pdfs/PSAT-NMSQT-PSAT10/Math/part-004.pdf,407
PSAT/NMSQT & PSAT 10,Math,7a2526a9,pdfs/PSAT-NMSQT-PSAT10/Math/part-004.pdf,408
PSAT/NMSQT & PSAT 10,Math,5410883b,pdfs/PSAT-NMSQT-PSAT10/Math/part-004.pdf,409
PSAT/NMSQT & PSAT 10,Math,c42d4015,pdfs/PSAT-NMSQT-PSAT10/Math/part-004.pdf,410
PSAT/NMSQT & PSAT 10,Math,bf3136a7,pdfs/PSAT-NMSQT-PSAT10/Math/part-004.pdf,411
PSAT/NMSQT & PSAT 10,Math,888de130,pdfs/PSAT-NMSQT-PSAT10/Math/part-004.pdf,412
PSAT/NMSQT & PSAT 10,Math,f6be274b,pdfs/PSAT-NMSQT-PSAT10/Math/part-004.pdf,413
PSAT/NMSQT & PSAT 10,Math,fa2269c7,pdfs/PSAT-NMSQT-PSAT10/Math/part-004.pdf,414
PSAT/NMSQT & PSAT 10,Math,0a24453e,pdfs/PSAT-NMSQT-PSAT10/Math/part-004.pdf,415
PSAT/NMSQT & PSAT 10,Math,cb6b8fea,pdfs/PSAT-NMSQT-PSAT10/Math/part-004.pdf,416
PSAT/NMSQT & PSAT 10,Math,81fa30b2,pdfs/PSAT-NMSQT-PSAT10/Math/part-004.pdf,417
PSAT/NMSQT & PSAT 10,Math,2a35fd3a,pdfs/PSAT-NMSQT-PSAT10/Math/part-004.pdf,418
PSAT/NMSQT & PSAT 10,Math,3cca39c1,pdfs/PSAT-NMSQT-PSAT10/Math/part-004.pdf,419
PSAT/NMSQT & PSAT 10,Math,a32dc091,pdfs/PSAT-NMSQT-PSAT10/Math/part-004.pdf,420
PSAT/NMSQT & PSAT 10,Math,4f64dd66,pdfs/PSAT-NMSQT-PSAT10/Math/part-004.pdf,421
PSAT/NMSQT & PSAT 10,Math,b42075ca,pdfs/PSAT-NMSQT-PSAT10/Math/part-004.pdf,422
PSAT/NMSQT & PSAT 10,Math,ffc86e95,pdfs/PSAT-NMSQT-PSAT10/Math/part-004.pdf,423
PSAT/NMSQT & PSAT 10,Math,aeda8474,pdfs/PSAT-NMSQT-PSAT10/Math/part-004.pdf,424
PSAT/NMSQT & PSAT 10,Math,c68cf2ab,pdfs/PSAT-NMSQT-PSAT10/Math/part-004.pdf,426
PSAT/NMSQT & PSAT 10,Math,fb5975bc,pdfs/PSAT-NMSQT-PSAT10/Math/part-004.pdf,427
PSAT/NMSQT & PSAT 10,Math,5fe2bf83,pdfs/PSAT-NMSQT-PSAT10/Math/part-005.pdf,1
PSAT/NMSQT & PSAT 10,Math,36eb78e2,pdfs/PSAT-NMSQT-PSAT10/Math/part-005.pdf,2
PSAT/NMSQT & PSAT 10,Math,0c2d89f4,pdfs/PSAT-NMSQT-PSAT10/Math/part-005.pdf,3
PSAT/NMSQT & PSAT 10,Math,29c4fb32,pdfs/PSAT-NMSQT-PSAT10/Math/part-005.pdf,4
PSAT/NMSQT & PSAT 10,Math,b27d2268,pdfs/PSAT-NMSQT-PSAT10/Math/part-005.pdf,5
PSAT/NMSQT & PSAT 10,Math,5bd482c2,pdfs/PSAT-NMSQT-PSAT10/Math/part-005.pdf,6
PSAT/NMSQT & PSAT 10,Math,826cc11e,pdfs/PSAT-NMSQT-PSAT10/Math/part-005.pdf,7
PSAT/NMSQT & PSAT 10,Math,b4014e05,pdfs/PSAT-NMSQT-PSAT10/Math/part-005.pdf,8
PSAT/NMSQT & PSAT 10,Math,0e489b12,pdfs/PSAT-NMSQT-PSAT10/Math/part-005.pdf,9
PSAT/NMSQT & PSAT 10,Math,28b85e89,pdfs/PSAT-NMSQT-PSAT10/Math/part-005.pdf,10
PSAT/NMSQT & PSAT 10,Math,44f46564,pdfs/PSAT-NMSQT-PSAT10/Math/part-005.pdf,11
PSAT/NMSQT & PSAT 10,Math,2f2a9261,pdfs/PSAT-NMSQT-PSAT10/Math/part-005.pdf,12
PSAT/NMSQT & PSAT 10,Math,edce7254,pdfs/PSAT-NMSQT-PSAT10/Math/part-005.pdf,13
PSAT/NMSQT & PSAT 10,Math,b8210415,pdfs/PSAT-NMSQT-PSAT10/Math/part-005.pdf,14
PSAT/NMSQT & PSAT 10,Math,b4d4aca0,pdfs/PSAT-NMSQT-PSAT10/Math/part-005.pdf,16
PSAT/NMSQT & PSAT 10,Math,c11b609b,pdfs/PSAT-NMSQT-PSAT10/Math/part-005.pdf,17
PSAT/NMSQT & PSAT 10,Math,779f520c,pdfs/PSAT-NMSQT-PSAT10/Math/part-005.pdf,18
PSAT/NMSQT & PSAT 10,Math,071fdd25,pdfs/PSAT-NMSQT-PSAT10/Math/part-005.pdf,19
PSAT/NMSQT & PSAT 10,Math,b0d50e7b,pdfs/PSAT-NMSQT-PSAT10/Math/part-005.pdf,20
PSAT/NMSQT & PSAT 10,Math,1b8d255c,pdfs/PSAT-NMSQT-PSAT10/Math/part-005.pdf,21
PSAT/NMSQT & PSAT 10,Math,f54b8034,pdfs/PSAT-NMSQT-PSAT10/Math/part-005.pdf,22
PSAT/NMSQT & PSAT 10,Math,0476ccd6,pdfs/PSAT-NMSQT-PSAT10/Math/part-005.pdf,23
PSAT/NMSQT & PSAT 10,Math,afb7b8a8,pdfs/PSAT-NMSQT-PSAT10/Math/part-005.pdf,24
PSAT/NMSQT & PSAT 10,Math,bcee5a7b,pdfs/PSAT-NMSQT-PSAT10/Math/part-005.pdf,25
PSAT/NMSQT & PSAT 10,Math,50266a50,pdfs/PSAT-NMSQT-PSAT10/Math/part-005.pdf,26
PSAT/NMSQT & PSAT 10,Math,99ac3efb,pdfs/PSAT-NMSQT-PSAT10/Math/part-005.pdf,27
PSAT/NMSQT & PSAT 10,Math,0a3f175e,pdfs/PSAT-NMSQT-PSAT10/Math/part-005.pdf,28
PSAT/NMSQT & PSAT 10,Math,353627d0,pdfs/PSAT-NMSQT-PSAT10/Math/part-005.pdf,30
PSAT/NMSQT & PSAT 10,Math,f2f8c387,pdfs/PSAT-NMSQT-PSAT10/Math/part-005.pdf,31
PSAT/NMSQT & PSAT 10,Math,f367a7bb,pdfs/PSAT-NMSQT-PSAT10/Math/part-005.pdf,32
PSAT/NMSQT & PSAT 10,Math,6f58b48a,pdfs/PSAT-NMSQT-PSAT10/Math/part-005.pdf,33
PSAT/NMSQT & PSAT 10,Math,7aba3674,pdfs/PSAT-NMSQT-PSAT10/Math/part-005.pdf,34
PSAT/NMSQT & PSAT 10,Math,a8668873,pdfs/PSAT-NMSQT-PSAT10/Math/part-005.pdf,35
PSAT/NMSQT & PSAT 10,Math,e9f26dca,pdfs/PSAT-NMSQT-PSAT10/Math/part-005.pdf,36
PSAT/NMSQT & PSAT 10,Math,7ae9de81,pdfs/PSAT-NMSQT-PSAT10/Math/part-005.pdf,37
PSAT/NMSQT & PSAT 10,Math,3aea70d0,pdfs/PSAT-NMSQT-PSAT10/Math/part-005.pdf,38
PSAT/NMSQT & PSAT 10,Math,a2481e38,pdfs/PSAT-NMSQT-PSAT10/Math/part-005.pdf,39
PSAT/NMSQT & PSAT 10,Math,c509b278,pdfs/PSAT-NMSQT-PSAT10/Math/part-005.pdf,40
PSAT/NMSQT & PSAT 10,Math,80219788,pdfs/PSAT-NMSQT-PSAT10/Math/part-005.pdf,41
PSAT/NMSQT & PSAT 10,Math,322870b1,pdfs/PSAT-NMSQT-PSAT10/Math/part-005.pdf,42
PSAT/NMSQT & PSAT 10,Math,0d85e8d2,pdfs/PSAT-NMSQT-PSAT10/Math/part-005.pdf,43
PSAT/NMSQT & PSAT 10,Math,cb8fd209,pdfs/PSAT-NMSQT-PSAT10/Math/part-005.pdf,44
PSAT/NMSQT & PSAT 10,Math,086ccbf9,pdfs/PSAT-NMSQT-PSAT10/Math/part-005.pdf,45
PSAT/NMSQT & PSAT 10,Math,ae2b1ed0,pdfs/PSAT-NMSQT-PSAT10/Math/part-005.pdf,46
PSAT/NMSQT & PSAT 10,Math,0fa9b06e,pdfs/PSAT-NMSQT-PSAT10/Math/part-005.pdf,47
PSAT/NMSQT & PSAT 10,Math,7cfef47f,pdfs/PSAT-NMSQT-PSAT10/Math/part-005.pdf,48
PSAT/NMSQT & PSAT 10,Math,f7a28ce0,pdfs/PSAT-NMSQT-PSAT10/Math/part-005.pdf,49
PSAT/NMSQT & PSAT 10,Math,104303c5,pdfs/PSAT-NMSQT-PSAT10/Math/part-005.pdf,50
PSAT/NMSQT & PSAT 10,Math,006aa97c,pdfs/PSAT-NMSQT-PSAT10/Math/part-005.pdf,51
PSAT/NMSQT & PSAT 10,Math,5cb8b9f1,pdfs/PSAT-NMSQT-PSAT10/Math/part-005.pdf,52
PSAT/NMSQT & PSAT 10,Math,6fe91fb7,pdfs/PSAT-NMSQT-PSAT10/Math/part-005.pdf,53
PSAT/NMSQT & PSAT 10,Math,fe3a4a45,pdfs/PSAT-NMSQT-PSAT10/Math/part-005.pdf,54
PSAT/NMSQT & PSAT 10,Math,931db592,pdfs/PSAT-NMSQT-PSAT10/Math/part-005.pdf,55
PSAT/NMSQT & PSAT 10,Math,7a379ded,pdfs/PSAT-NMSQT-PSAT10/Math/part-005.pdf,56
PSAT/NMSQT & PSAT 10,Math,73d06b08,pdfs/PSAT-NMSQT-PSAT10/Math/part-005.pdf,57
PSAT/NMSQT & PSAT 10,Math,aa4596b3,pdfs/PSAT-NMSQT-PSAT10/Math/part-005.pdf,58
PSAT/NMSQT & PSAT 10,Math,f4db3504,pdfs/PSAT-NMSQT-PSAT10/Math/part-005.pdf,59
PSAT/NMSQT & PSAT 10,Math,a1933fd0,pdfs/PSAT-NMSQT-PSAT10/Math/part-005.pdf,60
PSAT/NMSQT & PSAT 10,Math,035b6ebc,pdfs/PSAT-NMSQT-PSAT10/Math/part-005.pdf,61
PSAT/NMSQT & PSAT 10,Math,3b4dfb61,pdfs/PSAT-NMSQT-PSAT10/Math/part-005.pdf,62
PSAT/NMSQT & PSAT 10,Math,dae2f1d9,pdfs/PSAT-NMSQT-PSAT10/Math/part-005.pdf,63
PSAT/NMSQT & PSAT 10,Math,885ff9a6,pdfs/PSAT-NMSQT-PSAT10/Math/part-005.pdf,64
PSAT/NMSQT & PSAT 10,Math,559405f5,pdfs/PSAT-NMSQT-PSAT10/Math/part-005.pdf,65
PSAT/NMSQT & PSAT 10,Math,ddb05c9c,pdfs/PSAT-NMSQT-PSAT10/Math/part-005.pdf,66
PSAT/NMSQT & PSAT 10,Math,d1b668a8,pdfs/PSAT-NMSQT-PSAT10/Math/part-005.pdf,67
PSAT/NMSQT & PSAT 10,Math,acd02c11,pdfs/PSAT-NMSQT-PSAT10/Math/part-005.pdf,68
PSAT/NMSQT & PSAT 10,Math,1c28e76c,pdfs/PSAT-NMSQT-PSAT10/Math/part-005.pdf,69
PSAT/NMSQT & PSAT 10,Math,7e9a72e3,pdfs/PSAT-NMSQT-PSAT10/Math/part-005.pdf,70
PSAT/NMSQT & PSAT 10,Math,8bfaf601,pdfs/PSAT-NMSQT-PSAT10/Math/part-005.pdf,71
PSAT/NMSQT & PSAT 10,Math,a99803bc,pdfs/PSAT-NMSQT-PSAT10/Math/part-005.pdf,72
PSAT/NMSQT & PSAT 10,Math,741f82a0,pdfs/PSAT-NMSQT-PSAT10/Math/part-005.pdf,73
PSAT/NMSQT & PSAT 10,Math,9574f991,pdfs/PSAT-NMSQT-PSAT10/Math/part-005.pdf,74
PSAT/NMSQT & PSAT 10,Math,711269b9,pdfs/PSAT-NMSQT-PSAT10/Math/part-005.pdf,75
PSAT/NMSQT & PSAT 10,Math,b68f4360,pdfs/PSAT-NMSQT-PSAT10/Math/part-005.pdf,76
PSAT/NMSQT & PSAT 10,Math,3817a518,pdfs/PSAT-NMSQT-PSAT10/Math/part-005.pdf,77
PSAT/NMSQT & PSAT 10,Math,70b2c8a2,pdfs/PSAT-NMSQT-PSAT10/Math/part-005.pdf,78
PSAT/NMSQT & PSAT 10,Math,ef06a3c8,pdfs/PSAT-NMSQT-PSAT10/Math/part-005.pdf,79
PSAT/NMSQT & PSAT 10,Math,b6e2a0be,pdfs/PSAT-NMSQT-PSAT10/Math/part-005.pdf,81
PSAT/NMSQT & PSAT 10,Math,931fecbf,pdfs/PSAT-NMSQT-PSAT10/Math/part-005.pdf,82
PSAT/NMSQT & PSAT 10,Math,74319cb2,pdfs/PSAT-NMSQT-PSAT10/Math/part-005.pdf,83
PSAT/NMSQT & PSAT 10,Math,6fb64176,pdfs/PSAT-NMSQT-PSAT10/Math/part-005.pdf,84
PSAT/NMSQT & PSAT 10,Math,9edff5b0,pdfs/PSAT-NMSQT-PSAT10/Math/part-005.pdf,85
PSAT/NMSQT & PSAT 10,Math,1d2456f6,pdfs/PSAT-NMSQT-PSAT10/Math/part-005.pdf,86
PSAT/NMSQT & PSAT 10,Math,e82fa297,pdfs/PSAT-NMSQT-PSAT10/Math/part-005.pdf,87
PSAT/NMSQT & PSAT 10,Math,8b3c6ded,pdfs/PSAT-NMSQT-PSAT10/Math/part-005.pdf,89
PSAT/NMSQT & PSAT 10,Math,6a1afc91,pdfs/PSAT-NMSQT-PSAT10/Math/part-005.pdf,90
PSAT/NMSQT & PSAT 10,Math,84af3cc9,pdfs/PSAT-NMSQT-PSAT10/Math/part-005.pdf,91
PSAT/NMSQT & PSAT 10,Math,0d8f5be1,pdfs/PSAT-NMSQT-PSAT10/Math/part-005.pdf,92
PSAT/NMSQT & PSAT 10,Math,76956d0b,pdfs/PSAT-NMSQT-PSAT10/Math/part-005.pdf,93
PSAT/NMSQT & PSAT 10,Math,bde22993,pdfs/PSAT-NMSQT-PSAT10/Math/part-005.pdf,94
PSAT/NMSQT & PSAT 10,Math,05a132a1,pdfs/PSAT-NMSQT-PSAT10/Math/part-005.pdf,95
PSAT/NMSQT & PSAT 10,Math,6960c677,pdfs/PSAT-NMSQT-PSAT10/Math/part-005.pdf,96
PSAT/NMSQT & PSAT 10,Math,2314ca41,pdfs/PSAT-NMSQT-PSAT10/Math/part-005.pdf,97
PSAT/NMSQT & PSAT 10,Math,92352721,pdfs/PSAT-NMSQT-PSAT10/Math/part-005.pdf,98
PSAT/NMSQT & PSAT 10,Math,9a6b3320,pdfs/PSAT-NMSQT-PSAT10/Math/part-005.pdf,99
PSAT/NMSQT & PSAT 10,Math,94fa9f70,pdfs/PSAT-NMSQT-PSAT10/Math/part-005.pdf,100
PSAT/NMSQT & PSAT 10,Math,e781a2aa,pdfs/PSAT-NMSQT-PSAT10/Math/part-005.pdf,101
PSAT/NMSQT & PSAT 10,Math,bf81d414,pdfs/PSAT-NMSQT-PSAT10/Math/part-005.pdf,102
PSAT/NMSQT & PSAT 10,Math,143a40e7,pdfs/PSAT-NMSQT-PSAT10/Math/part-005.pdf,103
PSAT/NMSQT & PSAT 10,Math,429a418a,pdfs/PSAT-NMSQT-PSAT10/Math/part-005.pdf,104
PSAT/NMSQT & PSAT 10,Math,a61f9290,pdfs/PSAT-NMSQT-PSAT10/Math/part-005.pdf,105
PSAT/NMSQT & PSAT 10,Math,f95cb45a,pdfs/PSAT-NMSQT-PSAT10/Math/part-005.pdf,106
PSAT/NMSQT & PSAT 10,Math,0bd5d440,pdfs/PSAT-NMSQT-PSAT10/Math/part-005.pdf,107
PSAT/NMSQT & PSAT 10,Math,614480dd,pdfs/PSAT-NMSQT-PSAT10/Math/part-005.pdf,108
PSAT/NMSQT & PSAT 10,Math,f36a1431,pdfs/PSAT-NMSQT-PSAT10/Math/part-005.pdf,109
PSAT/NMSQT & PSAT 10,Math,b32fec92,pdfs/PSAT-NMSQT-PSAT10/Math/part-005.pdf,110
PSAT/NMSQT & PSAT 10,Math,10faca1a,pdfs/PSAT-NMSQT-PSAT10/Math/part-005.pdf,111
PSAT/NMSQT & PSAT 10,Math,807408a5,pdfs/PSAT-NMSQT-PSAT10/Math/part-005.pdf,112
PSAT/NMSQT & PSAT 10,Math,278be7ea,pdfs/PSAT-NMSQT-PSAT10/Math/part-005.pdf,113
PSAT/NMSQT & PSAT 10,Math,266cd290,pdfs/PSAT-NMSQT-PSAT10/Math/part-005.pdf,114
PSAT/NMSQT & PSAT 10,Math,623f5b49,pdfs/PSAT-NMSQT-PSAT10/Math/part-005.pdf,115
PSAT/NMSQT & PSAT 10,Math,ef844edd,pdfs/PSAT-NMSQT-PSAT10/Math/part-005.pdf,116
PSAT/NMSQT & PSAT 10,Math,693f1d2d,pdfs/PSAT-NMSQT-PSAT10/Math/part-005.pdf,117
PSAT/NMSQT & PSAT 10,Math,7688d7d2,pdfs/PSAT-NMSQT-PSAT10/Math/part-005.pdf,118
PSAT/NMSQT & PSAT 10,Math,e77c8dae,pdfs/PSAT-NMSQT-PSAT10/Math/part-005.pdf,119
PSAT/NMSQT & PSAT 10,Math,573e68c9,pdfs/PSAT-NMSQT-PSAT10/Math/part-005.pdf,120
PSAT/NMSQT & PSAT 10,Math,f6da58ab,pdfs/PSAT-NMSQT-PSAT10/Math/part-005.pdf,121
PSAT/NMSQT & PSAT 10,Math,9ab65399,pdfs/PSAT-NMSQT-PSAT10/Math/part-005.pdf,122
PSAT/NMSQT & PSAT 10,Math,59e02b51,pdfs/PSAT-NMSQT-PSAT10/Math/part-005.pdf,123
PSAT/NMSQT & PSAT 10,Math,fbdff720,pdfs/PSAT-NMSQT-PSAT10/Math/part-005.pdf,124
PSAT/NMSQT & PSAT 10,Math,36cce7f3,pdfs/PSAT-NMSQT-PSAT10/Math/part-005.pdf,125
PSAT/NMSQT & PSAT 10,Math,87a6a5da,pdfs/PSAT-NMSQT-PSAT10/Math/part-005.pdf,126
PSAT/NMSQT & PSAT 10,Math,7dd7bbe3,pdfs/PSAT-NMSQT-PSAT10/Math/part-005.pdf,127
PSAT/NMSQT & PSAT 10,Math,60a7638d,pdfs/PSAT-NMSQT-PSAT10/Math/part-005.pdf,128
PSAT/NMSQT & PSAT 10,Math,abb73bd5,pdfs/PSAT-NMSQT-PSAT10/Math/part-005.pdf,129
PSAT/NMSQT & PSAT 10,Math,a13043a0,pdfs/PSAT-NMSQT-PSAT10/Math/part-005.pdf,130
PSAT/NMSQT & PSAT 10,Math,6ffffff4,pdfs/PSAT-NMSQT-PSAT10/Math/part-005.pdf,131
PSAT/NMSQT & PSAT 10,Math,ae2977d3,pdfs/PSAT-NMSQT-PSAT10/Math/part-005.pdf,132
PSAT/NMSQT & PSAT 10,Math,7c3910ec,pdfs/PSAT-NMSQT-PSAT10/Math/part-005.pdf,133
PSAT/NMSQT & PSAT 10,Math,5b5932a9,pdfs/PSAT-NMSQT-PSAT10/Math/part-005.pdf,134
PSAT/NMSQT & PSAT 10,Math,c03ddc01,pdfs/PSAT-NMSQT-PSAT10/Math/part-005.pdf,135
PSAT/NMSQT & PSAT 10,Math,a45f2220,pdfs/PSAT-NMSQT-PSAT10/Math/part-005.pdf,136
PSAT/NMSQT & PSAT 10,Math,08de986a,pdfs/PSAT-NMSQT-PSAT10/Math/part-005.pdf,137
PSAT/NMSQT & PSAT 10,Math,3d76697e,pdfs/PSAT-NMSQT-PSAT10/Math/part-005.pdf,138
PSAT/NMSQT & PSAT 10,Math,66c8ee69,pdfs/PSAT-NMSQT-PSAT10/Math/part-005.pdf,139
PSAT/NMSQT & PSAT 10,Math,a5cc34a7,pdfs/PSAT-NMSQT-PSAT10/Math/part-005.pdf,140
PSAT/NMSQT & PSAT 10,Math,a2df06be,pdfs/PSAT-NMSQT-PSAT10/Math/part-005.pdf,141
PSAT/NMSQT & PSAT 10,Math,694b2d44,pdfs/PSAT-NMSQT-PSAT10/Math/part-005.pdf,142
PSAT/NMSQT & PSAT 10,Math,240a55b5,pdfs/PSAT-NMSQT-PSAT10/Math/part-005.pdf,143
PSAT/NMSQT & PSAT 10,Math,a4ed6c74,pdfs/PSAT-NMSQT-PSAT10/Math/part-005.pdf,144
PSAT/NMSQT & PSAT 10,Math,75747756,pdfs/PSAT-NMSQT-PSAT10/Math/part-005.pdf,145
PSAT/NMSQT & PSAT 10,Math,6762d8c0,pdfs/PSAT-NMSQT-PSAT10/Math/part-005.pdf,146
PSAT/NMSQT & PSAT 10,Math,8debb46f,pdfs/PSAT-NMSQT-PSAT10/Math/part-005.pdf,147
PSAT/NMSQT & PSAT 10,Math,ff91d3f5,pdfs/PSAT-NMSQT-PSAT10/Math/part-005.pdf,148
PSAT/NMSQT & PSAT 10,Math,84d6e77f,pdfs/PSAT-NMSQT-PSAT10/Math/part-005.pdf,149
PSAT/NMSQT & PSAT 10,Math,7df6c308,pdfs/PSAT-NMSQT-PSAT10/Math/part-005.pdf,150
PSAT/NMSQT & PSAT 10,Math,c0b26ea8,pdfs/PSAT-NMSQT-PSAT10/Math/part-005.pdf,152
PSAT/NMSQT & PSAT 10,Math,5e7aa61a,pdfs/PSAT-NMSQT-PSAT10/Math/part-005.pdf,153
PSAT/NMSQT & PSAT 10,Math,d95fc552,pdfs/PSAT-NMSQT-PSAT10/Math/part-005.pdf,154
PSAT/NMSQT & PSAT 10,Math,d5886fd1,pdfs/PSAT-NMSQT-PSAT10/Math/part-005.pdf,155
PSAT/NMSQT & PSAT 10,Math,2635fa9a,pdfs/PSAT-NMSQT-PSAT10/Math/part-005.pdf,156
PSAT/NMSQT & PSAT 10,Math,46597be8,pdfs/PSAT-NMSQT-PSAT10/Math/part-005.pdf,157
PSAT/NMSQT & PSAT 10,Math,a639d262,pdfs/PSAT-NMSQT-PSAT10/Math/part-005.pdf,158
PSAT/NMSQT & PSAT 10,Math,36388a37,pdfs/PSAT-NMSQT-PSAT10/Math/part-005.pdf,159
PSAT/NMSQT & PSAT 10,Math,c3a4b363,pdfs/PSAT-NMSQT-PSAT10/Math/part-005.pdf,160
PSAT/NMSQT & PSAT 10,Math,662a2bba,pdfs/PSAT-NMSQT-PSAT10/Math/part-005.pdf,161
PSAT/NMSQT & PSAT 10,Math,998b7288,pdfs/PSAT-NMSQT-PSAT10/Math/part-005.pdf,162
PSAT/NMSQT & PSAT 10,Math,da7b90a0,pdfs/PSAT-NMSQT-PSAT10/Math/part-005.pdf,163
PSAT/NMSQT & PSAT 10,Math,1878bade,pdfs/PSAT-NMSQT-PSAT10/Math/part-005.pdf,164
PSAT/NMSQT & PSAT 10,Math,55461d9e,pdfs/PSAT-NMSQT-PSAT10/Math/part-005.pdf,165
PSAT/NMSQT & PSAT 10,Math,7339a4db,pdfs/PSAT-NMSQT-PSAT10/Math/part-005.pdf,166
PSAT/NMSQT & PSAT 10,Math,5368ebc1,pdfs/PSAT-NMSQT-PSAT10/Math/part-005.pdf,167
PSAT/NMSQT & PSAT 10,Math,956af0b3,pdfs/PSAT-NMSQT-PSAT10/Math/part-005.pdf,168
PSAT/NMSQT & PSAT 10,Math,42f21cda,pdfs/PSAT-NMSQT-PSAT10/Math/part-005.pdf,169
PSAT/NMSQT & PSAT 10,Math,a18e6226,pdfs/PSAT-NMSQT-PSAT10/Math/part-005.pdf,170
PSAT/NMSQT & PSAT 10,Math,bcc0f54a,pdfs/PSAT-NMSQT-PSAT10/Math/part-005.pdf,172
PSAT/NMSQT & PSAT 10,Math,dab047c6,pdfs/PSAT-NMSQT-PSAT10/Math/part-005.pdf,173
PSAT/NMSQT & PSAT 10,Math,7eb63aa4,pdfs/PSAT-NMSQT-PSAT10/Math/part-005.pdf,174
PSAT/NMSQT & PSAT 10,Math,375b20d8,pdfs/PSAT-NMSQT-PSAT10/Math/part-005.pdf,175
PSAT/NMSQT & PSAT 10,Math,bc2c1bd0,pdfs/PSAT-NMSQT-PSAT10/Math/part-005.pdf,176
PSAT/NMSQT & PSAT 10,Math,d0b7bf06,pdfs/PSAT-NMSQT-PSAT10/Math/part-005.pdf,177
PSAT/NMSQT & PSAT 10,Math,eb44f89d,pdfs/PSAT-NMSQT-PSAT10/Math/part-005.pdf,178
PSAT/NMSQT & PSAT 10,Math,c349b88b,pdfs/PSAT-NMSQT-PSAT10/Math/part-005.pdf,179
PSAT/NMSQT & PSAT 10,Math,a69edca8,pdfs/PSAT-NMSQT-PSAT10/Math/part-005.pdf,180
PSAT/NMSQT & PSAT 10,Math,c3f4d8c1,pdfs/PSAT-NMSQT-PSAT10/Math/part-005.pdf,181
PSAT/NMSQT & PSAT 10,Math,6c1320cc,pdfs/PSAT-NMSQT-PSAT10/Math/part-005.pdf,182
PSAT/NMSQT & PSAT 10,Math,d1610d1a,pdfs/PSAT-NMSQT-PSAT10/Math/part-005.pdf,183
PSAT/NMSQT & PSAT 10,Math,f56f10ce,pdfs/PSAT-NMSQT-PSAT10/Math/part-005.pdf,184
PSAT/NMSQT & PSAT 10,Math,75e87dd1,pdfs/PSAT-NMSQT-PSAT10/Math/part-005.pdf,185
PSAT/NMSQT & PSAT 10,Math,017166ab,pdfs/PSAT-NMSQT-PSAT10/Math/part-005.pdf,186
PSAT/NMSQT & PSAT 10,Math,28fc988a,pdfs/PSAT-NMSQT-PSAT10/Math/part-005.pdf,187
PSAT/NMSQT & PSAT 10,Math,e9fe81b0,pdfs/PSAT-NMSQT-PSAT10/Math/part-005.pdf,189
PSAT/NMSQT & PSAT 10,Math,f6ea61ff,pdfs/PSAT-NMSQT-PSAT10/Math/part-005.pdf,190
PSAT/NMSQT & PSAT 10,Math,c34a3716,pdfs/PSAT-NMSQT-PSAT10/Math/part-005.pdf,191
PSAT/NMSQT & PSAT 10,Math,72e7f927,pdfs/PSAT-NMSQT-PSAT10/Math/part-005.pdf,193
PSAT 8/9,Reading and Writing,737870c6,pdfs/PSAT-8-9/Reading-and-Writing/part-001.pdf,1
PSAT 8/9,Reading and Writing,1b9fa866,pdfs/PSAT-8-9/Reading-and-Writing/part-001.pdf,2
PSAT 8/9,Reading and Writing,da9a6075,pdfs/PSAT-8-9/Reading-and-Writing/part-001.pdf,4
PSAT 8/9,Reading and Writing,d390118e,pdfs/PSAT-8-9/Reading-and-Writing/part-001.pdf,5
PSAT 8/9,Reading and Writing,e1460856,pdfs/PSAT-8-9/Reading-and-Writing/part-001.pdf,7
PSAT 8/9,Reading and Writing,fda10103,pdfs/PSAT-8-9/Reading-and-Writing/part-001.pdf,8
PSAT 8/9,Reading and Writing,85fae948,pdfs/PSAT-8-9/Reading-and-Writing/part-001.pdf,9
PSAT 8/9,Reading and Writing,c2fe3dc4,pdfs/PSAT-8-9/Reading-and-Writing/part-001.pdf,10
PSAT 8/9,Reading and Writing,f2cd80e9,pdfs/PSAT-8-9/Reading-and-Writing/part-001.pdf,11
PSAT 8/9,Reading and Writing,3b7fcc89,pdfs/PSAT-8-9/Reading-and-Writing/part-001.pdf,12
PSAT 8/9,Reading and Writing,09322f3e,pdfs/PSAT-8-9/Reading-and-Writing/part-001.pdf,13
PSAT 8/9,Reading and Writing,e43225b7,pdfs/PSAT-8-9/Reading-and-Writing/part-001.pdf,14
PSAT 8/9,Reading and Writing,b7cff5f4,pdfs/PSAT-8-9/Reading-and-Writing/part-001.pdf,15
PSAT 8/9,Reading and Writing,2a1e59e3,pdfs/PSAT-8-9/Reading-and-Writing/part-001.pdf,16
PSAT 8/9,Reading and Writing,b52e4f97,pdfs/PSAT-8-9/Reading-and-Writing/part-001.pdf,17
PSAT 8/9,Reading and Writing,8d605fb1,pdfs/PSAT-8-9/Reading-and-Writing/part-001.pdf,19
PSAT 8/9,Reading and Writing,f5d9e979,pdfs/PSAT-8-9/Reading-and-Writing/part-001.pdf,20
PSAT 8/9,Reading and Writing,4d1fe5b1,pdfs/PSAT-8-9/Reading-and-Writing/part-001.pdf,21
PSAT 8/9,Reading and Writing,7370ee50,pdfs/PSAT-8-9/Reading-and-Writing/part-001.pdf,23
PSAT 8/9,Reading and Writing,a586235b,pdfs/PSAT-8-9/Reading-and-Writing/part-001.pdf,24
PSAT 8/9,Reading and Writing,83b074cc,pdfs/PSAT-8-9/Reading-and-Writing/part-001.pdf,25
PSAT 8/9,Reading and Writing,23d86807,pdfs/PSAT-8-9/Reading-and-Writing/part-001.pdf,26
PSAT 8/9,Reading and Writing,6eda4233,pdfs/PSAT-8-9/Reading-and-Writing/part-001.pdf,27
PSAT 8/9,Reading and Writing,3caa2431,pdfs/PSAT-8-9/Reading-and-Writing/part-001.pdf,28
PSAT 8/9,Reading and Writing,1be016d5,pdfs/PSAT-8-9/Reading-and-Writing/part-001.pdf,29
PSAT 8/9,Reading and Writing,bc9c696f,pdfs/PSAT-8-9/Reading-and-Writing/part-001.pdf,31
PSAT 8/9,Reading and Writing,f2040ca2,pdfs/PSAT-8-9/Reading-and-Writing/part-001.pdf,32
PSAT 8/9,Reading and Writing,1d50caf0,pdfs/PSAT-8-9/Reading-and-Writing/part-001.pdf,33
PSAT 8/9,Reading and Writing,7aefd1b2,pdfs/PSAT-8-9/Reading-and-Writing/part-001.pdf,34
PSAT 8/9,Reading and Writing,bf781ef7,pdfs/PSAT-8-9/Reading-and-Writing/part-001.pdf,36
PSAT 8/9,Reading and Writing,8bcb5400,pdfs/PSAT-8-9/Reading-and-Writing/part-001.pdf,37
PSAT 8/9,Reading and Writing,db6ef573,pdfs/PSAT-8-9/Reading-and-Writing/part-001.pdf,38
PSAT 8/9,Reading and Writing,b65d942c,pdfs/PSAT-8-9/Reading-and-Writing/part-001.pdf,39
PSAT 8/9,Reading and Writing,7379012a,pdfs/PSAT-8-9/Reading-and-Writing/part-001.pdf,40
PSAT 8/9,Reading and Writing,260c2199,pdfs/PSAT-8-9/Reading-and-Writing/part-001.pdf,41
PSAT 8/9,Reading and Writing,17135825,pdfs/PSAT-8-9/Reading-and-Writing/part-001.pdf,42
PSAT 8/9,Reading and Writing,9fabb264,pdfs/PSAT-8-9/Reading-and-Writing/part-001.pdf,43
PSAT 8/9,Reading and Writing,38df8850,pdfs/PSAT-8-9/Reading-and-Writing/part-001.pdf,44
PSAT 8/9,Reading and Writing,bd5cb387,pdfs/PSAT-8-9/Reading-and-Writing/part-001.pdf,46
PSAT 8/9,Reading and Writing,db168a6e,pdfs/PSAT-8-9/Reading-and-Writing/part-001.pdf,47
PSAT 8/9,Reading and Writing,6eecc3d4,pdfs/PSAT-8-9/Reading-and-Writing/part-001.pdf,49
PSAT 8/9,Reading and Writing,4816580f,pdfs/PSAT-8-9/Reading-and-Writing/part-001.pdf,50
PSAT 8/9,Reading and Writing,f4c82aaf,pdfs/PSAT-8-9/Reading-and-Writing/part-001.pdf,51
PSAT 8/9,Reading and Writing,88ee5572,pdfs/PSAT-8-9/Reading-and-Writing/part-001.pdf,52
PSAT 8/9,Reading and Writing,c4972b33,pdfs/PSAT-8-9/Reading-and-Writing/part-001.pdf,53
PSAT 8/9,Reading and Writing,f4f1a62b,pdfs/PSAT-8-9/Reading-and-Writing/part-001.pdf,54
PSAT 8/9,Reading and Writing,5ff15e74,pdfs/PSAT-8-9/Reading-and-Writing/part-001.pdf,55
PSAT 8/9,Reading and Writing,e5b0ddba,pdfs/PSAT-8-9/Reading-and-Writing/part-001.pdf,56
PSAT 8/9,Reading and Writing,75e54954,pdfs/PSAT-8-9/Reading-and-Writing/part-001.pdf,57
PSAT 8/9,Reading and Writing,fc6556b6,pdfs/PSAT-8-9/Reading-and-Writing/part-001.pdf,58
PSAT 8/9,Reading and Writing,9f06aadb,pdfs/PSAT-8-9/Reading-and-Writing/part-001.pdf,59
PSAT 8/9,Reading and Writing,a8b34bf5,pdfs/PSAT-8-9/Reading-and-Writing/part-001.pdf,60
PSAT 8/9,Reading and Writing,262f9643,pdfs/PSAT-8-9/Reading-and-Writing/part-001.pdf,61
PSAT 8/9,Reading and Writing,b06f8662,pdfs/PSAT-8-9/Reading-and-Writing/part-001.pdf,62
PSAT 8/9,Reading and Writing,9e9c9691,pdfs/PSAT-8-9/Reading-and-Writing/part-001.pdf,63
PSAT 8/9,Reading and Writing,757357f2,pdfs/PSAT-8-9/Reading-and-Writing/part-001.pdf,65
PSAT 8/9,Reading and Writing,0fac91cc,pdfs/PSAT-8-9/Reading-and-Writing/part-001.pdf,67
PSAT 8/9,Reading and Writing,04556bc7,pdfs/PSAT-8-9/Reading-and-Writing/part-001.pdf,68
PSAT 8/9,Reading and Writing,bfdf16a4,pdfs/PSAT-8-9/Reading-and-Writing/part-001.pdf,69
PSAT 8/9,Reading and Writing,8db5f22f,pdfs/PSAT-8-9/Reading-and-Writing/part-001.pdf,70
PSAT 8/9,Reading and Writing,e7cfdb90,pdfs/PSAT-8-9/Reading-and-Writing/part-001.pdf,72
PSAT 8/9,Reading and Writing,c48584b6,pdfs/PSAT-8-9/Reading-and-Writing/part-001.pdf,74
PSAT 8/9,Reading and Writing,b7d21414,pdfs/PSAT-8-9/Reading-and-Writing/part-001.pdf,75
PSAT 8/9,Reading and Writing,31a3a35b,pdfs/PSAT-8-9/Reading-and-Writing/part-001.pdf,76
PSAT 8/9,Reading and Writing,d5a404f4,pdfs/PSAT-8-9/Reading-and-Writing/part-001.pdf,77
PSAT 8/9,Reading and Writing,9b40b794,pdfs/PSAT-8-9/Reading-and-Writing/part-001.pdf,78
PSAT 8/9,Reading and Writing,44c7736a,pdfs/PSAT-8-9/Reading-and-Writing/part-001.pdf,80
PSAT 8/9,Reading and Writing,ee48b2f0,pdfs/PSAT-8-9/Reading-and-Writing/part-001.pdf,81
PSAT 8/9,Reading and Writing,b5b20421,pdfs/PSAT-8-9/Reading-and-Writing/part-001.pdf,82
PSAT 8/9,Reading and Writing,5a89ebaa,pdfs/PSAT-8-9/Reading-and-Writing/part-001.pdf,84
PSAT 8/9,Reading and Writing,442c2887,pdfs/PSAT-8-9/Reading-and-Writing/part-001.pdf,85
PSAT 8/9,Reading and Writing,24d16f1e,pdfs/PSAT-8-9/Reading-and-Writing/part-001.pdf,86
PSAT 8/9,Reading and Writing,e80c9637,pdfs/PSAT-8-9/Reading-and-Writing/part-001.pdf,87
PSAT 8/9,Reading and Writing,959f36c9,pdfs/PSAT-8-9/Reading-and-Writing/part-001.pdf,88
PSAT 8/9,Reading and Writing,d2cc5b6c,pdfs/PSAT-8-9/Reading-and-Writing/part-001.pdf,89
PSAT 8/9,Reading and Writing,530145de,pdfs/PSAT-8-9/Reading-and-Writing/part-001.pdf,90
PSAT 8/9,Reading and Writing,ff7d421b,pdfs/PSAT-8-9/Reading-and-Writing/part-001.pdf,91
PSAT 8/9,Reading and Writing,2556ad3d,pdfs/PSAT-8-9/Reading-and-Writing/part-001.pdf,92
PSAT 8/9,Reading and Writing,7785d9c3,pdfs/PSAT-8-9/Reading-and-Writing/part-001.pdf,93
PSAT 8/9,Reading and Writing,3b04a15e,pdfs/PSAT-8-9/Reading-and-Writing/part-001.pdf,94
PSAT 8/9,Reading and Writing,2de70e1b,pdfs/PSAT-8-9/Reading-and-Writing/part-001.pdf,95
PSAT 8/9,Reading and Writing,f339fd26,pdfs/PSAT-8-9/Reading-and-Writing/part-001.pdf,96
PSAT 8/9,Reading and Writing,9b895aaa,pdfs/PSAT-8-9/Reading-and-Writing/part-001.pdf,97
PSAT 8/9,Reading and Writing,fa1291e6,pdfs/PSAT-8-9/Reading-and-Writing/part-001.pdf,98
PSAT 8/9,Reading and Writing,12b639c7,pdfs/PSAT-8-9/Reading-and-Writing/part-001.pdf,99
PSAT 8/9,Reading and Writing,ac8cfb10,pdfs/PSAT-8-9/Reading-and-Writing/part-001.pdf,101
PSAT 8/9,Reading and Writing,ab0ec9fa,pdfs/PSAT-8-9/Reading-and-Writing/part-001.pdf,102
PSAT 8/9,Reading and Writing,854807a4,pdfs/PSAT-8-9/Reading-and-Writing/part-001.pdf,103
PSAT 8/9,Reading and Writing,4445ca92,pdfs/PSAT-8-9/Reading-and-Writing/part-001.pdf,104
PSAT 8/9,Reading and Writing,20ce4e60,pdfs/PSAT-8-9/Reading-and-Writing/part-001.pdf,105
PSAT 8/9,Reading and Writing,dfc317a2,pdfs/PSAT-8-9/Reading-and-Writing/part-001.pdf,106
PSAT 8/9,Reading and Writing,ff9e17fe,pdfs/PSAT-8-9/Reading-and-Writing/part-001.pdf,107
PSAT 8/9,Reading and Writing,27c3bb84,pdfs/PSAT-8-9/Reading-and-Writing/part-001.pdf,108
PSAT 8/9,Reading and Writing,759cd784,pdfs/PSAT-8-9/Reading-and-Writing/part-001.pdf,110
PSAT 8/9,Reading and Writing,e1f26c47,pdfs/PSAT-8-9/Reading-and-Writing/part-001.pdf,111
PSAT 8/9,Reading and Writing,49568189,pdfs/PSAT-8-9/Reading-and-Writing/part-001.pdf,113
PSAT 8/9,Reading and Writing,51b79633,pdfs/PSAT-8-9/Reading-and-Writing/part-001.pdf,114
PSAT 8/9,Reading and Writing,bd90e061,pdfs/PSAT-8-9/Reading-and-Writing/part-001.pdf,115
PSAT 8/9,Reading and Writing,78e38c28,pdfs/PSAT-8-9/Reading-and-Writing/part-001.pdf,116
PSAT 8/9,Reading and Writing,3736ee7a,pdfs/PSAT-8-9/Reading-and-Writing/part-001.pdf,117
PSAT 8/9,Reading and Writing,f2bc29cb,pdfs/PSAT-8-9/Reading-and-Writing/part-001.pdf,119
PSAT 8/9,Reading and Writing,5978197b,pdfs/PSAT-8-9/Reading-and-Writing/part-001.pdf,120
PSAT 8/9,Reading and Writing,f2ad1371,pdfs/PSAT-8-9/Reading-and-Writing/part-001.pdf,121
PSAT 8/9,Reading and Writing,719417d2,pdfs/PSAT-8-9/Reading-and-Writing/part-001.pdf,122
PSAT 8/9,Reading and Writing,fbe4ec84,pdfs/PSAT-8-9/Reading-and-Writing/part-001.pdf,123
PSAT 8/9,Reading and Writing,6e98515a,pdfs/PSAT-8-9/Reading-and-Writing/part-001.pdf,125
PSAT 8/9,Reading and Writing,0ffbb994,pdfs/PSAT-8-9/Reading-and-Writing/part-001.pdf,127
PSAT 8/9,Reading and Writing,adac21ac,pdfs/PSAT-8-9/Reading-and-Writing/part-001.pdf,128
PSAT 8/9,Reading and Writing,fb2ff4bb,pdfs/PSAT-8-9/Reading-and-Writing/part-001.pdf,129
PSAT 8/9,Reading and Writing,d4b74a36,pdfs/PSAT-8-9/Reading-and-Writing/part-001.pdf,130
PSAT 8/9,Reading and Writing,408c6f2e,pdfs/PSAT-8-9/Reading-and-Writing/part-001.pdf,132
PSAT 8/9,Reading and Writing,095be841,pdfs/PSAT-8-9/Reading-and-Writing/part-001.pdf,133
PSAT 8/9,Reading and Writing,ea1de10e,pdfs/PSAT-8-9/Reading-and-Writing/part-001.pdf,134
PSAT 8/9,Reading and Writing,6d784bcd,pdfs/PSAT-8-9/Reading-and-Writing/part-001.pdf,135
PSAT 8/9,Reading and Writing,6b0b6e65,pdfs/PSAT-8-9/Reading-and-Writing/part-001.pdf,136
PSAT 8/9,Reading and Writing,70d939f5,pdfs/PSAT-8-9/Reading-and-Writing/part-001.pdf,137
PSAT 8/9,Reading and Writing,f68c1b2e,pdfs/PSAT-8-9/Reading-and-Writing/part-001.pdf,139
PSAT 8/9,Reading and Writing,29b7048f,pdfs/PSAT-8-9/Reading-and-Writing/part-001.pdf,141
PSAT 8/9,Reading and Writing,b49d64a5,pdfs/PSAT-8-9/Reading-and-Writing/part-001.pdf,143
PSAT 8/9,Reading and Writing,ffa94925,pdfs/PSAT-8-9/Reading-and-Writing/part-001.pdf,145
PSAT 8/9,Reading and Writing,e465d17e,pdfs/PSAT-8-9/Reading-and-Writing/part-001.pdf,146
PSAT 8/9,Reading and Writing,9c5e75b6,pdfs/PSAT-8-9/Reading-and-Writing/part-001.pdf,147
PSAT 8/9,Reading and Writing,f3f5de3c,pdfs/PSAT-8-9/Reading-and-Writing/part-001.pdf,148
PSAT 8/9,Reading and Writing,f2761920,pdfs/PSAT-8-9/Reading-and-Writing/part-001.pdf,149
PSAT 8/9,Reading and Writing,2be71ef7,pdfs/PSAT-8-9/Reading-and-Writing/part-001.pdf,150
PSAT 8/9,Reading and Writing,22b2f714,pdfs/PSAT-8-9/Reading-and-Writing/part-001.pdf,151
PSAT 8/9,Reading and Writing,6c24cb47,pdfs/PSAT-8-9/Reading-and-Writing/part-001.pdf,153
PSAT 8/9,Reading and Writing,a80e7e12,pdfs/PSAT-8-9/Reading-and-Writing/part-001.pdf,154
PSAT 8/9,Reading and Writing,467fb475,pdfs/PSAT-8-9/Reading-and-Writing/part-001.pdf,155
PSAT 8/9,Reading and Writing,04fec446,pdfs/PSAT-8-9/Reading-and-Writing/part-001.pdf,156
PSAT 8/9,Reading and Writing,1f222de0,pdfs/PSAT-8-9/Reading-and-Writing/part-001.pdf,157
PSAT 8/9,Reading and Writing,15b5df6c,pdfs/PSAT-8-9/Reading-and-Writing/part-001.pdf,158
PSAT 8/9,Reading and Writing,ccaa16c9,pdfs/PSAT-8-9/Reading-and-Writing/part-001.pdf,159
PSAT 8/9,Reading and Writing,9867b06a,pdfs/PSAT-8-9/Reading-and-Writing/part-001.pdf,160
PSAT 8/9,Reading and Writing,7ef0ad91,pdfs/PSAT-8-9/Reading-and-Writing/part-001.pdf,162
PSAT 8/9,Reading and Writing,c1d11864,pdfs/PSAT-8-9/Reading-and-Writing/part-001.pdf,163
PSAT 8/9,Reading and Writing,ef2d59f9,pdfs/PSAT-8-9/Reading-and-Writing/part-001.pdf,164
PSAT 8/9,Reading and Writing,b76bd8bc,pdfs/PSAT-8-9/Reading-and-Writing/part-001.pdf,165
PSAT 8/9,Reading and Writing,20a94cb0,pdfs/PSAT-8-9/Reading-and-Writing/part-001.pdf,166
PSAT 8/9,Reading and Writing,b9ed9215,pdfs/PSAT-8-9/Reading-and-Writing/part-001.pdf,167
PSAT 8/9,Reading and Writing,587461c5,pdfs/PSAT-8-9/Reading-and-Writing/part-001.pdf,168
PSAT 8/9,Reading and Writing,187666de,pdfs/PSAT-8-9/Reading-and-Writing/part-001.pdf,169
PSAT 8/9,Reading and Writing,9f55dec4,pdfs/PSAT-8-9/Reading-and-Writing/part-001.pdf,170
PSAT 8/9,Reading and Writing,112cecef,pdfs/PSAT-8-9/Reading-and-Writing/part-001.pdf,172
PSAT 8/9,Reading and Writing,436f939d,pdfs/PSAT-8-9/Reading-and-Writing/part-001.pdf,174
PSAT 8/9,Reading and Writing,973505bb,pdfs/PSAT-8-9/Reading-and-Writing/part-001.pdf,175
PSAT 8/9,Reading and Writing,92add068,pdfs/PSAT-8-9/Reading-and-Writing/part-001.pdf,176
PSAT 8/9,Reading and Writing,c4985654,pdfs/PSAT-8-9/Reading-and-Writing/part-001.pdf,177
PSAT 8/9,Reading and Writing,cee94893,pdfs/PSAT-8-9/Reading-and-Writing/part-001.pdf,178
PSAT 8/9,Reading and Writing,d952096d,pdfs/PSAT-8-9/Reading-and-Writing/part-001.pdf,179
PSAT 8/9,Reading and Writing,c4e7d2e1,pdfs/PSAT-8-9/Reading-and-Writing/part-001.pdf,180
PSAT 8/9,Reading and Writing,35c3a9cb,pdfs/PSAT-8-9/Reading-and-Writing/part-001.pdf,182
PSAT 8/9,Reading and Writing,02f0f49a,pdfs/PSAT-8-9/Reading-and-Writing/part-001.pdf,183
PSAT 8/9,Reading and Writing,5cfd2ecd,pdfs/PSAT-8-9/Reading-and-Writing/part-001.pdf,185
PSAT 8/9,Reading and Writing,aad2303c,pdfs/PSAT-8-9/Reading-and-Writing/part-001.pdf,186
PSAT 8/9,Reading and Writing,a7478480,pdfs/PSAT-8-9/Reading-and-Writing/part-001.pdf,188
PSAT 8/9,Reading and Writing,a264e62d,pdfs/PSAT-8-9/Reading-and-Writing/part-001.pdf,190
PSAT 8/9,Reading and Writing,06a57199,pdfs/PSAT-8-9/Reading-and-Writing/part-001.pdf,191
PSAT 8/9,Reading and Writing,b02937b5,pdfs/PSAT-8-9/Reading-and-Writing/part-001.pdf,192
PSAT 8/9,Reading and Writing,7d2fd7fe,pdfs/PSAT-8-9/Reading-and-Writing/part-001.pdf,193
PSAT 8/9,Reading and Writing,a3268d2a,pdfs/PSAT-8-9/Reading-and-Writing/part-001.pdf,194
PSAT 8/9,Reading and Writing,6488f498,pdfs/PSAT-8-9/Reading-and-Writing/part-001.pdf,195
PSAT 8/9,Reading and Writing,c7b8accc,pdfs/PSAT-8-9/Reading-and-Writing/part-001.pdf,197
PSAT 8/9,Reading and Writing,8319f75f,pdfs/PSAT-8-9/Reading-and-Writing/part-001.pdf,198
PSAT 8/9,Reading and Writing,e6b9ccc9,pdfs/PSAT-8-9/Reading-and-Writing/part-001.pdf,199
PSAT 8/9,Reading and Writing,c86c32e8,pdfs/PSAT-8-9/Reading-and-Writing/part-001.pdf,200
PSAT 8/9,Reading and Writing,b33e3d13,pdfs/PSAT-8-9/Reading-and-Writing/part-001.pdf,201
PSAT 8/9,Reading and Writing,a4a5eb75,pdfs/PSAT-8-9/Reading-and-Writing/part-001.pdf,202
PSAT 8/9,Reading and Writing,e01aa48a,pdfs/PSAT-8-9/Reading-and-Writing/part-001.pdf,204
PSAT 8/9,Reading and Writing,0ec947ad,pdfs/PSAT-8-9/Reading-and-Writing/part-001.pdf,205
PSAT 8/9,Reading and Writing,8c72f1a0,pdfs/PSAT-8-9/Reading-and-Writing/part-001.pdf,206
PSAT 8/9,Reading and Writing,93807561,pdfs/PSAT-8-9/Reading-and-Writing/part-001.pdf,207
PSAT 8/9,Reading and Writing,4c4fe342,pdfs/PSAT-8-9/Reading-and-Writing/part-001.pdf,209
PSAT 8/9,Reading and Writing,d9db1cc6,pdfs/PSAT-8-9/Reading-and-Writing/part-001.pdf,210
PSAT 8/9,Reading and Writing,5dd777c7,pdfs/PSAT-8-9/Reading-and-Writing/part-001.pdf,211
PSAT 8/9,Reading and Writing,b5f9ec91,pdfs/PSAT-8-9/Reading-and-Writing/part-001.pdf,212
PSAT 8/9,Reading and Writing,e1c17b20,pdfs/PSAT-8-9/Reading-and-Writing/part-001.pdf,213
PSAT 8/9,Reading and Writing,0cb26bb3,pdfs/PSAT-8-9/Reading-and-Writing/part-001.pdf,214
PSAT 8/9,Reading and Writing,983ce347,pdfs/PSAT-8-9/Reading-and-Writing/part-001.pdf,216
PSAT 8/9,Reading and Writing,9e09ef04,pdfs/PSAT-8-9/Reading-and-Writing/part-001.pdf,217
PSAT 8/9,Reading and Writing,51c25798,pdfs/PSAT-8-9/Reading-and-Writing/part-001.pdf,218
PSAT 8/9,Reading and Writing,6d764ebc,pdfs/PSAT-8-9/Reading-and-Writing/part-001.pdf,219
PSAT 8/9,Reading and Writing,a805bf46,pdfs/PSAT-8-9/Reading-and-Writing/part-001.pdf,220
PSAT 8/9,Reading and Writing,858be80e,pdfs/PSAT-8-9/Reading-and-Writing/part-001.pdf,221
PSAT 8/9,Reading and Writing,d8aa4eaf,pdfs/PSAT-8-9/Reading-and-Writing/part-001.pdf,223
PSAT 8/9,Reading and Writing,521f49ef,pdfs/PSAT-8-9/Reading-and-Writing/part-001.pdf,224
PSAT 8/9,Reading and Writing,bf131886,pdfs/PSAT-8-9/Reading-and-Writing/part-001.pdf,226
PSAT 8/9,Reading and Writing,b50bf7eb,pdfs/PSAT-8-9/Reading-and-Writing/part-001.pdf,228
PSAT 8/9,Reading and Writing,640f8469,pdfs/PSAT-8-9/Reading-and-Writing/part-001.pdf,230
PSAT 8/9,Reading and Writing,a96fa8d5,pdfs/PSAT-8-9/Reading-and-Writing/part-001.pdf,231
PSAT 8/9,Reading and Writing,4af56f54,pdfs/PSAT-8-9/Reading-and-Writing/part-001.pdf,232
PSAT 8/9,Reading and Writing,7d5d0033,pdfs/PSAT-8-9/Reading-and-Writing/part-001.pdf,233
PSAT 8/9,Reading and Writing,663a6ee1,pdfs/PSAT-8-9/Reading-and-Writing/part-001.pdf,234
PSAT 8/9,Reading and Writing,f4e69587,pdfs/PSAT-8-9/Reading-and-Writing/part-001.pdf,236
PSAT 8/9,Reading and Writing,da325f7b,pdfs/PSAT-8-9/Reading-and-Writing/part-001.pdf,237
PSAT 8/9,Reading and Writing,a0657a1a,pdfs/PSAT-8-9/Reading-and-Writing/part-001.pdf,239
PSAT 8/9,Reading and Writing,e4beb9be,pdfs/PSAT-8-9/Reading-and-Writing/part-001.pdf,240
PSAT 8/9,Reading and Writing,52bfe0be,pdfs/PSAT-8-9/Reading-and-Writing/part-001.pdf,241
PSAT 8/9,Reading and Writing,7f2a2e99,pdfs/PSAT-8-9/Reading-and-Writing/part-001.pdf,242
PSAT 8/9,Reading and Writing,2cbb1a7d,pdfs/PSAT-8-9/Reading-and-Writing/part-001.pdf,243
PSAT 8/9,Reading and Writing,c188a048,pdfs/PSAT-8-9/Reading-and-Writing/part-001.pdf,245
PSAT 8/9,Reading and Writing,4b1da2e5,pdfs/PSAT-8-9/Reading-and-Writing/part-001.pdf,246
PSAT 8/9,Reading and Writing,c3629f2f,pdfs/PSAT-8-9/Reading-and-Writing/part-001.pdf,247
PSAT 8/9,Reading and Writing,bbdb6114,pdfs/PSAT-8-9/Reading-and-Writing/part-001.pdf,248
PSAT 8/9,Reading and Writing,7cb08d0f,pdfs/PSAT-8-9/Reading-and-Writing/part-001.pdf,249
PSAT 8/9,Reading and Writing,fdd7e137,pdfs/PSAT-8-9/Reading-and-Writing/part-001.pdf,250
PSAT 8/9,Reading and Writing,74e1f4aa,pdfs/PSAT-8-9/Reading-and-Writing/part-001.pdf,251
PSAT 8/9,Reading and Writing,87101a14,pdfs/PSAT-8-9/Reading-and-Writing/part-001.pdf,252
PSAT 8/9,Reading and Writing,c71423e7,pdfs/PSAT-8-9/Reading-and-Writing/part-001.pdf,253
PSAT 8/9,Reading and Writing,4add485d,pdfs/PSAT-8-9/Reading-and-Writing/part-001.pdf,254
PSAT 8/9,Reading and Writing,c1f917c6,pdfs/PSAT-8-9/Reading-and-Writing/part-001.pdf,255
PSAT 8/9,Reading and Writing,0130d065,pdfs/PSAT-8-9/Reading-and-Writing/part-001.pdf,256
PSAT 8/9,Reading and Writing,1d08d7ec,pdfs/PSAT-8-9/Reading-and-Writing/part-001.pdf,257
PSAT 8/9,Reading and Writing,33cd68b1,pdfs/PSAT-8-9/Reading-and-Writing/part-001.pdf,258
PSAT 8/9,Reading and Writing,f0654e78,pdfs/PSAT-8-9/Reading-and-Writing/part-001.pdf,259
PSAT 8/9,Reading and Writing,664bf584,pdfs/PSAT-8-9/Reading-and-Writing/part-001.pdf,260
PSAT 8/9,Reading and Writing,51f19433,pdfs/PSAT-8-9/Reading-and-Writing/part-001.pdf,261
PSAT 8/9,Reading and Writing,7816212b,pdfs/PSAT-8-9/Reading-and-Writing/part-001.pdf,262
PSAT 8/9,Reading and Writing,37fe89d4,pdfs/PSAT-8-9/Reading-and-Writing/part-001.pdf,264
PSAT 8/9,Reading and Writing,6785f049,pdfs/PSAT-8-9/Reading-and-Writing/part-001.pdf,265
PSAT 8/9,Reading and Writing,bdce2fe0,pdfs/PSAT-8-9/Reading-and-Writing/part-001.pdf,266
PSAT 8/9,Reading and Writing,39ab3cf3,pdfs/PSAT-8-9/Reading-and-Writing/part-001.pdf,268
PSAT 8/9,Reading and Writing,5b0a7061,pdfs/PSAT-8-9/Reading-and-Writing/part-001.pdf,270
PSAT 8/9,Reading and Writing,8e03df49,pdfs/PSAT-8-9/Reading-and-Writing/part-001.pdf,271
PSAT 8/9,Reading and Writing,2bf179f2,pdfs/PSAT-8-9/Reading-and-Writing/part-001.pdf,272
PSAT 8/9,Reading and Writing,fb473f4d,pdfs/PSAT-8-9/Reading-and-Writing/part-001.pdf,273
PSAT 8/9,Reading and Writing,1d57119b,pdfs/PSAT-8-9/Reading-and-Writing/part-001.pdf,274
PSAT 8/9,Reading and Writing,12ab9acf,pdfs/PSAT-8-9/Reading-and-Writing/part-001.pdf,275
PSAT 8/9,Reading and Writing,4851a1bf,pdfs/PSAT-8-9/Reading-and-Writing/part-001.pdf,277
PSAT 8/9,Reading and Writing,4b2d05a9,pdfs/PSAT-8-9/Reading-and-Writing/part-001.pdf,279
PSAT 8/9,Reading and Writing,c20d5692,pdfs/PSAT-8-9/Reading-and-Writing/part-001.pdf,280
PSAT 8/9,Reading and Writing,13d45cdd,pdfs/PSAT-8-9/Reading-and-Writing/part-001.pdf,281
PSAT 8/9,Reading and Writing,562f09f0,pdfs/PSAT-8-9/Reading-and-Writing/part-001.pdf,282
PSAT 8/9,Reading and Writing,b93d6e06,pdfs/PSAT-8-9/Reading-and-Writing/part-001.pdf,283
PSAT 8/9,Reading and Writing,766ca6ec,pdfs/PSAT-8-9/Reading-and-Writing/part-001.pdf,284
PSAT 8/9,Reading and Writing,e28a6474,pdfs/PSAT-8-9/Reading-and-Writing/part-001.pdf,285
PSAT 8/9,Reading and Writing,7b767fbe,pdfs/PSAT-8-9/Reading-and-Writing/part-001.pdf,286
PSAT 8/9,Reading and Writing,7c1e22ca,pdfs/PSAT-8-9/Reading-and-Writing/part-001.pdf,287
PSAT 8/9,Reading and Writing,fee87f2f,pdfs/PSAT-8-9/Reading-and-Writing/part-001.pdf,289
PSAT 8/9,Reading and Writing,d1a9f1f6,pdfs/PSAT-8-9/Reading-and-Writing/part-001.pdf,291
PSAT 8/9,Reading and Writing,70c71c11,pdfs/PSAT-8-9/Reading-and-Writing/part-001.pdf,293
PSAT 8/9,Reading and Writing,91b09685,pdfs/PSAT-8-9/Reading-and-Writing/part-001.pdf,294
PSAT 8/9,Reading and Writing,327a94c9,pdfs/PSAT-8-9/Reading-and-Writing/part-001.pdf,295
PSAT 8/9,Reading and Writing,ddc6182b,pdfs/PSAT-8-9/Reading-and-Writing/part-001.pdf,296
PSAT 8/9,Reading and Writing,4c90d0f0,pdfs/PSAT-8-9/Reading-and-Writing/part-001.pdf,297
PSAT 8/9,Reading and Writing,14eec065,pdfs/PSAT-8-9/Reading-and-Writing/part-001.pdf,298
PSAT 8/9,Reading and Writing,b6ba6080,pdfs/PSAT-8-9/Reading-and-Writing/part-001.pdf,299
PSAT 8/9,Reading and Writing,ce129344,pdfs/PSAT-8-9/Reading-and-Writing/part-001.pdf,300
PSAT 8/9,Reading and Writing,2ec91a9d,pdfs/PSAT-8-9/Reading-and-Writing/part-001.pdf,301
PSAT 8/9,Reading and Writing,4f898420,pdfs/PSAT-8-9/Reading-and-Writing/part-001.pdf,303
PSAT 8/9,Reading and Writing,00a253be,pdfs/PSAT-8-9/Reading-and-Writing/part-001.pdf,305
PSAT 8/9,Reading and Writing,7905cdfd,pdfs/PSAT-8-9/Reading-and-Writing/part-001.pdf,306
PSAT 8/9,Reading and Writing,74244848,pdfs/PSAT-8-9/Reading-and-Writing/part-001.pdf,307
PSAT 8/9,Reading and Writing,f05ad7e3,pdfs/PSAT-8-9/Reading-and-Writing/part-001.pdf,308
PSAT 8/9,Reading and Writing,4825d125,pdfs/PSAT-8-9/Reading-and-Writing/part-001.pdf,310
PSAT 8/9,Reading and Writing,21b1b74a,pdfs/PSAT-8-9/Reading-and-Writing/part-001.pdf,311
PSAT 8/9,Reading and Writing,29410b56,pdfs/PSAT-8-9/Reading-and-Writing/part-001.pdf,312
PSAT 8/9,Reading and Writing,cfa34fe5,pdfs/PSAT-8-9/Reading-and-Writing/part-001.pdf,313
PSAT 8/9,Reading and Writing,fd0220fe,pdfs/PSAT-8-9/Reading-and-Writing/part-001.pdf,314
PSAT 8/9,Reading and Writing,139385ce,pdfs/PSAT-8-9/Reading-and-Writing/part-001.pdf,315
PSAT 8/9,Reading and Writing,31a2d2ea,pdfs/PSAT-8-9/Reading-and-Writing/part-001.pdf,316
PSAT 8/9,Reading and Writing,6ca63657,pdfs/PSAT-8-9/Reading-and-Writing/part-001.pdf,317
PSAT 8/9,Reading and Writing,66f73ed8,pdfs/PSAT-8-9/Reading-and-Writing/part-001.pdf,319
PSAT 8/9,Reading and Writing,74a816be,pdfs/PSAT-8-9/Reading-and-Writing/part-001.pdf,320
PSAT 8/9,Reading and Writing,05776a21,pdfs/PSAT-8-9/Reading-and-Writing/part-001.pdf,321
PSAT 8/9,Reading and Writing,ed8fb966,pdfs/PSAT-8-9/Reading-and-Writing/part-001.pdf,322
PSAT 8/9,Reading and Writing,ccefb5e4,pdfs/PSAT-8-9/Reading-and-Writing/part-001.pdf,323
PSAT 8/9,Reading and Writing,2678766c,pdfs/PSAT-8-9/Reading-and-Writing/part-001.pdf,324
PSAT 8/9,Reading and Writing,93be68f6,pdfs/PSAT-8-9/Reading-and-Writing/part-001.pdf,326
PSAT 8/9,Reading and Writing,6de69e2c,pdfs/PSAT-8-9/Reading-and-Writing/part-001.pdf,328
PSAT 8/9,Reading and Writing,b2752304,pdfs/PSAT-8-9/Reading-and-Writing/part-001.pdf,330
PSAT 8/9,Reading and Writing,63b0da25,pdfs/PSAT-8-9/Reading-and-Writing/part-001.pdf,331
PSAT 8/9,Reading and Writing,712bd7e2,pdfs/PSAT-8-9/Reading-and-Writing/part-001.pdf,332
PSAT 8/9,Reading and Writing,79b6be43,pdfs/PSAT-8-9/Reading-and-Writing/part-001.pdf,333
PSAT 8/9,Reading and Writing,bc3f97d1,pdfs/PSAT-8-9/Reading-and-Writing/part-001.pdf,334
PSAT 8/9,Reading and Writing,addc76a1,pdfs/PSAT-8-9/Reading-and-Writing/part-001.pdf,335
PSAT 8/9,Reading and Writing,52e660f8,pdfs/PSAT-8-9/Reading-and-Writing/part-001.pdf,336
PSAT 8/9,Reading and Writing,970f115c,pdfs/PSAT-8-9/Reading-and-Writing/part-001.pdf,338
PSAT 8/9,Reading and Writing,22a6cb7a,pdfs/PSAT-8-9/Reading-and-Writing/part-001.pdf,339
PSAT 8/9,Reading and Writing,e4e0da5f,pdfs/PSAT-8-9/Reading-and-Writing/part-001.pdf,340
PSAT 8/9,Reading and Writing,ebf8ab5a,pdfs/PSAT-8-9/Reading-and-Writing/part-001.pdf,341
PSAT 8/9,Reading and Writing,89ad9aae,pdfs/PSAT-8-9/Reading-and-Writing/part-001.pdf,342
PSAT 8/9,Reading and Writing,16135a5f,pdfs/PSAT-8-9/Reading-and-Writing/part-001.pdf,343
PSAT 8/9,Reading and Writing,13aa32c8,pdfs/PSAT-8-9/Reading-and-Writing/part-001.pdf,344
PSAT 8/9,Reading and Writing,808414ef,pdfs/PSAT-8-9/Reading-and-Writing/part-001.pdf,345
PSAT 8/9,Reading and Writing,f7753947,pdfs/PSAT-8-9/Reading-and-Writing/part-001.pdf,346
PSAT 8/9,Reading and Writing,0279a039,pdfs/PSAT-8-9/Reading-and-Writing/part-001.pdf,348
PSAT 8/9,Reading and Writing,e287d1d2,pdfs/PSAT-8-9/Reading-and-Writing/part-001.pdf,349
PSAT 8/9,Reading and Writing,1f6707c9,pdfs/PSAT-8-9/Reading-and-Writing/part-001.pdf,350
PSAT 8/9,Reading and Writing,bfef868a,pdfs/PSAT-8-9/Reading-and-Writing/part-001.pdf,351
PSAT 8/9,Reading and Writing,48ac34a1,pdfs/PSAT-8-9/Reading-and-Writing/part-001.pdf,352
PSAT 8/9,Reading and Writing,a795332a,pdfs/PSAT-8-9/Reading-and-Writing/part-001.pdf,353
PSAT 8/9,Reading and Writing,60c36cf5,pdfs/PSAT-8-9/Reading-and-Writing/part-001.pdf,354
PSAT 8/9,Reading and Writing,ade61b86,pdfs/PSAT-8-9/Reading-and-Writing/part-001.pdf,355
PSAT 8/9,Reading and Writing,43bab8ec,pdfs/PSAT-8-9/Reading-and-Writing/part-001.pdf,356
PSAT 8/9,Reading and Writing,ff9ce0ca,pdfs/PSAT-8-9/Reading-and-Writing/part-001.pdf,357
PSAT 8/9,Reading and Writing,b0d77006,pdfs/PSAT-8-9/Reading-and-Writing/part-001.pdf,358
PSAT 8/9,Reading and Writing,91b3b8dc,pdfs/PSAT-8-9/Reading-and-Writing/part-001.pdf,359
PSAT 8/9,Reading and Writing,cac6041d,pdfs/PSAT-8-9/Reading-and-Writing/part-001.pdf,360
PSAT 8/9,Reading and Writing,5675bdeb,pdfs/PSAT-8-9/Reading-and-Writing/part-001.pdf,361
PSAT 8/9,Reading and Writing,45659801,pdfs/PSAT-8-9/Reading-and-Writing/part-001.pdf,362
PSAT 8/9,Reading and Writing,57c0f4fa,pdfs/PSAT-8-9/Reading-and-Writing/part-001.pdf,364
PSAT 8/9,Reading and Writing,7de150a6,pdfs/PSAT-8-9/Reading-and-Writing/part-001.pdf,366
PSAT 8/9,Reading and Writing,f824561d,pdfs/PSAT-8-9/Reading-and-Writing/part-001.pdf,367
PSAT 8/9,Reading and Writing,6151aa36,pdfs/PSAT-8-9/Reading-and-Writing/part-001.pdf,368
PSAT 8/9,Reading and Writing,ff7a1c0d,pdfs/PSAT-8-9/Reading-and-Writing/part-001.pdf,369
PSAT 8/9,Reading and Writing,806bc176,pdfs/PSAT-8-9/Reading-and-Writing/part-001.pdf,370
PSAT 8/9,Reading and Writing,e4236503,pdfs/PSAT-8-9/Reading-and-Writing/part-001.pdf,371
PSAT 8/9,Reading and Writing,e35a864c,pdfs/PSAT-8-9/Reading-and-Writing/part-001.pdf,372
PSAT 8/9,Reading and Writing,b67c0ec9,pdfs/PSAT-8-9/Reading-and-Writing/part-001.pdf,373
PSAT 8/9,Reading and Writing,41a6bb19,pdfs/PSAT-8-9/Reading-and-Writing/part-001.pdf,374
PSAT 8/9,Reading and Writing,1314975b,pdfs/PSAT-8-9/Reading-and-Writing/part-001.pdf,375
PSAT 8/9,Reading and Writing,dea40f22,pdfs/PSAT-8-9/Reading-and-Writing/part-001.pdf,376
PSAT 8/9,Reading and Writing,9e4326be,pdfs/PSAT-8-9/Reading-and-Writing/part-001.pdf,377
PSAT 8/9,Reading and Writing,666d3795,pdfs/PSAT-8-9/Reading-and-Writing/part-001.pdf,378
PSAT 8/9,Reading and Writing,7d1471b6,pdfs/PSAT-8-9/Reading-and-Writing/part-001.pdf,379
PSAT 8/9,Reading and Writing,49fbf628,pdfs/PSAT-8-9/Reading-and-Writing/part-001.pdf,380
PSAT 8/9,Reading and Writing,335d623f,pdfs/PSAT-8-9/Reading-and-Writing/part-001.pdf,381
PSAT 8/9,Reading and Writing,16be2777,pdfs/PSAT-8-9/Reading-and-Writing/part-001.pdf,382
PSAT 8/9,Reading and Writing,9a943a62,pdfs/PSAT-8-9/Reading-and-Writing/part-001.pdf,383
PSAT 8/9,Reading and Writing,f857e8df,pdfs/PSAT-8-9/Reading-and-Writing/part-001.pdf,384
PSAT 8/9,Reading and Writing,51618190,pdfs/PSAT-8-9/Reading-and-Writing/part-001.pdf,386
PSAT 8/9,Reading and Writing,a1904094,pdfs/PSAT-8-9/Reading-and-Writing/part-001.pdf,388
PSAT 8/9,Reading and Writing,0a2366bb,pdfs/PSAT-8-9/Reading-and-Writing/part-001.pdf,389
PSAT 8/9,Reading and Writing,8578f42f,pdfs/PSAT-8-9/Reading-and-Writing/part-001.pdf,391
PSAT 8/9,Reading and Writing,fbb300a3,pdfs/PSAT-8-9/Reading-and-Writing/part-001.pdf,392
PSAT 8/9,Reading and Writing,19ab4c77,pdfs/PSAT-8-9/Reading-and-Writing/part-001.pdf,393
PSAT 8/9,Reading and Writing,05195100,pdfs/PSAT-8-9/Reading-and-Writing/part-001.pdf,394
PSAT 8/9,Reading and Writing,b20620af,pdfs/PSAT-8-9/Reading-and-Writing/part-001.pdf,395
PSAT 8/9,Reading and Writing,73feebf8,pdfs/PSAT-8-9/Reading-and-Writing/part-001.pdf,397
PSAT 8/9,Reading and Writing,ed7c82f0,pdfs/PSAT-8-9/Reading-and-Writing/part-001.pdf,398
PSAT 8/9,Reading and Writing,1c5739ec,pdfs/PSAT-8-9/Reading-and-Writing/part-001.pdf,399
PSAT 8/9,Reading and Writing,bfde6cec,pdfs/PSAT-8-9/Reading-and-Writing/part-001.pdf,400
PSAT 8/9,Reading and Writing,6abd46ef,pdfs/PSAT-8-9/Reading-and-Writing/part-001.pdf,401
PSAT 8/9,Reading and Writing,9811f0b1,pdfs/PSAT-8-9/Reading-and-Writing/part-001.pdf,402
PSAT 8/9,Reading and Writing,5877595d,pdfs/PSAT-8-9/Reading-and-Writing/part-001.pdf,403
PSAT 8/9,Reading and Writing,90748ac0,pdfs/PSAT-8-9/Reading-and-Writing/part-001.pdf,404
PSAT 8/9,Reading and Writing,d9f5b2a5,pdfs/PSAT-8-9/Reading-and-Writing/part-001.pdf,405
PSAT 8/9,Reading and Writing,2f5f8b2e,pdfs/PSAT-8-9/Reading-and-Writing/part-001.pdf,407
PSAT 8/9,Reading and Writing,789cd595,pdfs/PSAT-8-9/Reading-and-Writing/part-001.pdf,408
PSAT 8/9,Reading and Writing,e111c334,pdfs/PSAT-8-9/Reading-and-Writing/part-001.pdf,409
PSAT 8/9,Reading and Writing,a6baa3f8,pdfs/PSAT-8-9/Reading-and-Writing/part-001.pdf,410
PSAT 8/9,Reading and Writing,b611a44e,pdfs/PSAT-8-9/Reading-and-Writing/part-001.pdf,411
PSAT 8/9,Reading and Writing,495fd039,pdfs/PSAT-8-9/Reading-and-Writing/part-001.pdf,413
PSAT 8/9,Reading and Writing,4fc36d8b,pdfs/PSAT-8-9/Reading-and-Writing/part-001.pdf,415
PSAT 8/9,Reading and Writing,74e64e13,pdfs/PSAT-8-9/Reading-and-Writing/part-001.pdf,416
PSAT 8/9,Reading and Writing,be90f3cf,pdfs/PSAT-8-9/Reading-and-Writing/part-001.pdf,418
PSAT 8/9,Reading and Writing,a3e58704,pdfs/PSAT-8-9/Reading-and-Writing/part-001.pdf,420
PSAT 8/9,Reading and Writing,73057ba1,pdfs/PSAT-8-9/Reading-and-Writing/part-001.pdf,421
PSAT 8/9,Reading and Writing,da68671e,pdfs/PSAT-8-9/Reading-and-Writing/part-001.pdf,422
PSAT 8/9,Reading and Writing,9f430d93,pdfs/PSAT-8-9/Reading-and-Writing/part-001.pdf,424
PSAT 8/9,Reading and Writing,496b1927,pdfs/PSAT-8-9/Reading-and-Writing/part-001.pdf,425
PSAT 8/9,Reading and Writing,0b8b5844,pdfs/PSAT-8-9/Reading-and-Writing/part-001.pdf,426
PSAT 8/9,Reading and Writing,07b472d2,pdfs/PSAT-8-9/Reading-and-Writing/part-001.pdf,427
PSAT 8/9,Reading and Writing,a8e4c671,pdfs/PSAT-8-9/Reading-and-Writing/part-001.pdf,429
PSAT 8/9,Reading and Writing,4874b36d,pdfs/PSAT-8-9/Reading-and-Writing/part-001.pdf,430
PSAT 8/9,Reading and Writing,646ce371,pdfs/PSAT-8-9/Reading-and-Writing/part-001.pdf,431
PSAT 8/9,Reading and Writing,1acd1d92,pdfs/PSAT-8-9/Reading-and-Writing/part-001.pdf,432
PSAT 8/9,Reading and Writing,1504ffc3,pdfs/PSAT-8-9/Reading-and-Writing/part-001.pdf,433
PSAT 8/9,Reading and Writing,de4478c3,pdfs/PSAT-8-9/Reading-and-Writing/part-001.pdf,434
PSAT 8/9,Reading and Writing,29546833,pdfs/PSAT-8-9/Reading-and-Writing/part-001.pdf,435
PSAT 8/9,Reading and Writing,6b73e8c2,pdfs/PSAT-8-9/Reading-and-Writing/part-001.pdf,436
PSAT 8/9,Reading and Writing,fe9787b9,pdfs/PSAT-8-9/Reading-and-Writing/part-001.pdf,437
PSAT 8/9,Reading and Writing,cf85c379,pdfs/PSAT-8-9/Reading-and-Writing/part-001.pdf,438
PSAT 8/9,Reading and Writing,cc8fb36d,pdfs/PSAT-8-9/Reading-and-Writing/part-001.pdf,439
PSAT 8/9,Reading and Writing,5b48954a,pdfs/PSAT-8-9/Reading-and-Writing/part-001.pdf,440
PSAT 8/9,Reading and Writing,d4b4a4b2,pdfs/PSAT-8-9/Reading-and-Writing/part-001.pdf,441
PSAT 8/9,Reading and Writing,fd1acad3,pdfs/PSAT-8-9/Reading-and-Writing/part-001.pdf,442
PSAT 8/9,Reading and Writing,bf09f839,pdfs/PSAT-8-9/Reading-and-Writing/part-001.pdf,443
PSAT 8/9,Reading and Writing,737a2aca,pdfs/PSAT-8-9/Reading-and-Writing/part-001.pdf,444
PSAT 8/9,Reading and Writing,d38d1da0,pdfs/PSAT-8-9/Reading-and-Writing/part-001.pdf,445
PSAT 8/9,Reading and Writing,df9fc9c6,pdfs/PSAT-8-9/Reading-and-Writing/part-001.pdf,446
PSAT 8/9,Reading and Writing,877b3824,pdfs/PSAT-8-9/Reading-and-Writing/part-001.pdf,447
PSAT 8/9,Reading and Writing,97fe7e30,pdfs/PSAT-8-9/Reading-and-Writing/part-001.pdf,448
PSAT 8/9,Reading and Writing,8894fd89,pdfs/PSAT-8-9/Reading-and-Writing/part-001.pdf,449
PSAT 8/9,Reading and Writing,f8c79e36,pdfs/PSAT-8-9/Reading-and-Writing/part-001.pdf,450
PSAT 8/9,Reading and Writing,b054f7ad,pdfs/PSAT-8-9/Reading-and-Writing/part-001.pdf,451
PSAT 8/9,Reading and Writing,0e089cb6,pdfs/PSAT-8-9/Reading-and-Writing/part-001.pdf,452
PSAT 8/9,Reading and Writing,29d97f27,pdfs/PSAT-8-9/Reading-and-Writing/part-001.pdf,453
PSAT 8/9,Reading and Writing,7465999c,pdfs/PSAT-8-9/Reading-and-Writing/part-001.pdf,454
PSAT 8/9,Reading and Writing,cec80c03,pdfs/PSAT-8-9/Reading-and-Writing/part-001.pdf,455
PSAT 8/9,Reading and Writing,72bb08bd,pdfs/PSAT-8-9/Reading-and-Writing/part-001.pdf,456
PSAT 8/9,Reading and Writing,dc29fcae,pdfs/PSAT-8-9/Reading-and-Writing/part-001.pdf,457
PSAT 8/9,Reading and Writing,918e9322,pdfs/PSAT-8-9/Reading-and-Writing/part-001.pdf,458
PSAT 8/9,Reading and Writing,18d9db1c,pdfs/PSAT-8-9/Reading-and-Writing/part-001.pdf,459
PSAT 8/9,Reading and Writing,ef150b3d,pdfs/PSAT-8-9/Reading-and-Writing/part-001.pdf,460
PSAT 8/9,Reading and Writing,8f81fb74,pdfs/PSAT-8-9/Reading-and-Writing/part-001.pdf,461
PSAT 8/9,Reading and Writing,b4465562,pdfs/PSAT-8-9/Reading-and-Writing/part-001.pdf,462
PSAT 8/9,Reading and Writing,e372d155,pdfs/PSAT-8-9/Reading-and-Writing/part-001.pdf,464
PSAT 8/9,Reading and Writing,7433a676,pdfs/PSAT-8-9/Reading-and-Writing/part-001.pdf,465
PSAT 8/9,Reading and Writing,c4c64e57,pdfs/PSAT-8-9/Reading-and-Writing/part-001.pdf,466
PSAT 8/9,Reading and Writing,83b551a3,pdfs/PSAT-8-9/Reading-and-Writing/part-001.pdf,467
PSAT 8/9,Reading and Writing,a5076a43,pdfs/PSAT-8-9/Reading-and-Writing/part-001.pdf,468
PSAT 8/9,Reading and Writing,055b7943,pdfs/PSAT-8-9/Reading-and-Writing/part-001.pdf,469
PSAT 8/9,Reading and Writing,1619c136,pdfs/PSAT-8-9/Reading-and-Writing/part-001.pdf,470
PSAT 8/9,Reading and Writing,d2a7948a,pdfs/PSAT-8-9/Reading-and-Writing/part-001.pdf,471
PSAT 8/9,Reading and Writing,96655c96,pdfs/PSAT-8-9/Reading-and-Writing/part-001.pdf,472
PSAT 8/9,Reading and Writing,d6f90d28,pdfs/PSAT-8-9/Reading-and-Writing/part-001.pdf,473
PSAT 8/9,Reading and Writing,908c95d2,pdfs/PSAT-8-9/Reading-and-Writing/part-001.pdf,474
PSAT 8/9,Reading and Writing,9e588341,pdfs/PSAT-8-9/Reading-and-Writing/part-001.pdf,476
PSAT 8/9,Reading and Writing,8f13ba27,pdfs/PSAT-8-9/Reading-and-Writing/part-002.pdf,1
PSAT 8/9,Reading and Writing,2b65799c,pdfs/PSAT-8-9/Reading-and-Writing/part-002.pdf,2
PSAT 8/9,Reading and Writing,a8c85a70,pdfs/PSAT-8-9/Reading-and-Writing/part-002.pdf,3
PSAT 8/9,Reading and Writing,7e3c4019,pdfs/PSAT-8-9/Reading-and-Writing/part-002.pdf,4
PSAT 8/9,Reading and Writing,003a4f53,pdfs/PSAT-8-9/Reading-and-Writing/part-002.pdf,5
PSAT 8/9,Reading and Writing,675ae013,pdfs/PSAT-8-9/Reading-and-Writing/part-002.pdf,6
PSAT 8/9,Reading and Writing,86021909,pdfs/PSAT-8-9/Reading-and-Writing/part-002.pdf,7
PSAT 8/9,Reading and Writing,3aa777e2,pdfs/PSAT-8-9/Reading-and-Writing/part-002.pdf,8
PSAT 8/9,Reading and Writing,66bb1c57,pdfs/PSAT-8-9/Reading-and-Writing/part-002.pdf,9
PSAT 8/9,Reading and Writing,0906d0e9,pdfs/PSAT-8-9/Reading-and-Writing/part-002.pdf,10
PSAT 8/9,Reading and Writing,a7395620,pdfs/PSAT-8-9/Reading-and-Writing/part-002.pdf,12
PSAT 8/9,Reading and Writing,9830c350,pdfs/PSAT-8-9/Reading-and-Writing/part-002.pdf,13
PSAT 8/9,Reading and Writing,60df0468,pdfs/PSAT-8-9/Reading-and-Writing/part-002.pdf,14
PSAT 8/9,Reading and Writing,edbe9fab,pdfs/PSAT-8-9/Reading-and-Writing/part-002.pdf,15
PSAT 8/9,Reading and Writing,d24485cd,pdfs/PSAT-8-9/Reading-and-Writing/part-002.pdf,16
PSAT 8/9,Reading and Writing,6c4d3902,pdfs/PSAT-8-9/Reading-and-Writing/part-002.pdf,17
PSAT 8/9,Reading and Writing,4444a465,pdfs/PSAT-8-9/Reading-and-Writing/part-002.pdf,18
PSAT 8/9,Reading and Writing,b5191457,pdfs/PSAT-8-9/Reading-and-Writing/part-002.pdf,19
PSAT 8/9,Reading and Writing,4bef02f7,pdfs/PSAT-8-9/Reading-and-Writing/part-002.pdf,20
PSAT 8/9,Reading and Writing,8c56bcda,pdfs/PSAT-8-9/Reading-and-Writing/part-002.pdf,21
PSAT 8/9,Reading and Writing,97c965f3,pdfs/PSAT-8-9/Reading-and-Writing/part-002.pdf,22
PSAT 8/9,Reading and Writing,0a7bd8ff,pdfs/PSAT-8-9/Reading-and-Writing/part-002.pdf,23
PSAT 8/9,Reading and Writing,4890497a,pdfs/PSAT-8-9/Reading-and-Writing/part-002.pdf,24
PSAT 8/9,Reading and Writing,a339bfca,pdfs/PSAT-8-9/Reading-and-Writing/part-002.pdf,25
PSAT 8/9,Reading and Writing,4c48be56,pdfs/PSAT-8-9/Reading-and-Writing/part-002.pdf,26
PSAT 8/9,Reading and Writing,5b585115,pdfs/PSAT-8-9/Reading-and-Writing/part-002.pdf,27
PSAT 8/9,Reading and Writing,98ad8d86,pdfs/PSAT-8-9/Reading-and-Writing/part-002.pdf,29
PSAT 8/9,Reading and Writing,e7f3d55f,pdfs/PSAT-8-9/Reading-and-Writing/part-002.pdf,30
PSAT 8/9,Reading and Writing,30cc1132,pdfs/PSAT-8-9/Reading-and-Writing/part-002.pdf,31
PSAT 8/9,Reading and Writing,bf0d6766,pdfs/PSAT-8-9/Reading-and-Writing/part-002.pdf,33
PSAT 8/9,Reading and Writing,e2095ffa,pdfs/PSAT-8-9/Reading-and-Writing/part-002.pdf,34
PSAT 8/9,Reading and Writing,5dfe9098,pdfs/PSAT-8-9/Reading-and-Writing/part-002.pdf,36
PSAT 8/9,Reading and Writing,7fd1fa43,pdfs/PSAT-8-9/Reading-and-Writing/part-002.pdf,37
PSAT 8/9,Reading and Writing,7f73ebe0,pdfs/PSAT-8-9/Reading-and-Writing/part-002.pdf,38
PSAT 8/9,Reading and Writing,25e912f0,pdfs/PSAT-8-9/Reading-and-Writing/part-002.pdf,39
PSAT 8/9,Reading and Writing,b42341f9,pdfs/PSAT-8-9/Reading-and-Writing/part-002.pdf,40
PSAT 8/9,Reading and Writing,8b77ddbd,pdfs/PSAT-8-9/Reading-and-Writing/part-002.pdf,41
PSAT 8/9,Reading and Writing,b7a4cc72,pdfs/PSAT-8-9/Reading-and-Writing/part-002.pdf,42
PSAT 8/9,Reading and Writing,963703e5,pdfs/PSAT-8-9/Reading-and-Writing/part-002.pdf,43
PSAT 8/9,Reading and Writing,c43e52c9,pdfs/PSAT-8-9/Reading-and-Writing/part-002.pdf,44
PSAT 8/9,Reading and Writing,dcf7e4e1,pdfs/PSAT-8-9/Reading-and-Writing/part-002.pdf,45
PSAT 8/9,Reading and Writing,f252182a,pdfs/PSAT-8-9/Reading-and-Writing/part-002.pdf,46
PSAT 8/9,Reading and Writing,124329d2,pdfs/PSAT-8-9/Reading-and-Writing/part-002.pdf,47
PSAT 8/9,Reading and Writing,cc4d3cac,pdfs/PSAT-8-9/Reading-and-Writing/part-002.pdf,48
PSAT 8/9,Reading and Writing,b6c2f552,pdfs/PSAT-8-9/Reading-and-Writing/part-002.pdf,49
PSAT 8/9,Reading and Writing,c1445a5e,pdfs/PSAT-8-9/Reading-and-Writing/part-002.pdf,51
PSAT 8/9,Reading and Writing,96f6219f,pdfs/PSAT-8-9/Reading-and-Writing/part-002.pdf,52
PSAT 8/9,Reading and Writing,19f133b4,pdfs/PSAT-8-9/Reading-and-Writing/part-002.pdf,54
PSAT 8/9,Reading and Writing,e5999796,pdfs/PSAT-8-9/Reading-and-Writing/part-002.pdf,55
PSAT 8/9,Reading and Writing,429c8b61,pdfs/PSAT-8-9/Reading-and-Writing/part-002.pdf,57
PSAT 8/9,Reading and Writing,5a9ee99d,pdfs/PSAT-8-9/Reading-and-Writing/part-002.pdf,58
PSAT 8/9,Reading and Writing,2c5b7402,pdfs/PSAT-8-9/Reading-and-Writing/part-002.pdf,59
PSAT 8/9,Reading and Writing,27754367,pdfs/PSAT-8-9/Reading-and-Writing/part-002.pdf,60
PSAT 8/9,Reading and Writing,857b8c7f,pdfs/PSAT-8-9/Reading-and-Writing/part-002.pdf,61
PSAT 8/9,Reading and Writing,d7eb6d4b,pdfs/PSAT-8-9/Reading-and-Writing/part-002.pdf,62
PSAT 8/9,Reading and Writing,fde9312b,pdfs/PSAT-8-9/Reading-and-Writing/part-002.pdf,64
PSAT 8/9,Reading and Writing,711014ec,pdfs/PSAT-8-9/Reading-and-Writing/part-002.pdf,65
PSAT 8/9,Reading and Writing,1841cb73,pdfs/PSAT-8-9/Reading-and-Writing/part-002.pdf,66
PSAT 8/9,Reading and Writing,373f8ed3,pdfs/PSAT-8-9/Reading-and-Writing/part-002.pdf,67
PSAT 8/9,Reading and Writing,f997cbbf,pdfs/PSAT-8-9/Reading-and-Writing/part-002.pdf,68
PSAT 8/9,Reading and Writing,2ed324dc,pdfs/PSAT-8-9/Reading-and-Writing/part-002.pdf,69
PSAT 8/9,Reading and Writing,90ca3e8c,pdfs/PSAT-8-9/Reading-and-Writing/part-002.pdf,70
PSAT 8/9,Reading and Writing,9cdf094a,pdfs/PSAT-8-9/Reading-and-Writing/part-002.pdf,71
PSAT 8/9,Reading and Writing,f69cc30b,pdfs/PSAT-8-9/Reading-and-Writing/part-002.pdf,72
PSAT 8/9,Reading and Writing,54d3a786,pdfs/PSAT-8-9/Reading-and-Writing/part-002.pdf,73
PSAT 8/9,Reading and Writing,7384d48e,pdfs/PSAT-8-9/Reading-and-Writing/part-002.pdf,74
PSAT 8/9,Reading and Writing,98d5fc10,pdfs/PSAT-8-9/Reading-and-Writing/part-002.pdf,75
PSAT 8/9,Reading and Writing,6af34bc0,pdfs/PSAT-8-9/Reading-and-Writing/part-002.pdf,76
PSAT 8/9,Reading and Writing,79892e2d,pdfs/PSAT-8-9/Reading-and-Writing/part-002.pdf,78
PSAT 8/9,Reading and Writing,86165aba,pdfs/PSAT-8-9/Reading-and-Writing/part-002.pdf,79
PSAT 8/9,Reading and Writing,398b0efd,pdfs/PSAT-8-9/Reading-and-Writing/part-002.pdf,80
PSAT 8/9,Reading and Writing,6330f566,pdfs/PSAT-8-9/Reading-and-Writing/part-002.pdf,81
PSAT 8/9,Reading and Writing,7821db13,pdfs/PSAT-8-9/Reading-and-Writing/part-002.pdf,82
PSAT 8/9,Reading and Writing,fa36bea6,pdfs/PSAT-8-9/Reading-and-Writing/part-002.pdf,83
PSAT 8/9,Reading and Writing,5312ac29,pdfs/PSAT-8-9/Reading-and-Writing/part-002.pdf,84
PSAT 8/9,Reading and Writing,0cd95707,pdfs/PSAT-8-9/Reading-and-Writing/part-002.pdf,85
PSAT 8/9,Reading and Writing,7a03b93e,pdfs/PSAT-8-9/Reading-and-Writing/part-002.pdf,86
PSAT 8/9,Reading and Writing,1a06458c,pdfs/PSAT-8-9/Reading-and-Writing/part-002.pdf,87
PSAT 8/9,Reading and Writing,ef21e818,pdfs/PSAT-8-9/Reading-and-Writing/part-002.pdf,88
PSAT 8/9,Reading and Writing,c46b4990,pdfs/PSAT-8-9/Reading-and-Writing/part-002.pdf,89
PSAT 8/9,Reading and Writing,05f213a7,pdfs/PSAT-8-9/Reading-and-Writing/part-002.pdf,90
PSAT 8/9,Reading and Writing,b3b5510a,pdfs/PSAT-8-9/Reading-and-Writing/part-002.pdf,91
PSAT 8/9,Reading and Writing,132fec38,pdfs/PSAT-8-9/Reading-and-Writing/part-002.pdf,92
PSAT 8/9,Reading and Writing,99bd56d8,pdfs/PSAT-8-9/Reading-and-Writing/part-002.pdf,93
PSAT 8/9,Reading and Writing,f5cd59f3,pdfs/PSAT-8-9/Reading-and-Writing/part-002.pdf,94
PSAT 8/9,Reading and Writing,1483dee6,pdfs/PSAT-8-9/Reading-and-Writing/part-002.pdf,95
PSAT 8/9,Reading and Writing,5c80bb1c,pdfs/PSAT-8-9/Reading-and-Writing/part-002.pdf,96
PSAT 8/9,Reading and Writing,7986f2db,pdfs/PSAT-8-9/Reading-and-Writing/part-002.pdf,97
PSAT 8/9,Reading and Writing,0e1db809,pdfs/PSAT-8-9/Reading-and-Writing/part-002.pdf,98
PSAT 8/9,Reading and Writing,77d1b0ae,pdfs/PSAT-8-9/Reading-and-Writing/part-002.pdf,99
PSAT 8/9,Reading and Writing,dd4a3754,pdfs/PSAT-8-9/Reading-and-Writing/part-002.pdf,100
PSAT 8/9,Reading and Writing,f1947c86,pdfs/PSAT-8-9/Reading-and-Writing/part-002.pdf,101
PSAT 8/9,Reading and Writing,8174173b,pdfs/PSAT-8-9/Reading-and-Writing/part-002.pdf,102
PSAT 8/9,Reading and Writing,9e480713,pdfs/PSAT-8-9/Reading-and-Writing/part-002.pdf,103
PSAT 8/9,Reading and Writing,a123ac00,pdfs/PSAT-8-9/Reading-and-Writing/part-002.pdf,104
PSAT 8/9,Reading and Writing,80025650,pdfs/PSAT-8-9/Reading-and-Writing/part-002.pdf,105
PSAT 8/9,Reading and Writing,7269f02b,pdfs/PSAT-8-9/Reading-and-Writing/part-002.pdf,106
PSAT 8/9,Reading and Writing,0ff6c528,pdfs/PSAT-8-9/Reading-and-Writing/part-002.pdf,107
PSAT 8/9,Reading and Writing,13009229,pdfs/PSAT-8-9/Reading-and-Writing/part-002.pdf,108
PSAT 8/9,Reading and Writing,4e1d4a38,pdfs/PSAT-8-9/Reading-and-Writing/part-002.pdf,109
PSAT 8/9,Reading and Writing,600f7bec,pdfs/PSAT-8-9/Reading-and-Writing/part-002.pdf,110
PSAT 8/9,Reading and Writing,e96916fa,pdfs/PSAT-8-9/Reading-and-Writing/part-002.pdf,111
PSAT 8/9,Reading and Writing,6d8d35d6,pdfs/PSAT-8-9/Reading-and-Writing/part-002.pdf,112
PSAT 8/9,Reading and Writing,a328d081,pdfs/PSAT-8-9/Reading-and-Writing/part-002.pdf,113
PSAT 8/9,Reading and Writing,2735f617,pdfs/PSAT-8-9/Reading-and-Writing/part-002.pdf,114
PSAT 8/9,Reading and Writing,f9742e4b,pdfs/PSAT-8-9/Reading-and-Writing/part-002.pdf,115
PSAT 8/9,Reading and Writing,6a25adb2,pdfs/PSAT-8-9/Reading-and-Writing/part-002.pdf,116
PSAT 8/9,Reading and Writing,86a66353,pdfs/PSAT-8-9/Reading-and-Writing/part-002.pdf,117
PSAT 8/9,Reading and Writing,05ef0a50,pdfs/PSAT-8-9/Reading-and-Writing/part-002.pdf,118
PSAT 8/9,Reading and Writing,6d7897fa,pdfs/PSAT-8-9/Reading-and-Writing/part-002.pdf,119
PSAT 8/9,Reading and Writing,d35a4ea6,pdfs/PSAT-8-9/Reading-and-Writing/part-002.pdf,120
PSAT 8/9,Reading and Writing,ead4518b,pdfs/PSAT-8-9/Reading-and-Writing/part-002.pdf,121
PSAT 8/9,Reading and Writing,5181c59f,pdfs/PSAT-8-9/Reading-and-Writing/part-002.pdf,122
PSAT 8/9,Reading and Writing,646ad997,pdfs/PSAT-8-9/Reading-and-Writing/part-002.pdf,123
PSAT 8/9,Reading and Writing,76afbcc6,pdfs/PSAT-8-9/Reading-and-Writing/part-002.pdf,124
PSAT 8/9,Reading and Writing,e20bb38b,pdfs/PSAT-8-9/Reading-and-Writing/part-002.pdf,125
PSAT 8/9,Reading and Writing,6a581471,pdfs/PSAT-8-9/Reading-and-Writing/part-002.pdf,126
PSAT 8/9,Reading and Writing,6cc8a5e8,pdfs/PSAT-8-9/Reading-and-Writing/part-002.pdf,128
PSAT 8/9,Reading and Writing,7d7077ec,pdfs/PSAT-8-9/Reading-and-Writing/part-002.pdf,130
PSAT 8/9,Reading and Writing,12f8e306,pdfs/PSAT-8-9/Reading-and-Writing/part-002.pdf,131
PSAT 8/9,Reading and Writing,6ebe9f08,pdfs/PSAT-8-9/Reading-and-Writing/part-002.pdf,132
PSAT 8/9,Reading and Writing,6be399e0,pdfs/PSAT-8-9/Reading-and-Writing/part-002.pdf,133
PSAT 8/9,Reading and Writing,96e18c60,pdfs/PSAT-8-9/Reading-and-Writing/part-002.pdf,134
PSAT 8/9,Reading and Writing,263bcdbf,pdfs/PSAT-8-9/Reading-and-Writing/part-002.pdf,135
PSAT 8/9,Reading and Writing,a9f2dc3c,pdfs/PSAT-8-9/Reading-and-Writing/part-002.pdf,136
PSAT 8/9,Reading and Writing,49a892fb,pdfs/PSAT-8-9/Reading-and-Writing/part-002.pdf,137
PSAT 8/9,Reading and Writing,b08ef39b,pdfs/PSAT-8-9/Reading-and-Writing/part-002.pdf,138
PSAT 8/9,Reading and Writing,cb0baa54,pdfs/PSAT-8-9/Reading-and-Writing/part-002.pdf,139
PSAT 8/9,Reading and Writing,7d43cfef,pdfs/PSAT-8-9/Reading-and-Writing/part-002.pdf,140
PSAT 8/9,Reading and Writing,dfad9bd5,pdfs/PSAT-8-9/Reading-and-Writing/part-002.pdf,141
PSAT 8/9,Reading and Writing,e44a8e1e,pdfs/PSAT-8-9/Reading-and-Writing/part-002.pdf,142
PSAT 8/9,Reading and Writing,78f43f9b,pdfs/PSAT-8-9/Reading-and-Writing/part-002.pdf,143
PSAT 8/9,Reading and Writing,cae07228,pdfs/PSAT-8-9/Reading-and-Writing/part-002.pdf,144
PSAT 8/9,Reading and Writing,515ff639,pdfs/PSAT-8-9/Reading-and-Writing/part-002.pdf,145
PSAT 8/9,Reading and Writing,5e15c33b,pdfs/PSAT-8-9/Reading-and-Writing/part-002.pdf,146
PSAT 8/9,Reading and Writing,9bd0c5b4,pdfs/PSAT-8-9/Reading-and-Writing/part-002.pdf,147
PSAT 8/9,Reading and Writing,0da2ae76,pdfs/PSAT-8-9/Reading-and-Writing/part-002.pdf,148
PSAT 8/9,Reading and Writing,e7b4523e,pdfs/PSAT-8-9/Reading-and-Writing/part-002.pdf,149
PSAT 8/9,Reading and Writing,2b158e21,pdfs/PSAT-8-9/Reading-and-Writing/part-002.pdf,150
PSAT 8/9,Reading and Writing,0e9960cd,pdfs/PSAT-8-9/Reading-and-Writing/part-002.pdf,151
PSAT 8/9,Reading and Writing,7a4e133e,pdfs/PSAT-8-9/Reading-and-Writing/part-002.pdf,152
PSAT 8/9,Reading and Writing,62fd7cce,pdfs/PSAT-8-9/Reading-and-Writing/part-002.pdf,153
PSAT 8/9,Reading and Writing,22d44387,pdfs/PSAT-8-9/Reading-and-Writing/part-002.pdf,154
PSAT 8/9,Reading and Writing,635e5f75,pdfs/PSAT-8-9/Reading-and-Writing/part-002.pdf,155
PSAT 8/9,Reading and Writing,752cec1f,pdfs/PSAT-8-9/Reading-and-Writing/part-002.pdf,156
PSAT 8/9,Reading and Writing,7a0f5cdb,pdfs/PSAT-8-9/Reading-and-Writing/part-002.pdf,157
PSAT 8/9,Reading and Writing,4bcc2029,pdfs/PSAT-8-9/Reading-and-Writing/part-002.pdf,158
PSAT 8/9,Reading and Writing,9900ab9e,pdfs/PSAT-8-9/Reading-and-Writing/part-002.pdf,159
PSAT 8/9,Reading and Writing,c187c91b,pdfs/PSAT-8-9/Reading-and-Writing/part-002.pdf,160
PSAT 8/9,Reading and Writing,c74d3ac7,pdfs/PSAT-8-9/Reading-and-Writing/part-002.pdf,161
PSAT 8/9,Reading and Writing,0416f899,pdfs/PSAT-8-9/Reading-and-Writing/part-002.pdf,162
PSAT 8/9,Reading and Writing,cc7c67b3,pdfs/PSAT-8-9/Reading-and-Writing/part-002.pdf,163
PSAT 8/9,Reading and Writing,babff84b,pdfs/PSAT-8-9/Reading-and-Writing/part-002.pdf,164
PSAT 8/9,Reading and Writing,347b6747,pdfs/PSAT-8-9/Reading-and-Writing/part-002.pdf,165
PSAT 8/9,Reading and Writing,0c73c771,pdfs/PSAT-8-9/Reading-and-Writing/part-002.pdf,166
PSAT 8/9,Reading and Writing,bb4ac158,pdfs/PSAT-8-9/Reading-and-Writing/part-002.pdf,167
PSAT 8/9,Reading and Writing,abd663c7,pdfs/PSAT-8-9/Reading-and-Writing/part-002.pdf,169
PSAT 8/9,Reading and Writing,a91c661e,pdfs/PSAT-8-9/Reading-and-Writing/part-002.pdf,170
PSAT 8/9,Reading and Writing,ef399b40,pdfs/PSAT-8-9/Reading-and-Writing/part-002.pdf,171
PSAT 8/9,Reading and Writing,63f9bd81,pdfs/PSAT-8-9/Reading-and-Writing/part-002.pdf,172
PSAT 8/9,Reading and Writing,f85c34d8,pdfs/PSAT-8-9/Reading-and-Writing/part-002.pdf,173
PSAT 8/9,Reading and Writing,0e3ef14c,pdfs/PSAT-8-9/Reading-and-Writing/part-002.pdf,174
PSAT 8/9,Reading and Writing,a835e42b,pdfs/PSAT-8-9/Reading-and-Writing/part-002.pdf,175
PSAT 8/9,Reading and Writing,aad6de37,pdfs/PSAT-8-9/Reading-and-Writing/part-002.pdf,176
PSAT 8/9,Reading and Writing,2f08e056,pdfs/PSAT-8-9/Reading-and-Writing/part-002.pdf,177
PSAT 8/9,Reading and Writing,6fea4e86,pdfs/PSAT-8-9/Reading-and-Writing/part-002.pdf,178
PSAT 8/9,Reading and Writing,77203bc5,pdfs/PSAT-8-9/Reading-and-Writing/part-002.pdf,179
PSAT 8/9,Reading and Writing,922591db,pdfs/PSAT-8-9/Reading-and-Writing/part-002.pdf,180
PSAT 8/9,Reading and Writing,db0ddd95,pdfs/PSAT-8-9/Reading-and-Writing/part-002.pdf,181
PSAT 8/9,Reading and Writing,1a53947b,pdfs/PSAT-8-9/Reading-and-Writing/part-002.pdf,182
PSAT 8/9,Reading and Writing,c04d939e,pdfs/PSAT-8-9/Reading-and-Writing/part-002.pdf,183
PSAT 8/9,Reading and Writing,3a6326b9,pdfs/PSAT-8-9/Reading-and-Writing/part-002.pdf,184
PSAT 8/9,Reading and Writing,ae580208,pdfs/PSAT-8-9/Reading-and-Writing/part-002.pdf,185
PSAT 8/9,Reading and Writing,823d647e,pdfs/PSAT-8-9/Reading-and-Writing/part-002.pdf,186
PSAT 8/9,Reading and Writing,0182db39,pdfs/PSAT-8-9/Reading-and-Writing/part-002.pdf,187
PSAT 8/9,Reading and Writing,b06c90ab,pdfs/PSAT-8-9/Reading-and-Writing/part-002.pdf,188
PSAT 8/9,Reading and Writing,28d89f97,pdfs/PSAT-8-9/Reading-and-Writing/part-002.pdf,189
PSAT 8/9,Reading and Writing,e864a04f,pdfs/PSAT-8-9/Reading-and-Writing/part-002.pdf,191
PSAT 8/9,Reading and Writing,935c2154,pdfs/PSAT-8-9/Reading-and-Writing/part-002.pdf,192
PSAT 8/9,Reading and Writing,ee3f48e3,pdfs/PSAT-8-9/Reading-and-Writing/part-002.pdf,193
PSAT 8/9,Reading and Writing,80a523fa,pdfs/PSAT-8-9/Reading-and-Writing/part-002.pdf,195
PSAT 8/9,Reading and Writing,1b414aed,pdfs/PSAT-8-9/Reading-and-Writing/part-002.pdf,196
PSAT 8/9,Reading and Writing,f78d0441,pdfs/PSAT-8-9/Reading-and-Writing/part-002.pdf,197
PSAT 8/9,Reading and Writing,b6b54cca,pdfs/PSAT-8-9/Reading-and-Writing/part-002.pdf,198
PSAT 8/9,Reading and Writing,d423172b,pdfs/PSAT-8-9/Reading-and-Writing/part-002.pdf,199
PSAT 8/9,Reading and Writing,3cb62983,pdfs/PSAT-8-9/Reading-and-Writing/part-002.pdf,200
PSAT 8/9,Reading and Writing,eeb2f85f,pdfs/PSAT-8-9/Reading-and-Writing/part-002.pdf,201
PSAT 8/9,Reading and Writing,30b7812d,pdfs/PSAT-8-9/Reading-and-Writing/part-002.pdf,202
PSAT 8/9,Reading and Writing,e52f6f74,pdfs/PSAT-8-9/Reading-and-Writing/part-002.pdf,203
PSAT 8/9,Reading and Writing,c01d78fa,pdfs/PSAT-8-9/Reading-and-Writing/part-002.pdf,204
PSAT 8/9,Reading and Writing,f11dff59,pdfs/PSAT-8-9/Reading-and-Writing/part-002.pdf,205
PSAT 8/9,Reading and Writing,aadf7bcf,pdfs/PSAT-8-9/Reading-and-Writing/part-002.pdf,206
PSAT 8/9,Reading and Writing,5f8c29cf,pdfs/PSAT-8-9/Reading-and-Writing/part-002.pdf,207
PSAT 8/9,Reading and Writing,e2abfee3,pdfs/PSAT-8-9/Reading-and-Writing/part-002.pdf,208
PSAT 8/9,Reading and Writing,f31fc963,pdfs/PSAT-8-9/Reading-and-Writing/part-002.pdf,209
PSAT 8/9,Reading and Writing,d219e922,pdfs/PSAT-8-9/Reading-and-Writing/part-002.pdf,210
PSAT 8/9,Reading and Writing,cba827f0,pdfs/PSAT-8-9/Reading-and-Writing/part-002.pdf,211
PSAT 8/9,Reading and Writing,b8dedc7c,pdfs/PSAT-8-9/Reading-and-Writing/part-002.pdf,212
PSAT 8/9,Reading and Writing,109d74bd,pdfs/PSAT-8-9/Reading-and-Writing/part-002.pdf,213
PSAT 8/9,Reading and Writing,0a4e56f2,pdfs/PSAT-8-9/Reading-and-Writing/part-002.pdf,214
PSAT 8/9,Reading and Writing,c64c7274,pdfs/PSAT-8-9/Reading-and-Writing/part-002.pdf,215
PSAT 8/9,Reading and Writing,33ba7d74,pdfs/PSAT-8-9/Reading-and-Writing/part-002.pdf,217
PSAT 8/9,Reading and Writing,49a2ac01,pdfs/PSAT-8-9/Reading-and-Writing/part-002.pdf,218
PSAT 8/9,Reading and Writing,50d0f0be,pdfs/PSAT-8-9/Reading-and-Writing/part-002.pdf,219
PSAT 8/9,Reading and Writing,c795962b,pdfs/PSAT-8-9/Reading-and-Writing/part-002.pdf,220
PSAT 8/9,Reading and Writing,1347dae0,pdfs/PSAT-8-9/Reading-and-Writing/part-002.pdf,221
PSAT 8/9,Reading and Writing,d044f2c7,pdfs/PSAT-8-9/Reading-and-Writing/part-002.pdf,222
PSAT 8/9,Reading and Writing,9086691f,pdfs/PSAT-8-9/Reading-and-Writing/part-002.pdf,223
PSAT 8/9,Reading and Writing,1b09506e,pdfs/PSAT-8-9/Reading-and-Writing/part-002.pdf,224
PSAT 8/9,Reading and Writing,cd945a25,pdfs/PSAT-8-9/Reading-and-Writing/part-002.pdf,225
PSAT 8/9,Reading and Writing,acf81c10,pdfs/PSAT-8-9/Reading-and-Writing/part-002.pdf,226
PSAT 8/9,Reading and Writing,35284cdd,pdfs/PSAT-8-9/Reading-and-Writing/part-002.pdf,227
PSAT 8/9,Reading and Writing,7d035567,pdfs/PSAT-8-9/Reading-and-Writing/part-002.pdf,228
PSAT 8/9,Reading and Writing,6d26bf62,pdfs/PSAT-8-9/Reading-and-Writing/part-002.pdf,229
PSAT 8/9,Reading and Writing,66b7cf61,pdfs/PSAT-8-9/Reading-and-Writing/part-002.pdf,230
PSAT 8/9,Reading and Writing,d6190a7b,pdfs/PSAT-8-9/Reading-and-Writing/part-002.pdf,231
PSAT 8/9,Reading and Writing,8fa22275,pdfs/PSAT-8-9/Reading-and-Writing/part-002.pdf,232
PSAT 8/9,Reading and Writing,f96b0d03,pdfs/PSAT-8-9/Reading-and-Writing/part-002.pdf,233
PSAT 8/9,Reading and Writing,fce3de7d,pdfs/PSAT-8-9/Reading-and-Writing/part-002.pdf,234
PSAT 8/9,Reading and Writing,e120c37a,pdfs/PSAT-8-9/Reading-and-Writing/part-002.pdf,236
PSAT 8/9,Reading and Writing,11c81f3b,pdfs/PSAT-8-9/Reading-and-Writing/part-002.pdf,237
PSAT 8/9,Reading and Writing,43da32bf,pdfs/PSAT-8-9/Reading-and-Writing/part-002.pdf,238
PSAT 8/9,Reading and Writing,f914b408,pdfs/PSAT-8-9/Reading-and-Writing/part-002.pdf,239
PSAT 8/9,Reading and Writing,64a676a1,pdfs/PSAT-8-9/Reading-and-Writing/part-002.pdf,240
PSAT 8/9,Reading and Writing,d8a58f40,pdfs/PSAT-8-9/Reading-and-Writing/part-002.pdf,242
PSAT 8/9,Reading and Writing,435b5757,pdfs/PSAT-8-9/Reading-and-Writing/part-002.pdf,243
PSAT 8/9,Reading and Writing,c679f6af,pdfs/PSAT-8-9/Reading-and-Writing/part-002.pdf,244
PSAT 8/9,Reading and Writing,9e5df0a7,pdfs/PSAT-8-9/Reading-and-Writing/part-002.pdf,245
PSAT 8/9,Reading and Writing,d068fa7c,pdfs/PSAT-8-9/Reading-and-Writing/part-002.pdf,246
PSAT 8/9,Reading and Writing,725a048e,pdfs/PSAT-8-9/Reading-and-Writing/part-002.pdf,247
PSAT 8/9,Reading and Writing,6442a041,pdfs/PSAT-8-9/Reading-and-Writing/part-002.pdf,248
PSAT 8/9,Reading and Writing,f7214ef4,pdfs/PSAT-8-9/Reading-and-Writing/part-002.pdf,249
PSAT 8/9,Reading and Writing,369729c4,pdfs/PSAT-8-9/Reading-and-Writing/part-002.pdf,250
PSAT 8/9,Reading and Writing,162e5fc5,pdfs/PSAT-8-9/Reading-and-Writing/part-002.pdf,252
PSAT 8/9,Reading and Writing,c9e5b0ad,pdfs/PSAT-8-9/Reading-and-Writing/part-002.pdf,253
PSAT 8/9,Reading and Writing,4d60400a,pdfs/PSAT-8-9/Reading-and-Writing/part-002.pdf,254
PSAT 8/9,Reading and Writing,d11b5a4a,pdfs/PSAT-8-9/Reading-and-Writing/part-002.pdf,255
PSAT 8/9,Reading and Writing,89fda892,pdfs/PSAT-8-9/Reading-and-Writing/part-002.pdf,256
PSAT 8/9,Reading and Writing,4c903a98,pdfs/PSAT-8-9/Reading-and-Writing/part-002.pdf,257
PSAT 8/9,Reading and Writing,09a0c561,pdfs/PSAT-8-9/Reading-and-Writing/part-002.pdf,258
PSAT 8/9,Reading and Writing,4975287b,pdfs/PSAT-8-9/Reading-and-Writing/part-002.pdf,259
PSAT 8/9,Reading and Writing,56c66383,pdfs/PSAT-8-9/Reading-and-Writing/part-002.pdf,260
PSAT 8/9,Reading and Writing,d49a947c,pdfs/PSAT-8-9/Reading-and-Writing/part-002.pdf,261
PSAT 8/9,Reading and Writing,11d3e3fb,pdfs/PSAT-8-9/Reading-and-Writing/part-002.pdf,262
PSAT 8/9,Reading and Writing,57fbaa08,pdfs/PSAT-8-9/Reading-and-Writing/part-002.pdf,263
PSAT 8/9,Reading and Writing,f23fc383,pdfs/PSAT-8-9/Reading-and-Writing/part-002.pdf,264
PSAT 8/9,Reading and Writing,b16d5265,pdfs/PSAT-8-9/Reading-and-Writing/part-002.pdf,265
PSAT 8/9,Reading and Writing,a69693e0,pdfs/PSAT-8-9/Reading-and-Writing/part-002.pdf,266
PSAT 8/9,Reading and Writing,9f63df6f,pdfs/PSAT-8-9/Reading-and-Writing/part-002.pdf,267
PSAT 8/9,Reading and Writing,31072098,pdfs/PSAT-8-9/Reading-and-Writing/part-002.pdf,268
PSAT 8/9,Reading and Writing,827e316d,pdfs/PSAT-8-9/Reading-and-Writing/part-002.pdf,270
PSAT 8/9,Reading and Writing,ad1f5bec,pdfs/PSAT-8-9/Reading-and-Writing/part-002.pdf,271
PSAT 8/9,Reading and Writing,005d770c,pdfs/PSAT-8-9/Reading-and-Writing/part-002.pdf,272
PSAT 8/9,Reading and Writing,59f332e4,pdfs/PSAT-8-9/Reading-and-Writing/part-002.pdf,273
PSAT 8/9,Reading and Writing,077d5d3a,pdfs/PSAT-8-9/Reading-and-Writing/part-002.pdf,274
PSAT 8/9,Reading and Writing,cc717a2b,pdfs/PSAT-8-9/Reading-and-Writing/part-002.pdf,275
PSAT 8/9,Reading and Writing,40e72ab0,pdfs/PSAT-8-9/Reading-and-Writing/part-002.pdf,276
PSAT 8/9,Reading and Writing,c08912f4,pdfs/PSAT-8-9/Reading-and-Writing/part-002.pdf,277
PSAT 8/9,Reading and Writing,bed309f6,pdfs/PSAT-8-9/Reading-and-Writing/part-002.pdf,278
PSAT 8/9,Reading and Writing,0243817d,pdfs/PSAT-8-9/Reading-and-Writing/part-002.pdf,279
PSAT 8/9,Reading and Writing,4546d250,pdfs/PSAT-8-9/Reading-and-Writing/part-002.pdf,280
PSAT 8/9,Reading and Writing,a847e0fc,pdfs/PSAT-8-9/Reading-and-Writing/part-002.pdf,281
PSAT 8/9,Reading and Writing,2aed98bf,pdfs/PSAT-8-9/Reading-and-Writing/part-002.pdf,282
PSAT 8/9,Reading and Writing,08cbebaa,pdfs/PSAT-8-9/Reading-and-Writing/part-002.pdf,283
PSAT 8/9,Reading and Writing,85d70ed4,pdfs/PSAT-8-9/Reading-and-Writing/part-002.pdf,284
PSAT 8/9,Reading and Writing,aa4adb2f,pdfs/PSAT-8-9/Reading-and-Writing/part-002.pdf,285
PSAT 8/9,Reading and Writing,a3cfd927,pdfs/PSAT-8-9/Reading-and-Writing/part-002.pdf,286
PSAT 8/9,Reading and Writing,3274035c,pdfs/PSAT-8-9/Reading-and-Writing/part-002.pdf,287
PSAT 8/9,Reading and Writing,4d56718d,pdfs/PSAT-8-9/Reading-and-Writing/part-002.pdf,288
PSAT 8/9,Reading and Writing,b0275cf7,pdfs/PSAT-8-9/Reading-and-Writing/part-002.pdf,289
PSAT 8/9,Reading and Writing,9ea9b4cb,pdfs/PSAT-8-9/Reading-and-Writing/part-002.pdf,291
PSAT 8/9,Reading and Writing,61ee55dd,pdfs/PSAT-8-9/Reading-and-Writing/part-002.pdf,292
PSAT 8/9,Reading and Writing,eda4f69f,pdfs/PSAT-8-9/Reading-and-Writing/part-002.pdf,293
PSAT 8/9,Reading and Writing,6202302b,pdfs/PSAT-8-9/Reading-and-Writing/part-002.pdf,294
PSAT 8/9,Reading and Writing,14dd2660,pdfs/PSAT-8-9/Reading-and-Writing/part-002.pdf,295
PSAT 8/9,Reading and Writing,66bee7b8,pdfs/PSAT-8-9/Reading-and-Writing/part-002.pdf,296
PSAT 8/9,Reading and Writing,7e6a3a0d,pdfs/PSAT-8-9/Reading-and-Writing/part-002.pdf,297
PSAT 8/9,Reading and Writing,0e17c486,pdfs/PSAT-8-9/Reading-and-Writing/part-002.pdf,298
PSAT 8/9,Reading and Writing,3d9dfd96,pdfs/PSAT-8-9/Reading-and-Writing/part-002.pdf,299
PSAT 8/9,Reading and Writing,342ee90f,pdfs/PSAT-8-9/Reading-and-Writing/part-002.pdf,300
PSAT 8/9,Reading and Writing,82abb785,pdfs/PSAT-8-9/Reading-and-Writing/part-002.pdf,301
PSAT 8/9,Reading and Writing,b3394ac6,pdfs/PSAT-8-9/Reading-and-Writing/part-002.pdf,302
PSAT 8/9,Reading and Writing,6a17541a,pdfs/PSAT-8-9/Reading-and-Writing/part-002.pdf,303
PSAT 8/9,Reading and Writing,5c9dc5d9,pdfs/PSAT-8-9/Reading-and-Writing/part-002.pdf,305
PSAT 8/9,Reading and Writing,ea5a1afe,pdfs/PSAT-8-9/Reading-and-Writing/part-002.pdf,306
PSAT 8/9,Reading and Writing,2cb4ab0b,pdfs/PSAT-8-9/Reading-and-Writing/part-002.pdf,307
PSAT 8/9,Reading and Writing,8fd3b366,pdfs/PSAT-8-9/Reading-and-Writing/part-002.pdf,308
PSAT 8/9,Reading and Writing,5ceb5678,pdfs/PSAT-8-9/Reading-and-Writing/part-002.pdf,309
PSAT 8/9,Reading and Writing,f16c2e8b,pdfs/PSAT-8-9/Reading-and-Writing/part-002.pdf,310
PSAT 8/9,Reading and Writing,234ed7ba,pdfs/PSAT-8-9/Reading-and-Writing/part-002.pdf,311
PSAT 8/9,Reading and Writing,c0fad33d,pdfs/PSAT-8-9/Reading-and-Writing/part-002.pdf,312
PSAT 8/9,Reading and Writing,2eefc4f4,pdfs/PSAT-8-9/Reading-and-Writing/part-002.pdf,313
PSAT 8/9,Reading and Writing,5bf6eacd,pdfs/PSAT-8-9/Reading-and-Writing/part-002.pdf,314
PSAT 8/9,Reading and Writing,2e4795d7,pdfs/PSAT-8-9/Reading-and-Writing/part-002.pdf,315
PSAT 8/9,Reading and Writing,d2f209b3,pdfs/PSAT-8-9/Reading-and-Writing/part-002.pdf,316
PSAT 8/9,Reading and Writing,8998f15a,pdfs/PSAT-8-9/Reading-and-Writing/part-002.pdf,317
PSAT 8/9,Reading and Writing,f8031a47,pdfs/PSAT-8-9/Reading-and-Writing/part-002.pdf,319
PSAT 8/9,Reading and Writing,6bdb33f8,pdfs/PSAT-8-9/Reading-and-Writing/part-002.pdf,320
PSAT 8/9,Reading and Writing,768a949f,pdfs/PSAT-8-9/Reading-and-Writing/part-002.pdf,321
PSAT 8/9,Reading and Writing,c9d1aa69,pdfs/PSAT-8-9/Reading-and-Writing/part-002.pdf,322
PSAT 8/9,Reading and Writing,5bb8474e,pdfs/PSAT-8-9/Reading-and-Writing/part-002.pdf,323
PSAT 8/9,Reading and Writing,2a9e5b71,pdfs/PSAT-8-9/Reading-and-Writing/part-002.pdf,324
PSAT 8/9,Reading and Writing,dbece047,pdfs/PSAT-8-9/Reading-and-Writing/part-002.pdf,325
PSAT 8/9,Reading and Writing,26f67cc6,pdfs/PSAT-8-9/Reading-and-Writing/part-002.pdf,326
PSAT 8/9,Reading and Writing,12be38e2,pdfs/PSAT-8-9/Reading-and-Writing/part-002.pdf,327
PSAT 8/9,Reading and Writing,ed6bc0ba,pdfs/PSAT-8-9/Reading-and-Writing/part-002.pdf,328
PSAT 8/9,Reading and Writing,92df719c,pdfs/PSAT-8-9/Reading-and-Writing/part-002.pdf,329
PSAT 8/9,Reading and Writing,f12afe6b,pdfs/PSAT-8-9/Reading-and-Writing/part-002.pdf,330
PSAT 8/9,Reading and Writing,c3386bb6,pdfs/PSAT-8-9/Reading-and-Writing/part-002.pdf,331
PSAT 8/9,Reading and Writing,8dac3090,pdfs/PSAT-8-9/Reading-and-Writing/part-002.pdf,332
PSAT 8/9,Reading and Writing,f7d36930,pdfs/PSAT-8-9/Reading-and-Writing/part-002.pdf,333
PSAT 8/9,Reading and Writing,cd613f33,pdfs/PSAT-8-9/Reading-and-Writing/part-002.pdf,334
PSAT 8/9,Reading and Writing,6b4942f5,pdfs/PSAT-8-9/Reading-and-Writing/part-002.pdf,335
PSAT 8/9,Reading and Writing,a0a6ac5d,pdfs/PSAT-8-9/Reading-and-Writing/part-002.pdf,336
PSAT 8/9,Reading and Writing,0eb64e3f,pdfs/PSAT-8-9/Reading-and-Writing/part-002.pdf,337
PSAT 8/9,Reading and Writing,7d242308,pdfs/PSAT-8-9/Reading-and-Writing/part-002.pdf,338
PSAT 8/9,Reading and Writing,7a7fd9bc,pdfs/PSAT-8-9/Reading-and-Writing/part-002.pdf,339
PSAT 8/9,Reading and Writing,ac5cdabc,pdfs/PSAT-8-9/Reading-and-Writing/part-002.pdf,341
PSAT 8/9,Reading and Writing,c10a9206,pdfs/PSAT-8-9/Reading-and-Writing/part-002.pdf,342
PSAT 8/9,Reading and Writing,b46f4b75,pdfs/PSAT-8-9/Reading-and-Writing/part-002.pdf,343
PSAT 8/9,Reading and Writing,9bd6421b,pdfs/PSAT-8-9/Reading-and-Writing/part-002.pdf,344
PSAT 8/9,Reading and Writing,1bf311bf,pdfs/PSAT-8-9/Reading-and-Writing/part-002.pdf,345
PSAT 8/9,Reading and Writing,7946351d,pdfs/PSAT-8-9/Reading-and-Writing/part-002.pdf,346
PSAT 8/9,Reading and Writing,f4eab5d4,pdfs/PSAT-8-9/Reading-and-Writing/part-002.pdf,347
PSAT 8/9,Reading and Writing,b5fe1485,pdfs/PSAT-8-9/Reading-and-Writing/part-002.pdf,348
PSAT 8/9,Reading and Writing,1fe42bd4,pdfs/PSAT-8-9/Reading-and-Writing/part-002.pdf,349
PSAT 8/9,Reading and Writing,28d76b50,pdfs/PSAT-8-9/Reading-and-Writing/part-002.pdf,350
PSAT 8/9,Reading and Writing,65ce2677,pdfs/PSAT-8-9/Reading-and-Writing/part-002.pdf,351
PSAT 8/9,Reading and Writing,7428df84,pdfs/PSAT-8-9/Reading-and-Writing/part-002.pdf,352
PSAT 8/9,Reading and Writing,4d8b6648,pdfs/PSAT-8-9/Reading-and-Writing/part-002.pdf,353
PSAT 8/9,Reading and Writing,cf6f3df6,pdfs/PSAT-8-9/Reading-and-Writing/part-002.pdf,354
PSAT 8/9,Reading and Writing,7c9526e2,pdfs/PSAT-8-9/Reading-and-Writing/part-002.pdf,355
PSAT 8/9,Reading and Writing,650bb994,pdfs/PSAT-8-9/Reading-and-Writing/part-002.pdf,356
PSAT 8/9,Reading and Writing,7c1776e6,pdfs/PSAT-8-9/Reading-and-Writing/part-002.pdf,357
PSAT 8/9,Reading and Writing,b4eb1666,pdfs/PSAT-8-9/Reading-and-Writing/part-002.pdf,358
PSAT 8/9,Reading and Writing,a5fb047a,pdfs/PSAT-8-9/Reading-and-Writing/part-002.pdf,359
PSAT 8/9,Reading and Writing,6406bbd7,pdfs/PSAT-8-9/Reading-and-Writing/part-002.pdf,360
PSAT 8/9,Reading and Writing,d765e719,pdfs/PSAT-8-9/Reading-and-Writing/part-002.pdf,361
PSAT 8/9,Reading and Writing,fc0f5741,pdfs/PSAT-8-9/Reading-and-Writing/part-002.pdf,362
PSAT 8/9,Reading and Writing,03bb44ea,pdfs/PSAT-8-9/Reading-and-Writing/part-002.pdf,363
PSAT 8/9,Reading and Writing,99d13338,pdfs/PSAT-8-9/Reading-and-Writing/part-002.pdf,364
PSAT 8/9,Reading and Writing,265db9d7,pdfs/PSAT-8-9/Reading-and-Writing/part-002.pdf,365
PSAT 8/9,Reading and Writing,746e62a6,pdfs/PSAT-8-9/Reading-and-Writing/part-002.pdf,366
PSAT 8/9,Reading and Writing,caef22d0,pdfs/PSAT-8-9/Reading-and-Writing/part-002.pdf,367
PSAT 8/9,Reading and Writing,c4e5802f,pdfs/PSAT-8-9/Reading-and-Writing/part-002.pdf,368
PSAT 8/9,Reading and Writing,e7bb9df3,pdfs/PSAT-8-9/Reading-and-Writing/part-002.pdf,369
PSAT 8/9,Reading and Writing,5438bcd5,pdfs/PSAT-8-9/Reading-and-Writing/part-002.pdf,370
PSAT 8/9,Reading and Writing,7b995a05,pdfs/PSAT-8-9/Reading-and-Writing/part-002.pdf,371
PSAT 8/9,Reading and Writing,30faee4e,pdfs/PSAT-8-9/Reading-and-Writing/part-002.pdf,373
PSAT 8/9,Reading and Writing,95ec2a87,pdfs/PSAT-8-9/Reading-and-Writing/part-002.pdf,374
PSAT 8/9,Reading and Writing,69a2bbb6,pdfs/PSAT-8-9/Reading-and-Writing/part-002.pdf,375
PSAT 8/9,Reading and Writing,0051d21a,pdfs/PSAT-8-9/Reading-and-Writing/part-002.pdf,376
PSAT 8/9,Reading and Writing,3e6ec21d,pdfs/PSAT-8-9/Reading-and-Writing/part-002.pdf,377
PSAT 8/9,Reading and Writing,110dd096,pdfs/PSAT-8-9/Reading-and-Writing/part-002.pdf,378
PSAT 8/9,Reading and Writing,5ce6e9cc,pdfs/PSAT-8-9/Reading-and-Writing/part-002.pdf,379
PSAT 8/9,Reading and Writing,f395a612,pdfs/PSAT-8-9/Reading-and-Writing/part-002.pdf,381
PSAT 8/9,Reading and Writing,a4240957,pdfs/PSAT-8-9/Reading-and-Writing/part-002.pdf,382
PSAT 8/9,Reading and Writing,21debb35,pdfs/PSAT-8-9/Reading-and-Writing/part-002.pdf,383
PSAT 8/9,Reading and Writing,105cf4c6,pdfs/PSAT-8-9/Reading-and-Writing/part-002.pdf,384
PSAT 8/9,Reading and Writing,c0628d2c,pdfs/PSAT-8-9/Reading-and-Writing/part-002.pdf,385
PSAT 8/9,Reading and Writing,1fa3ea77,pdfs/PSAT-8-9/Reading-and-Writing/part-002.pdf,386
PSAT 8/9,Reading and Writing,01084ed2,pdfs/PSAT-8-9/Reading-and-Writing/part-002.pdf,387
PSAT 8/9,Reading and Writing,3b3905fa,pdfs/PSAT-8-9/Reading-and-Writing/part-002.pdf,388
PSAT 8/9,Reading and Writing,c9fae6b6,pdfs/PSAT-8-9/Reading-and-Writing/part-002.pdf,389
PSAT 8/9,Reading and Writing,82758c92,pdfs/PSAT-8-9/Reading-and-Writing/part-002.pdf,390
PSAT 8/9,Reading and Writing,050d7815,pdfs/PSAT-8-9/Reading-and-Writing/part-002.pdf,391
PSAT 8/9,Reading and Writing,d698ce1a,pdfs/PSAT-8-9/Reading-and-Writing/part-002.pdf,392
PSAT 8/9,Reading and Writing,7ce45291,pdfs/PSAT-8-9/Reading-and-Writing/part-002.pdf,393
PSAT 8/9,Reading and Writing,564eed22,pdfs/PSAT-8-9/Reading-and-Writing/part-002.pdf,394
PSAT 8/9,Reading and Writing,7aa1d302,pdfs/PSAT-8-9/Reading-and-Writing/part-002.pdf,395
PSAT 8/9,Reading and Writing,8d6335c5,pdfs/PSAT-8-9/Reading-and-Writing/part-002.pdf,396
PSAT 8/9,Reading and Writing,84cc8fd7,pdfs/PSAT-8-9/Reading-and-Writing/part-002.pdf,397
PSAT 8/9,Reading and Writing,699c099a,pdfs/PSAT-8-9/Reading-and-Writing/part-002.pdf,398
PSAT 8/9,Reading and Writing,32578cc7,pdfs/PSAT-8-9/Reading-and-Writing/part-002.pdf,399
PSAT 8/9,Reading and Writing,b732b5c5,pdfs/PSAT-8-9/Reading-and-Writing/part-002.pdf,400
PSAT 8/9,Reading and Writing,8c2b7031,pdfs/PSAT-8-9/Reading-and-Writing/part-002.pdf,401
PSAT 8/9,Reading and Writing,4c57450a,pdfs/PSAT-8-9/Reading-and-Writing/part-002.pdf,402
PSAT 8/9,Reading and Writing,a2d8df04,pdfs/PSAT-8-9/Reading-and-Writing/part-002.pdf,403
PSAT 8/9,Reading and Writing,baa09f7b,pdfs/PSAT-8-9/Reading-and-Writing/part-002.pdf,404
PSAT 8/9,Reading and Writing,c78dbf11,pdfs/PSAT-8-9/Reading-and-Writing/part-002.pdf,405
PSAT 8/9,Reading and Writing,a6c45b1d,pdfs/PSAT-8-9/Reading-and-Writing/part-002.pdf,407
PSAT 8/9,Reading and Writing,30776e6c,pdfs/PSAT-8-9/Reading-and-Writing/part-002.pdf,408
PSAT 8/9,Reading and Writing,db2cf30e,pdfs/PSAT-8-9/Reading-and-Writing/part-002.pdf,410
PSAT 8/9,Reading and Writing,9859236f,pdfs/PSAT-8-9/Reading-and-Writing/part-002.pdf,411
PSAT 8/9,Reading and Writing,89f2d981,pdfs/PSAT-8-9/Reading-and-Writing/part-002.pdf,412
PSAT 8/9,Reading and Writing,2104218a,pdfs/PSAT-8-9/Reading-and-Writing/part-002.pdf,413
PSAT 8/9,Reading and Writing,8dad50ee,pdfs/PSAT-8-9/Reading-and-Writing/part-002.pdf,414
PSAT 8/9,Reading and Writing,605cfd5b,pdfs/PSAT-8-9/Reading-and-Writing/part-002.pdf,415
PSAT 8/9,Reading and Writing,e545b111,pdfs/PSAT-8-9/Reading-and-Writing/part-002.pdf,416
PSAT 8/9,Reading and Writing,fb17d540,pdfs/PSAT-8-9/Reading-and-Writing/part-002.pdf,417
PSAT 8/9,Reading and Writing,12a0d62e,pdfs/PSAT-8-9/Reading-and-Writing/part-002.pdf,419
PSAT 8/9,Reading and Writing,674fb15c,pdfs/PSAT-8-9/Reading-and-Writing/part-002.pdf,420
PSAT 8/9,Reading and Writing,ab499620,pdfs/PSAT-8-9/Reading-and-Writing/part-002.pdf,421
PSAT 8/9,Reading and Writing,7efe3148,pdfs/PSAT-8-9/Reading-and-Writing/part-002.pdf,422
PSAT 8/9,Reading and Writing,898ccd6c,pdfs/PSAT-8-9/Reading-and-Writing/part-002.pdf,423
PSAT 8/9,Reading and Writing,e9798f2b,pdfs/PSAT-8-9/Reading-and-Writing/part-002.pdf,424
PSAT 8/9,Reading and Writing,fc0b31c2,pdfs/PSAT-8-9/Reading-and-Writing/part-002.pdf,425
PSAT 8/9,Reading and Writing,d37ee37a,pdfs/PSAT-8-9/Reading-and-Writing/part-002.pdf,426
PSAT 8/9,Reading and Writing,15074829,pdfs/PSAT-8-9/Reading-and-Writing/part-002.pdf,427
PSAT 8/9,Reading and Writing,1445de2f,pdfs/PSAT-8-9/Reading-and-Writing/part-002.pdf,428
PSAT 8/9,Reading and Writing,95d55b5e,pdfs/PSAT-8-9/Reading-and-Writing/part-003.pdf,1
PSAT 8/9,Reading and Writing,a9a0d18c,pdfs/PSAT-8-9/Reading-and-Writing/part-003.pdf,2
PSAT 8/9,Reading and Writing,c8067a78,pdfs/PSAT-8-9/Reading-and-Writing/part-003.pdf,3
PSAT 8/9,Reading and Writing,6def38b7,pdfs/PSAT-8-9/Reading-and-Writing/part-003.pdf,4
PSAT 8/9,Reading and Writing,6e6afe2a,pdfs/PSAT-8-9/Reading-and-Writing/part-003.pdf,5
PSAT 8/9,Reading and Writing,5115604f,pdfs/PSAT-8-9/Reading-and-Writing/part-003.pdf,6
PSAT 8/9,Reading and Writing,8b067259,pdfs/PSAT-8-9/Reading-and-Writing/part-003.pdf,7
PSAT 8/9,Reading and Writing,dd948d66,pdfs/PSAT-8-9/Reading-and-Writing/part-003.pdf,8
PSAT 8/9,Reading and Writing,9633da74,pdfs/PSAT-8-9/Reading-and-Writing/part-003.pdf,9
PSAT 8/9,Reading and Writing,580d388e,pdfs/PSAT-8-9/Reading-and-Writing/part-003.pdf,10
PSAT 8/9,Reading and Writing,82a776bf,pdfs/PSAT-8-9/Reading-and-Writing/part-003.pdf,11
PSAT 8/9,Reading and Writing,a89546ba,pdfs/PSAT-8-9/Reading-and-Writing/part-003.pdf,12
PSAT 8/9,Reading and Writing,628b96b0,pdfs/PSAT-8-9/Reading-and-Writing/part-003.pdf,13
PSAT 8/9,Reading and Writing,599d4b78,pdfs/PSAT-8-9/Reading-and-Writing/part-003.pdf,14
PSAT 8/9,Reading and Writing,5cb1e7d4,pdfs/PSAT-8-9/Reading-and-Writing/part-003.pdf,15
PSAT 8/9,Reading and Writing,4ad97c39,pdfs/PSAT-8-9/Reading-and-Writing/part-003.pdf,16
PSAT 8/9,Reading and Writing,8206e49d,pdfs/PSAT-8-9/Reading-and-Writing/part-003.pdf,17
PSAT 8/9,Reading and Writing,8eee5edb,pdfs/PSAT-8-9/Reading-and-Writing/part-003.pdf,18
PSAT 8/9,Reading and Writing,c0f1438a,pdfs/PSAT-8-9/Reading-and-Writing/part-003.pdf,19
PSAT 8/9,Reading and Writing,da12a78d,pdfs/PSAT-8-9/Reading-and-Writing/part-003.pdf,20
PSAT 8/9,Reading and Writing,58cf7eb7,pdfs/PSAT-8-9/Reading-and-Writing/part-003.pdf,21
PSAT 8/9,Reading and Writing,6c77a3d6,pdfs/PSAT-8-9/Reading-and-Writing/part-003.pdf,22
PSAT 8/9,Reading and Writing,996f4201,pdfs/PSAT-8-9/Reading-and-Writing/part-003.pdf,23
PSAT 8/9,Reading and Writing,251db750,pdfs/PSAT-8-9/Reading-and-Writing/part-003.pdf,24
PSAT 8/9,Reading and Writing,7b826f21,pdfs/PSAT-8-9/Reading-and-Writing/part-003.pdf,25
PSAT 8/9,Reading and Writing,bc3c94ce,pdfs/PSAT-8-9/Reading-and-Writing/part-003.pdf,26
PSAT 8/9,Reading and Writing,5396a3ca,pdfs/PSAT-8-9/Reading-and-Writing/part-003.pdf,27
PSAT 8/9,Reading and Writing,194dc42e,pdfs/PSAT-8-9/Reading-and-Writing/part-003.pdf,28
PSAT 8/9,Reading and Writing,c8b9ecca,pdfs/PSAT-8-9/Reading-and-Writing/part-003.pdf,29
PSAT 8/9,Reading and Writing,dbf8a46d,pdfs/PSAT-8-9/Reading-and-Writing/part-003.pdf,30
PSAT 8/9,Reading and Writing,9f4e801c,pdfs/PSAT-8-9/Reading-and-Writing/part-003.pdf,31
PSAT 8/9,Reading and Writing,da35d62d,pdfs/PSAT-8-9/Reading-and-Writing/part-003.pdf,32
PSAT 8/9,Reading and Writing,fd32b058,pdfs/PSAT-8-9/Reading-and-Writing/part-003.pdf,33
PSAT 8/9,Reading and Writing,42bb4565,pdfs/PSAT-8-9/Reading-and-Writing/part-003.pdf,34
PSAT 8/9,Reading and Writing,4ea3ed70,pdfs/PSAT-8-9/Reading-and-Writing/part-003.pdf,35
PSAT 8/9,Reading and Writing,61ac22f2,pdfs/PSAT-8-9/Reading-and-Writing/part-003.pdf,36
PSAT 8/9,Reading and Writing,32883119,pdfs/PSAT-8-9/Reading-and-Writing/part-003.pdf,37
PSAT 8/9,Reading and Writing,1dfa3232,pdfs/PSAT-8-9/Reading-and-Writing/part-003.pdf,38
PSAT 8/9,Reading and Writing,0baaf1d7,pdfs/PSAT-8-9/Reading-and-Writing/part-003.pdf,39
PSAT 8/9,Reading and Writing,96fa19ad,pdfs/PSAT-8-9/Reading-and-Writing/part-003.pdf,40
PSAT 8/9,Reading and Writing,bf403f2f,pdfs/PSAT-8-9/Reading-and-Writing/part-003.pdf,41
PSAT 8/9,Reading and Writing,166d6014,pdfs/PSAT-8-9/Reading-and-Writing/part-003.pdf,42
PSAT 8/9,Reading and Writing,7eaa4a96,pdfs/PSAT-8-9/Reading-and-Writing/part-003.pdf,43
PSAT 8/9,Reading and Writing,68ccdf85,pdfs/PSAT-8-9/Reading-and-Writing/part-003.pdf,44
PSAT 8/9,Reading and Writing,967a29a9,pdfs/PSAT-8-9/Reading-and-Writing/part-003.pdf,45
PSAT 8/9,Reading and Writing,043363d1,pdfs/PSAT-8-9/Reading-and-Writing/part-003.pdf,46
PSAT 8/9,Reading and Writing,b6306a5e,pdfs/PSAT-8-9/Reading-and-Writing/part-003.pdf,47
PSAT 8/9,Reading and Writing,a114df19,pdfs/PSAT-8-9/Reading-and-Writing/part-003.pdf,48
PSAT 8/9,Reading and Writing,f0d0cf2d,pdfs/PSAT-8-9/Reading-and-Writing/part-003.pdf,49
PSAT 8/9,Reading and Writing,a6ee8d2f,pdfs/PSAT-8-9/Reading-and-Writing/part-003.pdf,50
PSAT 8/9,Reading and Writing,9a0425b7,pdfs/PSAT-8-9/Reading-and-Writing/part-003.pdf,51
PSAT 8/9,Reading and Writing,3b1a3296,pdfs/PSAT-8-9/Reading-and-Writing/part-003.pdf,52
PSAT 8/9,Reading and Writing,d4ff86d3,pdfs/PSAT-8-9/Reading-and-Writing/part-003.pdf,53
PSAT 8/9,Reading and Writing,5d05716d,pdfs/PSAT-8-9/Reading-and-Writing/part-003.pdf,54
PSAT 8/9,Reading and Writing,8ff24395,pdfs/PSAT-8-9/Reading-and-Writing/part-003.pdf,55
PSAT 8/9,Reading and Writing,53c76019,pdfs/PSAT-8-9/Reading-and-Writing/part-003.pdf,56
PSAT 8/9,Reading and Writing,7346021a,pdfs/PSAT-8-9/Reading-and-Writing/part-003.pdf,57
PSAT 8/9,Reading and Writing,4d47fc5f,pdfs/PSAT-8-9/Reading-and-Writing/part-003.pdf,58
PSAT 8/9,Reading and Writing,89a0231a,pdfs/PSAT-8-9/Reading-and-Writing/part-003.pdf,59
PSAT 8/9,Reading and Writing,4ff12b26,pdfs/PSAT-8-9/Reading-and-Writing/part-003.pdf,60
PSAT 8/9,Reading and Writing,faade400,pdfs/PSAT-8-9/Reading-and-Writing/part-003.pdf,61
PSAT 8/9,Reading and Writing,c6e4ba56,pdfs/PSAT-8-9/Reading-and-Writing/part-003.pdf,62
PSAT 8/9,Reading and Writing,037ca0e3,pdfs/PSAT-8-9/Reading-and-Writing/part-003.pdf,63
PSAT 8/9,Reading and Writing,2d55ff47,pdfs/PSAT-8-9/Reading-and-Writing/part-003.pdf,64
PSAT 8/9,Reading and Writing,ea42434e,pdfs/PSAT-8-9/Reading-and-Writing/part-003.pdf,65
PSAT 8/9,Reading and Writing,9d8d3faf,pdfs/PSAT-8-9/Reading-and-Writing/part-003.pdf,66
PSAT 8/9,Reading and Writing,36246bab,pdfs/PSAT-8-9/Reading-and-Writing/part-003.pdf,67
PSAT 8/9,Reading and Writing,051d72be,pdfs/PSAT-8-9/Reading-and-Writing/part-003.pdf,68
PSAT 8/9,Reading and Writing,fedee38c,pdfs/PSAT-8-9/Reading-and-Writing/part-003.pdf,69
PSAT 8/9,Reading and Writing,d9205318,pdfs/PSAT-8-9/Reading-and-Writing/part-003.pdf,70
PSAT 8/9,Reading and Writing,193ddea0,pdfs/PSAT-8-9/Reading-and-Writing/part-003.pdf,71
PSAT 8/9,Reading and Writing,7998753e,pdfs/PSAT-8-9/Reading-and-Writing/part-003.pdf,72
PSAT 8/9,Reading and Writing,009a72f5,pdfs/PSAT-8-9/Reading-and-Writing/part-003.pdf,73
PSAT 8/9,Reading and Writing,931d2369,pdfs/PSAT-8-9/Reading-and-Writing/part-003.pdf,74
PSAT 8/9,Reading and Writing,ab8a202a,pdfs/PSAT-8-9/Reading-and-Writing/part-003.pdf,75
PSAT 8/9,Reading and Writing,4079ff52,pdfs/PSAT-8-9/Reading-and-Writing/part-003.pdf,76
PSAT 8/9,Reading and Writing,5b38c32e,pdfs/PSAT-8-9/Reading-and-Writing/part-003.pdf,77
PSAT 8/9,Reading and Writing,18c56832,pdfs/PSAT-8-9/Reading-and-Writing/part-003.pdf,78
PSAT 8/9,Reading and Writing,cc008fe3,pdfs/PSAT-8-9/Reading-and-Writing/part-003.pdf,79
PSAT 8/9,Reading and Writing,7d368634,pdfs/PSAT-8-9/Reading-and-Writing/part-003.pdf,80
PSAT 8/9,Reading and Writing,b78350ca,pdfs/PSAT-8-9/Reading-and-Writing/part-003.pdf,81
PSAT 8/9,Reading and Writing,50fcd5b9,pdfs/PSAT-8-9/Reading-and-Writing/part-003.pdf,82
PSAT 8/9,Reading and Writing,b81aa0f6,pdfs/PSAT-8-9/Reading-and-Writing/part-003.pdf,83
PSAT 8/9,Reading and Writing,9a44588c,pdfs/PSAT-8-9/Reading-and-Writing/part-003.pdf,84
PSAT 8/9,Reading and Writing,5e13f4d2,pdfs/PSAT-8-9/Reading-and-Writing/part-003.pdf,85
PSAT 8/9,Reading and Writing,167ae50b,pdfs/PSAT-8-9/Reading-and-Writing/part-003.pdf,86
PSAT 8/9,Reading and Writing,1677b506,pdfs/PSAT-8-9/Reading-and-Writing/part-003.pdf,87
PSAT 8/9,Reading and Writing,496aaf68,pdfs/PSAT-8-9/Reading-and-Writing/part-003.pdf,88
PSAT 8/9,Reading and Writing,7bf4fe1b,pdfs/PSAT-8-9/Reading-and-Writing/part-003.pdf,89
PSAT 8/9,Reading and Writing,4b4a5906,pdfs/PSAT-8-9/Reading-and-Writing/part-003.pdf,90
PSAT 8/9,Reading and Writing,7ffce84a,pdfs/PSAT-8-9/Reading-and-Writing/part-003.pdf,91
PSAT 8/9,Reading and Writing,25e55fc4,pdfs/PSAT-8-9/Reading-and-Writing/part-003.pdf,92
PSAT 8/9,Reading and Writing,7923766b,pdfs/PSAT-8-9/Reading-and-Writing/part-003.pdf,93
PSAT 8/9,Reading and Writing,87f990e1,pdfs/PSAT-8-9/Reading-and-Writing/part-003.pdf,94
PSAT 8/9,Reading and Writing,cc287ac8,pdfs/PSAT-8-9/Reading-and-Writing/part-003.pdf,95
PSAT 8/9,Reading and Writing,4d8edd97,pdfs/PSAT-8-9/Reading-and-Writing/part-003.pdf,96
PSAT 8/9,Reading and Writing,448aaa20,pdfs/PSAT-8-9/Reading-and-Writing/part-003.pdf,97
PSAT 8/9,Reading and Writing,12ab2a67,pdfs/PSAT-8-9/Reading-and-Writing/part-003.pdf,98
PSAT 8/9,Reading and Writing,683b2dbf,pdfs/PSAT-8-9/Reading-and-Writing/part-003.pdf,99
PSAT 8/9,Reading and Writing,d561db9c,pdfs/PSAT-8-9/Reading-and-Writing/part-003.pdf,100
PSAT 8/9,Reading and Writing,54ac9e43,pdfs/PSAT-8-9/Reading-and-Writing/part-003.pdf,101
PSAT 8/9,Reading and Writing,aef7d442,pdfs/PSAT-8-9/Reading-and-Writing/part-003.pdf,102
PSAT 8/9,Reading and Writing,491d1285,pdfs/PSAT-8-9/Reading-and-Writing/part-003.pdf,103
PSAT 8/9,Reading and Writing,bdda483b,pdfs/PSAT-8-9/Reading-and-Writing/part-003.pdf,104
PSAT 8/9,Reading and Writing,1b99a0a6,pdfs/PSAT-8-9/Reading-and-Writing/part-003.pdf,105
PSAT 8/9,Reading and Writing,1f453601,pdfs/PSAT-8-9/Reading-and-Writing/part-003.pdf,106
PSAT 8/9,Reading and Writing,7a5b5a77,pdfs/PSAT-8-9/Reading-and-Writing/part-003.pdf,107
PSAT 8/9,Reading and Writing,b2264882,pdfs/PSAT-8-9/Reading-and-Writing/part-003.pdf,108
PSAT 8/9,Reading and Writing,6f2477d9,pdfs/PSAT-8-9/Reading-and-Writing/part-003.pdf,109
PSAT 8/9,Reading and Writing,c04fe47d,pdfs/PSAT-8-9/Reading-and-Writing/part-003.pdf,110
PSAT 8/9,Reading and Writing,748e3f2e,pdfs/PSAT-8-9/Reading-and-Writing/part-003.pdf,111
PSAT 8/9,Reading and Writing,7e000909,pdfs/PSAT-8-9/Reading-and-Writing/part-003.pdf,112
PSAT 8/9,Reading and Writing,9145aba0,pdfs/PSAT-8-9/Reading-and-Writing/part-003.pdf,113
PSAT 8/9,Reading and Writing,fae59330,pdfs/PSAT-8-9/Reading-and-Writing/part-003.pdf,114
PSAT 8/9,Reading and Writing,9bf4b991,pdfs/PSAT-8-9/Reading-and-Writing/part-003.pdf,115
PSAT 8/9,Reading and Writing,ab7d26a5,pdfs/PSAT-8-9/Reading-and-Writing/part-003.pdf,116
PSAT 8/9,Reading and Writing,a94d75c0,pdfs/PSAT-8-9/Reading-and-Writing/part-003.pdf,117
PSAT 8/9,Reading and Writing,0cb5a197,pdfs/PSAT-8-9/Reading-and-Writing/part-003.pdf,118
PSAT 8/9,Reading and Writing,2f04bd43,pdfs/PSAT-8-9/Reading-and-Writing/part-003.pdf,119
PSAT 8/9,Reading and Writing,a791fa67,pdfs/PSAT-8-9/Reading-and-Writing/part-003.pdf,120
PSAT 8/9,Reading and Writing,53c9ecdf,pdfs/PSAT-8-9/Reading-and-Writing/part-003.pdf,121
PSAT 8/9,Reading and Writing,2bc0713c,pdfs/PSAT-8-9/Reading-and-Writing/part-003.pdf,122
PSAT 8/9,Reading and Writing,3e5774e7,pdfs/PSAT-8-9/Reading-and-Writing/part-003.pdf,123
PSAT 8/9,Reading and Writing,1b98a383,pdfs/PSAT-8-9/Reading-and-Writing/part-003.pdf,124
PSAT 8/9,Reading and Writing,5d88e5fd,pdfs/PSAT-8-9/Reading-and-Writing/part-003.pdf,125
PSAT 8/9,Reading and Writing,c28b909d,pdfs/PSAT-8-9/Reading-and-Writing/part-003.pdf,126
PSAT 8/9,Reading and Writing,ad0d2096,pdfs/PSAT-8-9/Reading-and-Writing/part-003.pdf,127
PSAT 8/9,Reading and Writing,6e5fe3ab,pdfs/PSAT-8-9/Reading-and-Writing/part-003.pdf,128
PSAT 8/9,Reading and Writing,25daf339,pdfs/PSAT-8-9/Reading-and-Writing/part-003.pdf,129
PSAT 8/9,Reading and Writing,1e1d46f3,pdfs/PSAT-8-9/Reading-and-Writing/part-003.pdf,130
PSAT 8/9,Reading and Writing,76725790,pdfs/PSAT-8-9/Reading-and-Writing/part-003.pdf,131
PSAT 8/9,Reading and Writing,aaeb4c21,pdfs/PSAT-8-9/Reading-and-Writing/part-003.pdf,132
PSAT 8/9,Reading and Writing,69abb48d,pdfs/PSAT-8-9/Reading-and-Writing/part-003.pdf,133
PSAT 8/9,Reading and Writing,eea1643b,pdfs/PSAT-8-9/Reading-and-Writing/part-003.pdf,134
PSAT 8/9,Reading and Writing,3e75bfa7,pdfs/PSAT-8-9/Reading-and-Writing/part-003.pdf,135
PSAT 8/9,Reading and Writing,f0e50576,pdfs/PSAT-8-9/Reading-and-Writing/part-003.pdf,136
PSAT 8/9,Reading and Writing,be177930,pdfs/PSAT-8-9/Reading-and-Writing/part-003.pdf,137
PSAT 8/9,Reading and Writing,afa71e98,pdfs/PSAT-8-9/Reading-and-Writing/part-003.pdf,138
PSAT 8/9,Reading and Writing,f9d26611,pdfs/PSAT-8-9/Reading-and-Writing/part-003.pdf,139
PSAT 8/9,Reading and Writing,45f68419,pdfs/PSAT-8-9/Reading-and-Writing/part-003.pdf,140
PSAT 8/9,Reading and Writing,4f1d77e9,pdfs/PSAT-8-9/Reading-and-Writing/part-003.pdf,141
PSAT 8/9,Reading and Writing,51c09a31,pdfs/PSAT-8-9/Reading-and-Writing/part-003.pdf,142
PSAT 8/9,Reading and Writing,8575ff44,pdfs/PSAT-8-9/Reading-and-Writing/part-003.pdf,143
PSAT 8/9,Reading and Writing,cbdfee59,pdfs/PSAT-8-9/Reading-and-Writing/part-003.pdf,144
PSAT 8/9,Reading and Writing,e114f74e,pdfs/PSAT-8-9/Reading-and-Writing/part-003.pdf,145
PSAT 8/9,Reading and Writing,431143de,pdfs/PSAT-8-9/Reading-and-Writing/part-003.pdf,146
PSAT 8/9,Reading and Writing,412eafc5,pdfs/PSAT-8-9/Reading-and-Writing/part-003.pdf,147
PSAT 8/9,Reading and Writing,ea324360,pdfs/PSAT-8-9/Reading-and-Writing/part-003.pdf,148
PSAT 8/9,Reading and Writing,5e9d0e43,pdfs/PSAT-8-9/Reading-and-Writing/part-003.pdf,149
PSAT 8/9,Reading and Writing,d94990a0,pdfs/PSAT-8-9/Reading-and-Writing/part-003.pdf,150
PSAT 8/9,Reading and Writing,82a40951,pdfs/PSAT-8-9/Reading-and-Writing/part-003.pdf,151
PSAT 8/9,Reading and Writing,76381e8b,pdfs/PSAT-8-9/Reading-and-Writing/part-003.pdf,152
PSAT 8/9,Reading and Writing,662360e6,pdfs/PSAT-8-9/Reading-and-Writing/part-003.pdf,153
PSAT 8/9,Reading and Writing,2d3ec1e9,pdfs/PSAT-8-9/Reading-and-Writing/part-003.pdf,154
PSAT 8/9,Reading and Writing,028844fd,pdfs/PSAT-8-9/Reading-and-Writing/part-003.pdf,155
PSAT 8/9,Reading and Writing,9eff0920,pdfs/PSAT-8-9/Reading-and-Writing/part-003.pdf,156
PSAT 8/9,Reading and Writing,8f0226dc,pdfs/PSAT-8-9/Reading-and-Writing/part-003.pdf,157
PSAT 8/9,Reading and Writing,1f84824e,pdfs/PSAT-8-9/Reading-and-Writing/part-003.pdf,158
PSAT 8/9,Reading and Writing,e45736e2,pdfs/PSAT-8-9/Reading-and-Writing/part-003.pdf,159
PSAT 8/9,Reading and Writing,814aa8bf,pdfs/PSAT-8-9/Reading-and-Writing/part-003.pdf,160
PSAT 8/9,Reading and Writing,ad601e7d,pdfs/PSAT-8-9/Reading-and-Writing/part-003.pdf,161
PSAT 8/9,Reading and Writing,078a7e74,pdfs/PSAT-8-9/Reading-and-Writing/part-003.pdf,162
PSAT 8/9,Reading and Writing,dd5ab42d,pdfs/PSAT-8-9/Reading-and-Writing/part-003.pdf,163
PSAT 8/9,Reading and Writing,c1d07bd0,pdfs/PSAT-8-9/Reading-and-Writing/part-003.pdf,164
PSAT 8/9,Reading and Writing,d901c7a6,pdfs/PSAT-8-9/Reading-and-Writing/part-003.pdf,165
PSAT 8/9,Reading and Writing,49c962ea,pdfs/PSAT-8-9/Reading-and-Writing/part-003.pdf,166
PSAT 8/9,Reading and Writing,a4030a18,pdfs/PSAT-8-9/Reading-and-Writing/part-003.pdf,167
PSAT 8/9,Reading and Writing,0fb07252,pdfs/PSAT-8-9/Reading-and-Writing/part-003.pdf,168
PSAT 8/9,Reading and Writing,cf02a863,pdfs/PSAT-8-9/Reading-and-Writing/part-003.pdf,169
PSAT 8/9,Reading and Writing,aa12ee61,pdfs/PSAT-8-9/Reading-and-Writing/part-003.pdf,170
PSAT 8/9,Reading and Writing,6abfe163,pdfs/PSAT-8-9/Reading-and-Writing/part-003.pdf,171
PSAT 8/9,Reading and Writing,29dd7b26,pdfs/PSAT-8-9/Reading-and-Writing/part-003.pdf,172
PSAT 8/9,Reading and Writing,e78b5766,pdfs/PSAT-8-9/Reading-and-Writing/part-003.pdf,173
PSAT 8/9,Reading and Writing,8db6e7c3,pdfs/PSAT-8-9/Reading-and-Writing/part-003.pdf,174
PSAT 8/9,Reading and Writing,82b8b285,pdfs/PSAT-8-9/Reading-and-Writing/part-003.pdf,175
PSAT 8/9,Reading and Writing,4fb9ac8c,pdfs/PSAT-8-9/Reading-and-Writing/part-003.pdf,176
PSAT 8/9,Reading and Writing,ad25cb1e,pdfs/PSAT-8-9/Reading-and-Writing/part-003.pdf,177
PSAT 8/9,Reading and Writing,b6c72ae9,pdfs/PSAT-8-9/Reading-and-Writing/part-003.pdf,178
PSAT 8/9,Reading and Writing,5b6e17e6,pdfs/PSAT-8-9/Reading-and-Writing/part-003.pdf,179
PSAT 8/9,Reading and Writing,740ada1b,pdfs/PSAT-8-9/Reading-and-Writing/part-003.pdf,180
PSAT 8/9,Reading and Writing,58206c1e,pdfs/PSAT-8-9/Reading-and-Writing/part-003.pdf,181
PSAT 8/9,Reading and Writing,3584cb21,pdfs/PSAT-8-9/Reading-and-Writing/part-003.pdf,182
PSAT 8/9,Reading and Writing,2b47c666,pdfs/PSAT-8-9/Reading-and-Writing/part-003.pdf,183
PSAT 8/9,Reading and Writing,6ab314a3,pdfs/PSAT-8-9/Reading-and-Writing/part-003.pdf,184
PSAT 8/9,Reading and Writing,580e15fe,pdfs/PSAT-8-9/Reading-and-Writing/part-003.pdf,185
PSAT 8/9,Reading and Writing,2f6fbe2e,pdfs/PSAT-8-9/Reading-and-Writing/part-003.pdf,186
PSAT 8/9,Reading and Writing,12439831,pdfs/PSAT-8-9/Reading-and-Writing/part-003.pdf,187
PSAT 8/9,Reading and Writing,570a6ec3,pdfs/PSAT-8-9/Reading-and-Writing/part-003.pdf,188
PSAT 8/9,Reading and Writing,69fe25bc,pdfs/PSAT-8-9/Reading-and-Writing/part-003.pdf,189
PSAT 8/9,Reading and Writing,6814d8d3,pdfs/PSAT-8-9/Reading-and-Writing/part-003.pdf,190
PSAT 8/9,Reading and Writing,a56d3859,pdfs/PSAT-8-9/Reading-and-Writing/part-003.pdf,191
PSAT 8/9,Reading and Writing,157ce8f7,pdfs/PSAT-8-9/Reading-and-Writing/part-003.pdf,192
PSAT 8/9,Reading and Writing,010700f7,pdfs/PSAT-8-9/Reading-and-Writing/part-003.pdf,193
PSAT 8/9,Reading and Writing,34729f1e,pdfs/PSAT-8-9/Reading-and-Writing/part-003.pdf,194
PSAT 8/9,Reading and Writing,be1e6beb,pdfs/PSAT-8-9/Reading-and-Writing/part-003.pdf,195
PSAT 8/9,Reading and Writing,0db6a123,pdfs/PSAT-8-9/Reading-and-Writing/part-003.pdf,196
PSAT 8/9,Reading and Writing,ebf8e973,pdfs/PSAT-8-9/Reading-and-Writing/part-003.pdf,197
PSAT 8/9,Reading and Writing,014351e5,pdfs/PSAT-8-9/Reading-and-Writing/part-003.pdf,198
PSAT 8/9,Reading and Writing,d314192e,pdfs/PSAT-8-9/Reading-and-Writing/part-003.pdf,199
PSAT 8/9,Reading and Writing,ab9ad985,pdfs/PSAT-8-9/Reading-and-Writing/part-003.pdf,200
PSAT 8/9,Reading and Writing,9c8b4e82,pdfs/PSAT-8-9/Reading-and-Writing/part-003.pdf,201
PSAT 8/9,Reading and Writing,067a9481,pdfs/PSAT-8-9/Reading-and-Writing/part-003.pdf,202
PSAT 8/9,Reading and Writing,d788742f,pdfs/PSAT-8-9/Reading-and-Writing/part-003.pdf,203
PSAT 8/9,Reading and Writing,0742c8a2,pdfs/PSAT-8-9/Reading-and-Writing/part-003.pdf,204
PSAT 8/9,Reading and Writing,0a04e46d,pdfs/PSAT-8-9/Reading-and-Writing/part-003.pdf,205
PSAT 8/9,Reading and Writing,d3b2caa3,pdfs/PSAT-8-9/Reading-and-Writing/part-003.pdf,206
PSAT 8/9,Reading and Writing,0cc66f5e,pdfs/PSAT-8-9/Reading-and-Writing/part-003.pdf,207
PSAT 8/9,Reading and Writing,f1a5da54,pdfs/PSAT-8-9/Reading-and-Writing/part-003.pdf,208
PSAT 8/9,Reading and Writing,9452459b,pdfs/PSAT-8-9/Reading-and-Writing/part-003.pdf,209
PSAT 8/9,Reading and Writing,0fbd6e8f,pdfs/PSAT-8-9/Reading-and-Writing/part-003.pdf,210
PSAT 8/9,Reading and Writing,603e0856,pdfs/PSAT-8-9/Reading-and-Writing/part-003.pdf,211
PSAT 8/9,Reading and Writing,99de7e8a,pdfs/PSAT-8-9/Reading-and-Writing/part-003.pdf,212
PSAT 8/9,Reading and Writing,9d16b37f,pdfs/PSAT-8-9/Reading-and-Writing/part-003.pdf,213
PSAT 8/9,Reading and Writing,a8475995,pdfs/PSAT-8-9/Reading-and-Writing/part-003.pdf,214
PSAT 8/9,Reading and Writing,332ee132,pdfs/PSAT-8-9/Reading-and-Writing/part-003.pdf,215
PSAT 8/9,Reading and Writing,ebdb4c1d,pdfs/PSAT-8-9/Reading-and-Writing/part-003.pdf,216
PSAT 8/9,Reading and Writing,194c40a2,pdfs/PSAT-8-9/Reading-and-Writing/part-003.pdf,217
PSAT 8/9,Reading and Writing,eb644079,pdfs/PSAT-8-9/Reading-and-Writing/part-003.pdf,218
PSAT 8/9,Reading and Writing,1a14d167,pdfs/PSAT-8-9/Reading-and-Writing/part-003.pdf,219
PSAT 8/9,Reading and Writing,e4b051ed,pdfs/PSAT-8-9/Reading-and-Writing/part-003.pdf,220
PSAT 8/9,Reading and Writing,037b899b,pdfs/PSAT-8-9/Reading-and-Writing/part-003.pdf,221
PSAT 8/9,Reading and Writing,607fe98c,pdfs/PSAT-8-9/Reading-and-Writing/part-003.pdf,222
PSAT 8/9,Reading and Writing,58fdc0ba,pdfs/PSAT-8-9/Reading-and-Writing/part-003.pdf,223
PSAT 8/9,Reading and Writing,bbe0c83e,pdfs/PSAT-8-9/Reading-and-Writing/part-003.pdf,224
PSAT 8/9,Reading and Writing,0e378917,pdfs/PSAT-8-9/Reading-and-Writing/part-003.pdf,225
PSAT 8/9,Reading and Writing,aa76c2b1,pdfs/PSAT-8-9/Reading-and-Writing/part-003.pdf,226
PSAT 8/9,Reading and Writing,d4a1f75e,pdfs/PSAT-8-9/Reading-and-Writing/part-003.pdf,227
PSAT 8/9,Reading and Writing,71148dc9,pdfs/PSAT-8-9/Reading-and-Writing/part-003.pdf,228
PSAT 8/9,Reading and Writing,e7f58d8c,pdfs/PSAT-8-9/Reading-and-Writing/part-003.pdf,229
PSAT 8/9,Reading and Writing,a5fc475f,pdfs/PSAT-8-9/Reading-and-Writing/part-003.pdf,230
PSAT 8/9,Reading and Writing,7dbc659d,pdfs/PSAT-8-9/Reading-and-Writing/part-003.pdf,231
PSAT 8/9,Reading and Writing,a786eff7,pdfs/PSAT-8-9/Reading-and-Writing/part-003.pdf,232
PSAT 8/9,Reading and Writing,02378a66,pdfs/PSAT-8-9/Reading-and-Writing/part-003.pdf,233
PSAT 8/9,Reading and Writing,a2e785ec,pdfs/PSAT-8-9/Reading-and-Writing/part-003.pdf,234
PSAT 8/9,Reading and Writing,df4ccc47,pdfs/PSAT-8-9/Reading-and-Writing/part-003.pdf,235
PSAT 8/9,Reading and Writing,f5141f88,pdfs/PSAT-8-9/Reading-and-Writing/part-003.pdf,236
PSAT 8/9,Reading and Writing,b82bb6cb,pdfs/PSAT-8-9/Reading-and-Writing/part-003.pdf,237
PSAT 8/9,Reading and Writing,c4502008,pdfs/PSAT-8-9/Reading-and-Writing/part-003.pdf,238
PSAT 8/9,Reading and Writing,d8635251,pdfs/PSAT-8-9/Reading-and-Writing/part-003.pdf,239
PSAT 8/9,Reading and Writing,b6a475b5,pdfs/PSAT-8-9/Reading-and-Writing/part-003.pdf,240
PSAT 8/9,Reading and Writing,1fcc4e8c,pdfs/PSAT-8-9/Reading-and-Writing/part-003.pdf,241
PSAT 8/9,Reading and Writing,8dcc0b25,pdfs/PSAT-8-9/Reading-and-Writing/part-003.pdf,242
PSAT 8/9,Reading and Writing,9dde6e48,pdfs/PSAT-8-9/Reading-and-Writing/part-003.pdf,243
PSAT 8/9,Reading and Writing,2d452923,pdfs/PSAT-8-9/Reading-and-Writing/part-003.pdf,244
PSAT 8/9,Reading and Writing,27d79d34,pdfs/PSAT-8-9/Reading-and-Writing/part-003.pdf,245
PSAT 8/9,Reading and Writing,47325c98,pdfs/PSAT-8-9/Reading-and-Writing/part-003.pdf,246
PSAT 8/9,Reading and Writing,c0419007,pdfs/PSAT-8-9/Reading-and-Writing/part-003.pdf,247
PSAT 8/9,Reading and Writing,a475bccb,pdfs/PSAT-8-9/Reading-and-Writing/part-003.pdf,248
PSAT 8/9,Reading and Writing,5610e5b7,pdfs/PSAT-8-9/Reading-and-Writing/part-003.pdf,249
PSAT 8/9,Reading and Writing,21f22d7c,pdfs/PSAT-8-9/Reading-and-Writing/part-003.pdf,250
PSAT 8/9,Reading and Writing,a7c3687c,pdfs/PSAT-8-9/Reading-and-Writing/part-003.pdf,251
PSAT 8/9,Reading and Writing,7e686e27,pdfs/PSAT-8-9/Reading-and-Writing/part-003.pdf,252
PSAT 8/9,Reading and Writing,657798d3,pdfs/PSAT-8-9/Reading-and-Writing/part-003.pdf,253
PSAT 8/9,Reading and Writing,9fa15f61,pdfs/PSAT-8-9/Reading-and-Writing/part-003.pdf,254
PSAT 8/9,Reading and Writing,3b00185b,pdfs/PSAT-8-9/Reading-and-Writing/part-003.pdf,255
PSAT 8/9,Reading and Writing,f80c991d,pdfs/PSAT-8-9/Reading-and-Writing/part-003.pdf,256
PSAT 8/9,Reading and Writing,da3cd023,pdfs/PSAT-8-9/Reading-and-Writing/part-003.pdf,257
PSAT 8/9,Reading and Writing,14fce898,pdfs/PSAT-8-9/Reading-and-Writing/part-003.pdf,258
PSAT 8/9,Reading and Writing,41d5b4bd,pdfs/PSAT-8-9/Reading-and-Writing/part-003.pdf,259
PSAT 8/9,Reading and Writing,99cf0913,pdfs/PSAT-8-9/Reading-and-Writing/part-003.pdf,260
PSAT 8/9,Reading and Writing,eec4c1f9,pdfs/PSAT-8-9/Reading-and-Writing/part-003.pdf,261
PSAT 8/9,Reading and Writing,fa018802,pdfs/PSAT-8-9/Reading-and-Writing/part-003.pdf,262
PSAT 8/9,Reading and Writing,53916232,pdfs/PSAT-8-9/Reading-and-Writing/part-003.pdf,263
PSAT 8/9,Reading and Writing,4fec02dc,pdfs/PSAT-8-9/Reading-and-Writing/part-003.pdf,264
PSAT 8/9,Reading and Writing,e3e8610d,pdfs/PSAT-8-9/Reading-and-Writing/part-003.pdf,265
PSAT 8/9,Reading and Writing,94b693ee,pdfs/PSAT-8-9/Reading-and-Writing/part-003.pdf,266
PSAT 8/9,Reading and Writing,8aded476,pdfs/PSAT-8-9/Reading-and-Writing/part-003.pdf,267
PSAT 8/9,Reading and Writing,264c25de,pdfs/PSAT-8-9/Reading-and-Writing/part-003.pdf,268
PSAT 8/9,Reading and Writing,6cd6dd11,pdfs/PSAT-8-9/Reading-and-Writing/part-003.pdf,269
PSAT 8/9,Reading and Writing,2eb90dfa,pdfs/PSAT-8-9/Reading-and-Writing/part-003.pdf,270
PSAT 8/9,Reading and Writing,d2a4946d,pdfs/PSAT-8-9/Reading-and-Writing/part-003.pdf,271
PSAT 8/9,Reading and Writing,f50aa28b,pdfs/PSAT-8-9/Reading-and-Writing/part-003.pdf,272
PSAT 8/9,Reading and Writing,3a0a01f3,pdfs/PSAT-8-9/Reading-and-Writing/part-003.pdf,273
PSAT 8/9,Reading and Writing,d2258b10,pdfs/PSAT-8-9/Reading-and-Writing/part-003.pdf,274
PSAT 8/9,Reading and Writing,04f591d1,pdfs/PSAT-8-9/Reading-and-Writing/part-003.pdf,275
PSAT 8/9,Reading and Writing,8b652043,pdfs/PSAT-8-9/Reading-and-Writing/part-003.pdf,276
PSAT 8/9,Reading and Writing,2b8d7931,pdfs/PSAT-8-9/Reading-and-Writing/part-003.pdf,277
PSAT 8/9,Reading and Writing,fa9fb43d,pdfs/PSAT-8-9/Reading-and-Writing/part-003.pdf,278
PSAT 8/9,Reading and Writing,6c5e67c3,pdfs/PSAT-8-9/Reading-and-Writing/part-003.pdf,279
PSAT 8/9,Reading and Writing,96c272d7,pdfs/PSAT-8-9/Reading-and-Writing/part-003.pdf,280
PSAT 8/9,Reading and Writing,8c1f7e00,pdfs/PSAT-8-9/Reading-and-Writing/part-003.pdf,281
PSAT 8/9,Reading and Writing,81bac0bb,pdfs/PSAT-8-9/Reading-and-Writing/part-003.pdf,282
PSAT 8/9,Reading and Writing,b7edf76c,pdfs/PSAT-8-9/Reading-and-Writing/part-003.pdf,283
PSAT 8/9,Reading and Writing,ccda3d4a,pdfs/PSAT-8-9/Reading-and-Writing/part-003.pdf,284
PSAT 8/9,Reading and Writing,b1a13170,pdfs/PSAT-8-9/Reading-and-Writing/part-003.pdf,285
PSAT 8/9,Reading and Writing,b2934aaa,pdfs/PSAT-8-9/Reading-and-Writing/part-003.pdf,286
PSAT 8/9,Reading and Writing,0027950d,pdfs/PSAT-8-9/Reading-and-Writing/part-003.pdf,287
PSAT 8/9,Reading and Writing,7bf0ea16,pdfs/PSAT-8-9/Reading-and-Writing/part-003.pdf,288
PSAT 8/9,Reading and Writing,92c4be04,pdfs/PSAT-8-9/Reading-and-Writing/part-003.pdf,289
PSAT 8/9,Reading and Writing,7c1e4d4a,pdfs/PSAT-8-9/Reading-and-Writing/part-003.pdf,290
PSAT 8/9,Reading and Writing,be518140,pdfs/PSAT-8-9/Reading-and-Writing/part-003.pdf,291
PSAT 8/9,Reading and Writing,adb959d5,pdfs/PSAT-8-9/Reading-and-Writing/part-003.pdf,292
PSAT 8/9,Reading and Writing,a94656d3,pdfs/PSAT-8-9/Reading-and-Writing/part-003.pdf,293
PSAT 8/9,Reading and Writing,4c3f4c09,pdfs/PSAT-8-9/Reading-and-Writing/part-003.pdf,294
PSAT 8/9,Reading and Writing,f4bc679e,pdfs/PSAT-8-9/Reading-and-Writing/part-003.pdf,295
PSAT 8/9,Reading and Writing,673b554a,pdfs/PSAT-8-9/Reading-and-Writing/part-003.pdf,296
PSAT 8/9,Reading and Writing,ac6f761c,pdfs/PSAT-8-9/Reading-and-Writing/part-003.pdf,297
PSAT 8/9,Reading and Writing,97204b3c,pdfs/PSAT-8-9/Reading-and-Writing/part-003.pdf,298
PSAT 8/9,Reading and Writing,6b02deb3,pdfs/PSAT-8-9/Reading-and-Writing/part-003.pdf,299
PSAT 8/9,Reading and Writing,7f601ae8,pdfs/PSAT-8-9/Reading-and-Writing/part-003.pdf,300
PSAT 8/9,Reading and Writing,ab8772c3,pdfs/PSAT-8-9/Reading-and-Writing/part-003.pdf,301
PSAT 8/9,Reading and Writing,b1f49a2d,pdfs/PSAT-8-9/Reading-and-Writing/part-003.pdf,302
PSAT 8/9,Reading and Writing,40de026c,pdfs/PSAT-8-9/Reading-and-Writing/part-003.pdf,303
PSAT 8/9,Reading and Writing,ec354f18,pdfs/PSAT-8-9/Reading-and-Writing/part-003.pdf,304
PSAT 8/9,Reading and Writing,3d40f760,pdfs/PSAT-8-9/Reading-and-Writing/part-003.pdf,305
PSAT 8/9,Reading and Writing,0c4db43b,pdfs/PSAT-8-9/Reading-and-Writing/part-003.pdf,306
PSAT 8/9,Reading and Writing,c6247ece,pdfs/PSAT-8-9/Reading-and-Writing/part-003.pdf,307
PSAT 8/9,Reading and Writing,3942e51f,pdfs/PSAT-8-9/Reading-and-Writing/part-003.pdf,308
PSAT 8/9,Reading and Writing,7c723cb3,pdfs/PSAT-8-9/Reading-and-Writing/part-003.pdf,309
PSAT 8/9,Reading and Writing,a10c5758,pdfs/PSAT-8-9/Reading-and-Writing/part-003.pdf,310
PSAT 8/9,Reading and Writing,5c04cd87,pdfs/PSAT-8-9/Reading-and-Writing/part-003.pdf,311
PSAT 8/9,Reading and Writing,4a140905,pdfs/PSAT-8-9/Reading-and-Writing/part-003.pdf,312
PSAT 8/9,Reading and Writing,8c4106fc,pdfs/PSAT-8-9/Reading-and-Writing/part-003.pdf,313
PSAT 8/9,Reading and Writing,fd93be87,pdfs/PSAT-8-9/Reading-and-Writing/part-003.pdf,314
PSAT 8/9,Reading and Writing,8056b5f8,pdfs/PSAT-8-9/Reading-and-Writing/part-003.pdf,315
PSAT 8/9,Reading and Writing,114adcdc,pdfs/PSAT-8-9/Reading-and-Writing/part-003.pdf,316
PSAT 8/9,Reading and Writing,3fff5a77,pdfs/PSAT-8-9/Reading-and-Writing/part-003.pdf,317
PSAT 8/9,Reading and Writing,c6763188,pdfs/PSAT-8-9/Reading-and-Writing/part-003.pdf,318
PSAT 8/9,Reading and Writing,c31e12f5,pdfs/PSAT-8-9/Reading-and-Writing/part-003.pdf,319
PSAT 8/9,Reading and Writing,02de1209,pdfs/PSAT-8-9/Reading-and-Writing/part-003.pdf,320
PSAT 8/9,Reading and Writing,4037c78b,pdfs/PSAT-8-9/Reading-and-Writing/part-003.pdf,321
PSAT 8/9,Reading and Writing,cb5ca999,pdfs/PSAT-8-9/Reading-and-Writing/part-003.pdf,322
PSAT 8/9,Reading and Writing,db1676cd,pdfs/PSAT-8-9/Reading-and-Writing/part-003.pdf,323
PSAT 8/9,Reading and Writing,2a805347,pdfs/PSAT-8-9/Reading-and-Writing/part-003.pdf,324
PSAT 8/9,Reading and Writing,11b735bd,pdfs/PSAT-8-9/Reading-and-Writing/part-003.pdf,325
PSAT 8/9,Reading and Writing,f0e7a894,pdfs/PSAT-8-9/Reading-and-Writing/part-003.pdf,326
PSAT 8/9,Reading and Writing,16e04132,pdfs/PSAT-8-9/Reading-and-Writing/part-003.pdf,327
PSAT 8/9,Reading and Writing,f41b0a3a,pdfs/PSAT-8-9/Reading-and-Writing/part-003.pdf,328
PSAT 8/9,Reading and Writing,2cb60d28,pdfs/PSAT-8-9/Reading-and-Writing/part-003.pdf,329
PSAT 8/9,Reading and Writing,0a81641b,pdfs/PSAT-8-9/Reading-and-Writing/part-003.pdf,330
PSAT 8/9,Reading and Writing,7a6a974b,pdfs/PSAT-8-9/Reading-and-Writing/part-003.pdf,331
PSAT 8/9,Reading and Writing,4e4d36ae,pdfs/PSAT-8-9/Reading-and-Writing/part-003.pdf,332
PSAT 8/9,Reading and Writing,9875301d,pdfs/PSAT-8-9/Reading-and-Writing/part-003.pdf,333
PSAT 8/9,Reading and Writing,c68daf7d,pdfs/PSAT-8-9/Reading-and-Writing/part-003.pdf,334
PSAT 8/9,Reading and Writing,1edeb6d9,pdfs/PSAT-8-9/Reading-and-Writing/part-003.pdf,335
PSAT 8/9,Reading and Writing,f7dcc617,pdfs/PSAT-8-9/Reading-and-Writing/part-003.pdf,336
PSAT 8/9,Reading and Writing,8391c507,pdfs/PSAT-8-9/Reading-and-Writing/part-003.pdf,337
PSAT 8/9,Reading and Writing,1f3a1fd3,pdfs/PSAT-8-9/Reading-and-Writing/part-003.pdf,338
PSAT 8/9,Reading and Writing,d5ea0d08,pdfs/PSAT-8-9/Reading-and-Writing/part-003.pdf,339
PSAT 8/9,Reading and Writing,e53a1462,pdfs/PSAT-8-9/Reading-and-Writing/part-003.pdf,340
PSAT 8/9,Reading and Writing,bd36d75d,pdfs/PSAT-8-9/Reading-and-Writing/part-003.pdf,341
PSAT 8/9,Reading and Writing,75c4f5de,pdfs/PSAT-8-9/Reading-and-Writing/part-003.pdf,342
PSAT 8/9,Reading and Writing,08090f12,pdfs/PSAT-8-9/Reading-and-Writing/part-003.pdf,343
PSAT 8/9,Reading and Writing,ab83adca,pdfs/PSAT-8-9/Reading-and-Writing/part-003.pdf,344
PSAT 8/9,Reading and Writing,84ce416a,pdfs/PSAT-8-9/Reading-and-Writing/part-003.pdf,345
PSAT 8/9,Reading and Writing,e8bbca01,pdfs/PSAT-8-9/Reading-and-Writing/part-003.pdf,346
PSAT 8/9,Reading and Writing,165615db,pdfs/PSAT-8-9/Reading-and-Writing/part-003.pdf,347
PSAT 8/9,Reading and Writing,a69fb7ac,pdfs/PSAT-8-9/Reading-and-Writing/part-003.pdf,348
PSAT 8/9,Reading and Writing,a1ac077e,pdfs/PSAT-8-9/Reading-and-Writing/part-003.pdf,349
PSAT 8/9,Reading and Writing,8bbd9ea0,pdfs/PSAT-8-9/Reading-and-Writing/part-003.pdf,350
PSAT 8/9,Reading and Writing,70112b47,pdfs/PSAT-8-9/Reading-and-Writing/part-003.pdf,351
PSAT 8/9,Reading and Writing,6e63183d,pdfs/PSAT-8-9/Reading-and-Writing/part-003.pdf,352
PSAT 8/9,Reading and Writing,d121eb59,pdfs/PSAT-8-9/Reading-and-Writing/part-003.pdf,353
PSAT 8/9,Reading and Writing,939ce431,pdfs/PSAT-8-9/Reading-and-Writing/part-003.pdf,354
PSAT 8/9,Reading and Writing,8ecf234b,pdfs/PSAT-8-9/Reading-and-Writing/part-003.pdf,355
PSAT 8/9,Reading and Writing,b9d6bbfb,pdfs/PSAT-8-9/Reading-and-Writing/part-003.pdf,356
PSAT 8/9,Reading and Writing,dd9d2249,pdfs/PSAT-8-9/Reading-and-Writing/part-003.pdf,357
PSAT 8/9,Reading and Writing,980b52c5,pdfs/PSAT-8-9/Reading-and-Writing/part-003.pdf,358
PSAT 8/9,Reading and Writing,499c10c0,pdfs/PSAT-8-9/Reading-and-Writing/part-003.pdf,359
PSAT 8/9,Reading and Writing,6c6efc34,pdfs/PSAT-8-9/Reading-and-Writing/part-003.pdf,360
PSAT 8/9,Reading and Writing,5a0672df,pdfs/PSAT-8-9/Reading-and-Writing/part-003.pdf,361
PSAT 8/9,Reading and Writing,a608ba93,pdfs/PSAT-8-9/Reading-and-Writing/part-003.pdf,362
PSAT 8/9,Reading and Writing,81f94a8d,pdfs/PSAT-8-9/Reading-and-Writing/part-003.pdf,363
PSAT 8/9,Reading and Writing,d8594b7f,pdfs/PSAT-8-9/Reading-and-Writing/part-003.pdf,364
PSAT 8/9,Reading and Writing,bcc61492,pdfs/PSAT-8-9/Reading-and-Writing/part-003.pdf,365
PSAT 8/9,Reading and Writing,8c46294f,pdfs/PSAT-8-9/Reading-and-Writing/part-003.pdf,366
PSAT 8/9,Reading and Writing,d1228569,pdfs/PSAT-8-9/Reading-and-Writing/part-003.pdf,367
PSAT 8/9,Reading and Writing,cad3065c,pdfs/PSAT-8-9/Reading-and-Writing/part-003.pdf,368
PSAT 8/9,Reading and Writing,28e6339e,pdfs/PSAT-8-9/Reading-and-Writing/part-003.pdf,369
PSAT 8/9,Reading and Writing,c3b660af,pdfs/PSAT-8-9/Reading-and-Writing/part-003.pdf,370
PSAT 8/9,Reading and Writing,8c367c7d,pdfs/PSAT-8-9/Reading-and-Writing/part-003.pdf,371
PSAT 8/9,Reading and Writing,021cfead,pdfs/PSAT-8-9/Reading-and-Writing/part-003.pdf,372
PSAT 8/9,Reading and Writing,58b75df0,pdfs/PSAT-8-9/Reading-and-Writing/part-003.pdf,373
PSAT 8/9,Reading and Writing,32f8dd4e,pdfs/PSAT-8-9/Reading-and-Writing/part-003.pdf,374
PSAT 8/9,Reading and Writing,21fb95d4,pdfs/PSAT-8-9/Reading-and-Writing/part-003.pdf,375
PSAT 8/9,Reading and Writing,0a46090a,pdfs/PSAT-8-9/Reading-and-Writing/part-003.pdf,376
PSAT 8/9,Reading and Writing,152848f1,pdfs/PSAT-8-9/Reading-and-Writing/part-003.pdf,377
PSAT 8/9,Reading and Writing,e613e394,pdfs/PSAT-8-9/Reading-and-Writing/part-003.pdf,378
PSAT 8/9,Reading and Writing,405368af,pdfs/PSAT-8-9/Reading-and-Writing/part-003.pdf,379
PSAT 8/9,Reading and Writing,b6e272f0,pdfs/PSAT-8-9/Reading-and-Writing/part-003.pdf,380
PSAT 8/9,Reading and Writing,909f5177,pdfs/PSAT-8-9/Reading-and-Writing/part-003.pdf,381
PSAT 8/9,Reading and Writing,c3978d71,pdfs/PSAT-8-9/Reading-and-Writing/part-003.pdf,382
PSAT 8/9,Reading and Writing,a0946a9f,pdfs/PSAT-8-9/Reading-and-Writing/part-003.pdf,383
PSAT 8/9,Reading and Writing,40c084e5,pdfs/PSAT-8-9/Reading-and-Writing/part-003.pdf,384
PSAT 8/9,Reading and Writing,3b93a177,pdfs/PSAT-8-9/Reading-and-Writing/part-003.pdf,385
PSAT 8/9,Reading and Writing,2b2bcae4,pdfs/PSAT-8-9/Reading-and-Writing/part-003.pdf,386
PSAT 8/9,Reading and Writing,1bbe752d,pdfs/PSAT-8-9/Reading-and-Writing/part-003.pdf,387
PSAT 8/9,Reading and Writing,b50e1ec3,pdfs/PSAT-8-9/Reading-and-Writing/part-003.pdf,388
PSAT 8/9,Reading and Writing,b88a40b6,pdfs/PSAT-8-9/Reading-and-Writing/part-003.pdf,389
PSAT 8/9,Reading and Writing,7d92fcc5,pdfs/PSAT-8-9/Reading-and-Writing/part-003.pdf,390
PSAT 8/9,Reading and Writing,0be4dd74,pdfs/PSAT-8-9/Reading-and-Writing/part-003.pdf,391
PSAT 8/9,Reading and Writing,c272488a,pdfs/PSAT-8-9/Reading-and-Writing/part-003.pdf,392
PSAT 8/9,Reading and Writing,374b0d60,pdfs/PSAT-8-9/Reading-and-Writing/part-003.pdf,393
PSAT 8/9,Reading and Writing,3aa4db43,pdfs/PSAT-8-9/Reading-and-Writing/part-003.pdf,394
PSAT 8/9,Reading and Writing,3714031c,pdfs/PSAT-8-9/Reading-and-Writing/part-003.pdf,395
PSAT 8/9,Reading and Writing,2d2cbb86,pdfs/PSAT-8-9/Reading-and-Writing/part-003.pdf,396
PSAT 8/9,Reading and Writing,f859d049,pdfs/PSAT-8-9/Reading-and-Writing/part-003.pdf,397
PSAT 8/9,Reading and Writing,50e9ae29,pdfs/PSAT-8-9/Reading-and-Writing/part-003.pdf,398
PSAT 8/9,Reading and Writing,67165318,pdfs/PSAT-8-9/Reading-and-Writing/part-003.pdf,399
PSAT 8/9,Reading and Writing,41726afa,pdfs/PSAT-8-9/Reading-and-Writing/part-003.pdf,400
PSAT 8/9,Reading and Writing,244162a5,pdfs/PSAT-8-9/Reading-and-Writing/part-004.pdf,1
PSAT 8/9,Reading and Writing,45f188bf,pdfs/PSAT-8-9/Reading-and-Writing/part-004.pdf,2
PSAT 8/9,Reading and Writing,7c30c345,pdfs/PSAT-8-9/Reading-and-Writing/part-004.pdf,3
PSAT 8/9,Reading and Writing,3269925f,pdfs/PSAT-8-9/Reading-and-Writing/part-004.pdf,4
PSAT 8/9,Reading and Writing,c93d41ee,pdfs/PSAT-8-9/Reading-and-Writing/part-004.pdf,5
PSAT 8/9,Reading and Writing,9f8d0acb,pdfs/PSAT-8-9/Reading-and-Writing/part-004.pdf,6
PSAT 8/9,Reading and Writing,d62ccc3c,pdfs/PSAT-8-9/Reading-and-Writing/part-004.pdf,7
PSAT 8/9,Reading and Writing,a481fe22,pdfs/PSAT-8-9/Reading-and-Writing/part-004.pdf,8
PSAT 8/9,Reading and Writing,4bd2fb5a,pdfs/PSAT-8-9/Reading-and-Writing/part-004.pdf,9
PSAT 8/9,Reading and Writing,2fa22f76,pdfs/PSAT-8-9/Reading-and-Writing/part-004.pdf,10
PSAT 8/9,Reading and Writing,fc29903b,pdfs/PSAT-8-9/Reading-and-Writing/part-004.pdf,11
PSAT 8/9,Reading and Writing,81f2bac8,pdfs/PSAT-8-9/Reading-and-Writing/part-004.pdf,12
PSAT 8/9,Reading and Writing,aaea2af8,pdfs/PSAT-8-9/Reading-and-Writing/part-004.pdf,13
PSAT 8/9,Reading and Writing,efb9b6d4,pdfs/PSAT-8-9/Reading-and-Writing/part-004.pdf,14
PSAT 8/9,Reading and Writing,84db4acb,pdfs/PSAT-8-9/Reading-and-Writing/part-004.pdf,15
PSAT 8/9,Reading and Writing,530e1b55,pdfs/PSAT-8-9/Reading-and-Writing/part-004.pdf,16
PSAT 8/9,Reading and Writing,51f50248,pdfs/PSAT-8-9/Reading-and-Writing/part-004.pdf,17
PSAT 8/9,Reading and Writing,11add1e8,pdfs/PSAT-8-9/Reading-and-Writing/part-004.pdf,18
PSAT 8/9,Reading and Writing,4b050c97,pdfs/PSAT-8-9/Reading-and-Writing/part-004.pdf,19
PSAT 8/9,Reading and Writing,e9a761e7,pdfs/PSAT-8-9/Reading-and-Writing/part-004.pdf,20
PSAT 8/9,Reading and Writing,11583a81,pdfs/PSAT-8-9/Reading-and-Writing/part-004.pdf,21
PSAT 8/9,Reading and Writing,6d07e4e3,pdfs/PSAT-8-9/Reading-and-Writing/part-004.pdf,22
PSAT 8/9,Reading and Writing,473808bd,pdfs/PSAT-8-9/Reading-and-Writing/part-004.pdf,23
PSAT 8/9,Reading and Writing,47eab054,pdfs/PSAT-8-9/Reading-and-Writing/part-004.pdf,24
PSAT 8/9,Reading and Writing,02c22816,pdfs/PSAT-8-9/Reading-and-Writing/part-004.pdf,25
PSAT 8/9,Reading and Writing,ca1a7097,pdfs/PSAT-8-9/Reading-and-Writing/part-004.pdf,26
PSAT 8/9,Reading and Writing,a6d777a8,pdfs/PSAT-8-9/Reading-and-Writing/part-004.pdf,27
PSAT 8/9,Reading and Writing,cf881255,pdfs/PSAT-8-9/Reading-and-Writing/part-004.pdf,28
PSAT 8/9,Reading and Writing,2ff2efad,pdfs/PSAT-8-9/Reading-and-Writing/part-004.pdf,29
PSAT 8/9,Reading and Writing,798e44ec,pdfs/PSAT-8-9/Reading-and-Writing/part-004.pdf,30
PSAT 8/9,Reading and Writing,8da67ee3,pdfs/PSAT-8-9/Reading-and-Writing/part-004.pdf,31
PSAT 8/9,Reading and Writing,08241402,pdfs/PSAT-8-9/Reading-and-Writing/part-004.pdf,32
PSAT 8/9,Reading and Writing,416dc9e5,pdfs/PSAT-8-9/Reading-and-Writing/part-004.pdf,33
PSAT 8/9,Reading and Writing,ff28fd9e,pdfs/PSAT-8-9/Reading-and-Writing/part-004.pdf,34
PSAT 8/9,Reading and Writing,7e989974,pdfs/PSAT-8-9/Reading-and-Writing/part-004.pdf,35
PSAT 8/9,Reading and Writing,139f1b75,pdfs/PSAT-8-9/Reading-and-Writing/part-004.pdf,36
PSAT 8/9,Reading and Writing,4af66001,pdfs/PSAT-8-9/Reading-and-Writing/part-004.pdf,37
PSAT 8/9,Reading and Writing,8de2ee41,pdfs/PSAT-8-9/Reading-and-Writing/part-004.pdf,38
PSAT 8/9,Reading and Writing,efb6a4d9,pdfs/PSAT-8-9/Reading-and-Writing/part-004.pdf,39
PSAT 8/9,Reading and Writing,26fa7d61,pdfs/PSAT-8-9/Reading-and-Writing/part-004.pdf,40
PSAT 8/9,Reading and Writing,e04b3edf,pdfs/PSAT-8-9/Reading-and-Writing/part-004.pdf,41
PSAT 8/9,Reading and Writing,f5f6b97d,pdfs/PSAT-8-9/Reading-and-Writing/part-004.pdf,42
PSAT 8/9,Reading and Writing,580e1a4a,pdfs/PSAT-8-9/Reading-and-Writing/part-004.pdf,43
PSAT 8/9,Reading and Writing,a4a5bb86,pdfs/PSAT-8-9/Reading-and-Writing/part-004.pdf,44
PSAT 8/9,Reading and Writing,7f8f0f5d,pdfs/PSAT-8-9/Reading-and-Writing/part-004.pdf,45
PSAT 8/9,Reading and Writing,53295319,pdfs/PSAT-8-9/Reading-and-Writing/part-004.pdf,46
PSAT 8/9,Reading and Writing,e3051a8e,pdfs/PSAT-8-9/Reading-and-Writing/part-004.pdf,47
PSAT 8/9,Reading and Writing,72fde8ae,pdfs/PSAT-8-9/Reading-and-Writing/part-004.pdf,48
PSAT 8/9,Reading and Writing,fe423c5d,pdfs/PSAT-8-9/Reading-and-Writing/part-004.pdf,49
PSAT 8/9,Reading and Writing,4b752f9e,pdfs/PSAT-8-9/Reading-and-Writing/part-004.pdf,50
PSAT 8/9,Reading and Writing,cc0dcd9a,pdfs/PSAT-8-9/Reading-and-Writing/part-004.pdf,51
PSAT 8/9,Reading and Writing,508ab5ba,pdfs/PSAT-8-9/Reading-and-Writing/part-004.pdf,52
PSAT 8/9,Reading and Writing,10eaa628,pdfs/PSAT-8-9/Reading-and-Writing/part-004.pdf,53
PSAT 8/9,Reading and Writing,c2fc0992,pdfs/PSAT-8-9/Reading-and-Writing/part-004.pdf,54
PSAT 8/9,Reading and Writing,6bebb309,pdfs/PSAT-8-9/Reading-and-Writing/part-004.pdf,55
PSAT 8/9,Reading and Writing,c3a3b979,pdfs/PSAT-8-9/Reading-and-Writing/part-004.pdf,56
PSAT 8/9,Reading and Writing,9436c09a,pdfs/PSAT-8-9/Reading-and-Writing/part-004.pdf,57
PSAT 8/9,Reading and Writing,1d36d2a9,pdfs/PSAT-8-9/Reading-and-Writing/part-004.pdf,58
PSAT 8/9,Reading and Writing,95616c3e,pdfs/PSAT-8-9/Reading-and-Writing/part-004.pdf,59
PSAT 8/9,Reading and Writing,9c4892e3,pdfs/PSAT-8-9/Reading-and-Writing/part-004.pdf,60
PSAT 8/9,Reading and Writing,680c128e,pdfs/PSAT-8-9/Reading-and-Writing/part-004.pdf,61
PSAT 8/9,Reading and Writing,dd2822eb,pdfs/PSAT-8-9/Reading-and-Writing/part-004.pdf,62
PSAT 8/9,Reading and Writing,3560c093,pdfs/PSAT-8-9/Reading-and-Writing/part-004.pdf,63
PSAT 8/9,Reading and Writing,e76f4fad,pdfs/PSAT-8-9/Reading-and-Writing/part-004.pdf,64
PSAT 8/9,Reading and Writing,15d94e8f,pdfs/PSAT-8-9/Reading-and-Writing/part-004.pdf,65
PSAT 8/9,Reading and Writing,9597885e,pdfs/PSAT-8-9/Reading-and-Writing/part-004.pdf,66
PSAT 8/9,Reading and Writing,4e5c1a5a,pdfs/PSAT-8-9/Reading-and-Writing/part-004.pdf,67
PSAT 8/9,Reading and Writing,18e8756d,pdfs/PSAT-8-9/Reading-and-Writing/part-004.pdf,68
PSAT 8/9,Reading and Writing,be6f3070,pdfs/PSAT-8-9/Reading-and-Writing/part-004.pdf,69
PSAT 8/9,Reading and Writing,6c8a1cc2,pdfs/PSAT-8-9/Reading-and-Writing/part-004.pdf,70
PSAT 8/9,Reading and Writing,c2723b5d,pdfs/PSAT-8-9/Reading-and-Writing/part-004.pdf,71
PSAT 8/9,Reading and Writing,dc712bbf,pdfs/PSAT-8-9/Reading-and-Writing/part-004.pdf,72
PSAT 8/9,Reading and Writing,87b8696b,pdfs/PSAT-8-9/Reading-and-Writing/part-004.pdf,73
PSAT 8/9,Reading and Writing,d74ac347,pdfs/PSAT-8-9/Reading-and-Writing/part-004.pdf,74
PSAT 8/9,Reading and Writing,fa821b89,pdfs/PSAT-8-9/Reading-and-Writing/part-004.pdf,75
PSAT 8/9,Reading and Writing,16fa54b2,pdfs/PSAT-8-9/Reading-and-Writing/part-004.pdf,76
PSAT 8/9,Reading and Writing,4f545446,pdfs/PSAT-8-9/Reading-and-Writing/part-004.pdf,77
PSAT 8/9,Reading and Writing,a2b3b837,pdfs/PSAT-8-9/Reading-and-Writing/part-004.pdf,78
PSAT 8/9,Reading and Writing,4df19561,pdfs/PSAT-8-9/Reading-and-Writing/part-004.pdf,79
PSAT 8/9,Reading and Writing,970e66de,pdfs/PSAT-8-9/Reading-and-Writing/part-004.pdf,80
PSAT 8/9,Reading and Writing,55ccbcd9,pdfs/PSAT-8-9/Reading-and-Writing/part-004.pdf,81
PSAT 8/9,Reading and Writing,6b2a1288,pdfs/PSAT-8-9/Reading-and-Writing/part-004.pdf,82
PSAT 8/9,Reading and Writing,08bad7f3,pdfs/PSAT-8-9/Reading-and-Writing/part-004.pdf,83
PSAT 8/9,Reading and Writing,8a59e828,pdfs/PSAT-8-9/Reading-and-Writing/part-004.pdf,84
PSAT 8/9,Reading and Writing,d2efbf69,pdfs/PSAT-8-9/Reading-and-Writing/part-004.pdf,85
PSAT 8/9,Reading and Writing,174c3487,pdfs/PSAT-8-9/Reading-and-Writing/part-004.pdf,86
PSAT 8/9,Reading and Writing,610faed3,pdfs/PSAT-8-9/Reading-and-Writing/part-004.pdf,87
PSAT 8/9,Reading and Writing,47d5aee1,pdfs/PSAT-8-9/Reading-and-Writing/part-004.pdf,88
PSAT 8/9,Reading and Writing,40ab858b,pdfs/PSAT-8-9/Reading-and-Writing/part-004.pdf,89
PSAT 8/9,Reading and Writing,25d80514,pdfs/PSAT-8-9/Reading-and-Writing/part-004.pdf,90
PSAT 8/9,Reading and Writing,e1a31879,pdfs/PSAT-8-9/Reading-and-Writing/part-004.pdf,91
PSAT 8/9,Reading and Writing,5a83f47b,pdfs/PSAT-8-9/Reading-and-Writing/part-004.pdf,92
PSAT 8/9,Reading and Writing,0c84bcfa,pdfs/PSAT-8-9/Reading-and-Writing/part-004.pdf,93
PSAT 8/9,Reading and Writing,83cc4b6e,pdfs/PSAT-8-9/Reading-and-Writing/part-004.pdf,94
PSAT 8/9,Reading and Writing,63141bea,pdfs/PSAT-8-9/Reading-and-Writing/part-004.pdf,95
PSAT 8/9,Reading and Writing,c3d3b49b,pdfs/PSAT-8-9/Reading-and-Writing/part-004.pdf,96
PSAT 8/9,Reading and Writing,d294d324,pdfs/PSAT-8-9/Reading-and-Writing/part-004.pdf,97
PSAT 8/9,Reading and Writing,8f4de9c2,pdfs/PSAT-8-9/Reading-and-Writing/part-004.pdf,98
PSAT 8/9,Reading and Writing,efc485e8,pdfs/PSAT-8-9/Reading-and-Writing/part-004.pdf,99
PSAT 8/9,Reading and Writing,96beb3e2,pdfs/PSAT-8-9/Reading-and-Writing/part-004.pdf,100
PSAT 8/9,Reading and Writing,351084bd,pdfs/PSAT-8-9/Reading-and-Writing/part-004.pdf,101
PSAT 8/9,Reading and Writing,a9f8dd79,pdfs/PSAT-8-9/Reading-and-Writing/part-004.pdf,102
PSAT 8/9,Reading and Writing,2cc8b3e7,pdfs/PSAT-8-9/Reading-and-Writing/part-004.pdf,103
PSAT 8/9,Reading and Writing,6c41e2fb,pdfs/PSAT-8-9/Reading-and-Writing/part-004.pdf,104
PSAT 8/9,Reading and Writing,a272d236,pdfs/PSAT-8-9/Reading-and-Writing/part-004.pdf,105
PSAT 8/9,Reading and Writing,7b7c365c,pdfs/PSAT-8-9/Reading-and-Writing/part-004.pdf,106
PSAT 8/9,Reading and Writing,6f033643,pdfs/PSAT-8-9/Reading-and-Writing/part-004.pdf,107
PSAT 8/9,Reading and Writing,ab9270d9,pdfs/PSAT-8-9/Reading-and-Writing/part-004.pdf,108
PSAT 8/9,Reading and Writing,08fc9838,pdfs/PSAT-8-9/Reading-and-Writing/part-004.pdf,109
PSAT 8/9,Reading and Writing,1f639346,pdfs/PSAT-8-9/Reading-and-Writing/part-004.pdf,110
PSAT 8/9,Reading and Writing,7eff0d8b,pdfs/PSAT-8-9/Reading-and-Writing/part-004.pdf,111
PSAT 8/9,Reading and Writing,ca19620e,pdfs/PSAT-8-9/Reading-and-Writing/part-004.pdf,112
PSAT 8/9,Reading and Writing,26c448a2,pdfs/PSAT-8-9/Reading-and-Writing/part-004.pdf,113
PSAT 8/9,Reading and Writing,5e97e5a9,pdfs/PSAT-8-9/Reading-and-Writing/part-004.pdf,114
PSAT 8/9,Reading and Writing,e98847d4,pdfs/PSAT-8-9/Reading-and-Writing/part-004.pdf,115
PSAT 8/9,Reading and Writing,9ab0c766,pdfs/PSAT-8-9/Reading-and-Writing/part-004.pdf,116
PSAT 8/9,Reading and Writing,e07ee967,pdfs/PSAT-8-9/Reading-and-Writing/part-004.pdf,117
PSAT 8/9,Reading and Writing,fec8faf7,pdfs/PSAT-8-9/Reading-and-Writing/part-004.pdf,118
PSAT 8/9,Reading and Writing,eadf69b2,pdfs/PSAT-8-9/Reading-and-Writing/part-004.pdf,119
PSAT 8/9,Reading and Writing,6ef8eb69,pdfs/PSAT-8-9/Reading-and-Writing/part-004.pdf,120
PSAT 8/9,Reading and Writing,0ecf02c1,pdfs/PSAT-8-9/Reading-and-Writing/part-004.pdf,121
PSAT 8/9,Reading and Writing,7944e9f4,pdfs/PSAT-8-9/Reading-and-Writing/part-004.pdf,122
PSAT 8/9,Reading and Writing,959f930d,pdfs/PSAT-8-9/Reading-and-Writing/part-004.pdf,123
PSAT 8/9,Reading and Writing,c789ca4e,pdfs/PSAT-8-9/Reading-and-Writing/part-004.pdf,124
PSAT 8/9,Reading and Writing,496b5208,pdfs/PSAT-8-9/Reading-and-Writing/part-004.pdf,125
PSAT 8/9,Reading and Writing,7fc50fcd,pdfs/PSAT-8-9/Reading-and-Writing/part-004.pdf,126
PSAT 8/9,Reading and Writing,b679a93e,pdfs/PSAT-8-9/Reading-and-Writing/part-004.pdf,127
PSAT 8/9,Reading and Writing,fc0c15bb,pdfs/PSAT-8-9/Reading-and-Writing/part-004.pdf,128
PSAT 8/9,Reading and Writing,9976b8b0,pdfs/PSAT-8-9/Reading-and-Writing/part-004.pdf,129
PSAT 8/9,Reading and Writing,d80b6b5f,pdfs/PSAT-8-9/Reading-and-Writing/part-004.pdf,130
PSAT 8/9,Reading and Writing,5aec8e9d,pdfs/PSAT-8-9/Reading-and-Writing/part-004.pdf,131
PSAT 8/9,Reading and Writing,785a7162,pdfs/PSAT-8-9/Reading-and-Writing/part-004.pdf,132
PSAT 8/9,Reading and Writing,8f83075b,pdfs/PSAT-8-9/Reading-and-Writing/part-004.pdf,133
PSAT 8/9,Reading and Writing,2fcd0070,pdfs/PSAT-8-9/Reading-and-Writing/part-004.pdf,134
PSAT 8/9,Reading and Writing,0b3c05ab,pdfs/PSAT-8-9/Reading-and-Writing/part-004.pdf,135
PSAT 8/9,Reading and Writing,775aa448,pdfs/PSAT-8-9/Reading-and-Writing/part-004.pdf,136
PSAT 8/9,Reading and Writing,c2a8dd7d,pdfs/PSAT-8-9/Reading-and-Writing/part-004.pdf,137
PSAT 8/9,Reading and Writing,f2af7072,pdfs/PSAT-8-9/Reading-and-Writing/part-004.pdf,138
PSAT 8/9,Reading and Writing,a0ea5596,pdfs/PSAT-8-9/Reading-and-Writing/part-004.pdf,139
PSAT 8/9,Reading and Writing,1318fdb1,pdfs/PSAT-8-9/Reading-and-Writing/part-004.pdf,140
PSAT 8/9,Reading and Writing,f4d1cea7,pdfs/PSAT-8-9/Reading-and-Writing/part-004.pdf,141
PSAT 8/9,Reading and Writing,2b9ce465,pdfs/PSAT-8-9/Reading-and-Writing/part-004.pdf,142
PSAT 8/9,Reading and Writing,6e103ce0,pdfs/PSAT-8-9/Reading-and-Writing/part-004.pdf,143
PSAT 8/9,Reading and Writing,6930150c,pdfs/PSAT-8-9/Reading-and-Writing/part-004.pdf,144
PSAT 8/9,Reading and Writing,e3ac81a5,pdfs/PSAT-8-9/Reading-and-Writing/part-004.pdf,145
PSAT 8/9,Reading and Writing,cf168f1a,pdfs/PSAT-8-9/Reading-and-Writing/part-004.pdf,146
PSAT 8/9,Reading and Writing,1fda4fb5,pdfs/PSAT-8-9/Reading-and-Writing/part-004.pdf,147
PSAT 8/9,Reading and Writing,7817773e,pdfs/PSAT-8-9/Reading-and-Writing/part-004.pdf,148
PSAT 8/9,Reading and Writing,81000f32,pdfs/PSAT-8-9/Reading-and-Writing/part-004.pdf,149
PSAT 8/9,Reading and Writing,49fbe443,pdfs/PSAT-8-9/Reading-and-Writing/part-004.pdf,150
PSAT 8/9,Reading and Writing,994b306c,pdfs/PSAT-8-9/Reading-and-Writing/part-004.pdf,151
PSAT 8/9,Reading and Writing,bacbde05,pdfs/PSAT-8-9/Reading-and-Writing/part-004.pdf,152
PSAT 8/9,Reading and Writing,4ea959e8,pdfs/PSAT-8-9/Reading-and-Writing/part-004.pdf,153
PSAT 8/9,Reading and Writing,7faec231,pdfs/PSAT-8-9/Reading-and-Writing/part-004.pdf,154
PSAT 8/9,Reading and Writing,9b50683d,pdfs/PSAT-8-9/Reading-and-Writing/part-004.pdf,155
PSAT 8/9,Reading and Writing,59e56644,pdfs/PSAT-8-9/Reading-and-Writing/part-004.pdf,156
PSAT 8/9,Reading and Writing,020b4b59,pdfs/PSAT-8-9/Reading-and-Writing/part-004.pdf,157
PSAT 8/9,Reading and Writing,1d4540a3,pdfs/PSAT-8-9/Reading-and-Writing/part-004.pdf,158
PSAT 8/9,Reading and Writing,bb804798,pdfs/PSAT-8-9/Reading-and-Writing/part-004.pdf,159
PSAT 8/9,Reading and Writing,1d280f7b,pdfs/PSAT-8-9/Reading-and-Writing/part-004.pdf,160
PSAT 8/9,Reading and Writing,ec600740,pdfs/PSAT-8-9/Reading-and-Writing/part-004.pdf,161
PSAT 8/9,Reading and Writing,9b158590,pdfs/PSAT-8-9/Reading-and-Writing/part-004.pdf,162
PSAT 8/9,Reading and Writing,8594179a,pdfs/PSAT-8-9/Reading-and-Writing/part-004.pdf,163
PSAT 8/9,Reading and Writing,06a0b256,pdfs/PSAT-8-9/Reading-and-Writing/part-004.pdf,164
PSAT 8/9,Reading and Writing,41ad9634,pdfs/PSAT-8-9/Reading-and-Writing/part-004.pdf,165
PSAT 8/9,Reading and Writing,e1a43535,pdfs/PSAT-8-9/Reading-and-Writing/part-004.pdf,166
PSAT 8/9,Reading and Writing,e758ffce,pdfs/PSAT-8-9/Reading-and-Writing/part-004.pdf,167
PSAT 8/9,Reading and Writing,48209a24,pdfs/PSAT-8-9/Reading-and-Writing/part-004.pdf,168
PSAT 8/9,Reading and Writing,6fd3220e,pdfs/PSAT-8-9/Reading-and-Writing/part-004.pdf,169
PSAT 8/9,Reading and Writing,17609fea,pdfs/PSAT-8-9/Reading-and-Writing/part-004.pdf,170
PSAT 8/9,Reading and Writing,864ca5aa,pdfs/PSAT-8-9/Reading-and-Writing/part-004.pdf,171
PSAT 8/9,Reading and Writing,566fac8d,pdfs/PSAT-8-9/Reading-and-Writing/part-004.pdf,172
PSAT 8/9,Reading and Writing,e36bd75a,pdfs/PSAT-8-9/Reading-and-Writing/part-004.pdf,173
PSAT 8/9,Reading and Writing,551e99a2,pdfs/PSAT-8-9/Reading-and-Writing/part-004.pdf,174
PSAT 8/9,Reading and Writing,d5458b37,pdfs/PSAT-8-9/Reading-and-Writing/part-004.pdf,175
PSAT 8/9,Reading and Writing,019f372c,pdfs/PSAT-8-9/Reading-and-Writing/part-004.pdf,176
PSAT 8/9,Reading and Writing,8eff0fdc,pdfs/PSAT-8-9/Reading-and-Writing/part-004.pdf,177
PSAT 8/9,Reading and Writing,458a65b8,pdfs/PSAT-8-9/Reading-and-Writing/part-004.pdf,178
PSAT 8/9,Reading and Writing,1fe378d5,pdfs/PSAT-8-9/Reading-and-Writing/part-004.pdf,179
PSAT 8/9,Reading and Writing,59f8e37f,pdfs/PSAT-8-9/Reading-and-Writing/part-004.pdf,180
PSAT 8/9,Reading and Writing,e547acc3,pdfs/PSAT-8-9/Reading-and-Writing/part-004.pdf,181
PSAT 8/9,Reading and Writing,35541d09,pdfs/PSAT-8-9/Reading-and-Writing/part-004.pdf,182
PSAT 8/9,Reading and Writing,5a44d1a5,pdfs/PSAT-8-9/Reading-and-Writing/part-004.pdf,183
PSAT 8/9,Reading and Writing,311460c6,pdfs/PSAT-8-9/Reading-and-Writing/part-004.pdf,184
PSAT 8/9,Reading and Writing,dea044f7,pdfs/PSAT-8-9/Reading-and-Writing/part-004.pdf,185
PSAT 8/9,Reading and Writing,1e5cd04d,pdfs/PSAT-8-9/Reading-and-Writing/part-004.pdf,186
PSAT 8/9,Reading and Writing,65439b1e,pdfs/PSAT-8-9/Reading-and-Writing/part-004.pdf,187
PSAT 8/9,Reading and Writing,377a2b12,pdfs/PSAT-8-9/Reading-and-Writing/part-004.pdf,188
PSAT 8/9,Reading and Writing,fa08b905,pdfs/PSAT-8-9/Reading-and-Writing/part-004.pdf,189
PSAT 8/9,Reading and Writing,7fae342d,pdfs/PSAT-8-9/Reading-and-Writing/part-004.pdf,190
PSAT 8/9,Reading and Writing,f281f151,pdfs/PSAT-8-9/Reading-and-Writing/part-004.pdf,191
PSAT 8/9,Reading and Writing,18a0f66f,pdfs/PSAT-8-9/Reading-and-Writing/part-004.pdf,192
PSAT 8/9,Reading and Writing,d80134fe,pdfs/PSAT-8-9/Reading-and-Writing/part-004.pdf,193
PSAT 8/9,Reading and Writing,7e67e829,pdfs/PSAT-8-9/Reading-and-Writing/part-004.pdf,194
PSAT 8/9,Reading and Writing,4e5f51ed,pdfs/PSAT-8-9/Reading-and-Writing/part-004.pdf,195
PSAT 8/9,Reading and Writing,580bf520,pdfs/PSAT-8-9/Reading-and-Writing/part-004.pdf,196
PSAT 8/9,Reading and Writing,78cef1d4,pdfs/PSAT-8-9/Reading-and-Writing/part-004.pdf,197
PSAT 8/9,Reading and Writing,a38c0182,pdfs/PSAT-8-9/Reading-and-Writing/part-004.pdf,198
PSAT 8/9,Reading and Writing,91d28dac,pdfs/PSAT-8-9/Reading-and-Writing/part-004.pdf,199
PSAT 8/9,Reading and Writing,0173be83,pdfs/PSAT-8-9/Reading-and-Writing/part-004.pdf,200
PSAT 8/9,Reading and Writing,2e070d96,pdfs/PSAT-8-9/Reading-and-Writing/part-004.pdf,201
PSAT 8/9,Reading and Writing,281b76ba,pdfs/PSAT-8-9/Reading-and-Writing/part-004.pdf,202
PSAT 8/9,Reading and Writing,f7de86cd,pdfs/PSAT-8-9/Reading-and-Writing/part-004.pdf,203
PSAT 8/9,Reading and Writing,e2340ff2,pdfs/PSAT-8-9/Reading-and-Writing/part-004.pdf,204
PSAT 8/9,Reading and Writing,857ba901,pdfs/PSAT-8-9/Reading-and-Writing/part-004.pdf,205
PSAT 8/9,Reading and Writing,9e1567fe,pdfs/PSAT-8-9/Reading-and-Writing/part-004.pdf,206
PSAT 8/9,Reading and Writing,11de53df,pdfs/PSAT-8-9/Reading-and-Writing/part-004.pdf,207
PSAT 8/9,Reading and Writing,2ce1cfa4,pdfs/PSAT-8-9/Reading-and-Writing/part-004.pdf,208
PSAT 8/9,Reading and Writing,130d56e7,pdfs/PSAT-8-9/Reading-and-Writing/part-004.pdf,209
PSAT 8/9,Reading and Writing,1d779a6d,pdfs/PSAT-8-9/Reading-and-Writing/part-004.pdf,210
PSAT 8/9,Reading and Writing,26396fb8,pdfs/PSAT-8-9/Reading-and-Writing/part-004.pdf,211
PSAT 8/9,Reading and Writing,a6afde86,pdfs/PSAT-8-9/Reading-and-Writing/part-004.pdf,212
PSAT 8/9,Reading and Writing,bdd3c593,pdfs/PSAT-8-9/Reading-and-Writing/part-004.pdf,213
PSAT 8/9,Reading and Writing,3fdd09c7,pdfs/PSAT-8-9/Reading-and-Writing/part-004.pdf,214
PSAT 8/9,Reading and Writing,3ee7e763,pdfs/PSAT-8-9/Reading-and-Writing/part-004.pdf,215
PSAT 8/9,Reading and Writing,8dd8848c,pdfs/PSAT-8-9/Reading-and-Writing/part-004.pdf,216
PSAT 8/9,Reading and Writing,ad8461af,pdfs/PSAT-8-9/Reading-and-Writing/part-004.pdf,217
PSAT 8/9,Reading and Writing,521bd298,pdfs/PSAT-8-9/Reading-and-Writing/part-004.pdf,218
PSAT 8/9,Reading and Writing,0ba4e697,pdfs/PSAT-8-9/Reading-and-Writing/part-004.pdf,219
PSAT 8/9,Reading and Writing,4a907076,pdfs/PSAT-8-9/Reading-and-Writing/part-004.pdf,220
PSAT 8/9,Reading and Writing,019a2f90,pdfs/PSAT-8-9/Reading-and-Writing/part-004.pdf,221
PSAT 8/9,Reading and Writing,19176115,pdfs/PSAT-8-9/Reading-and-Writing/part-004.pdf,222
PSAT 8/9,Reading and Writing,6df64957,pdfs/PSAT-8-9/Reading-and-Writing/part-004.pdf,223
PSAT 8/9,Reading and Writing,2ff141ae,pdfs/PSAT-8-9/Reading-and-Writing/part-004.pdf,224
PSAT 8/9,Reading and Writing,f09186ab,pdfs/PSAT-8-9/Reading-and-Writing/part-004.pdf,225
PSAT 8/9,Reading and Writing,ca73d064,pdfs/PSAT-8-9/Reading-and-Writing/part-004.pdf,226
PSAT 8/9,Reading and Writing,7cee7673,pdfs/PSAT-8-9/Reading-and-Writing/part-004.pdf,227
PSAT 8/9,Reading and Writing,09027e00,pdfs/PSAT-8-9/Reading-and-Writing/part-004.pdf,228
PSAT 8/9,Reading and Writing,6ac263f6,pdfs/PSAT-8-9/Reading-and-Writing/part-004.pdf,229
PSAT 8/9,Reading and Writing,6b85b7e0,pdfs/PSAT-8-9/Reading-and-Writing/part-004.pdf,230
PSAT 8/9,Reading and Writing,19660c8b,pdfs/PSAT-8-9/Reading-and-Writing/part-004.pdf,231
PSAT 8/9,Reading and Writing,e9fa6976,pdfs/PSAT-8-9/Reading-and-Writing/part-004.pdf,232
PSAT 8/9,Reading and Writing,42c1f669,pdfs/PSAT-8-9/Reading-and-Writing/part-004.pdf,233
PSAT 8/9,Reading and Writing,b1ee8d09,pdfs/PSAT-8-9/Reading-and-Writing/part-004.pdf,234
PSAT 8/9,Reading and Writing,7d3e3ba4,pdfs/PSAT-8-9/Reading-and-Writing/part-004.pdf,235
PSAT 8/9,Reading and Writing,b8d24639,pdfs/PSAT-8-9/Reading-and-Writing/part-004.pdf,236
PSAT 8/9,Reading and Writing,40a27108,pdfs/PSAT-8-9/Reading-and-Writing/part-004.pdf,237
PSAT 8/9,Reading and Writing,18987e1b,pdfs/PSAT-8-9/Reading-and-Writing/part-004.pdf,238
PSAT 8/9,Reading and Writing,7ac9793d,pdfs/PSAT-8-9/Reading-and-Writing/part-004.pdf,239
PSAT 8/9,Reading and Writing,8dad1ce4,pdfs/PSAT-8-9/Reading-and-Writing/part-004.pdf,240
PSAT 8/9,Reading and Writing,c2b997a4,pdfs/PSAT-8-9/Reading-and-Writing/part-004.pdf,241
PSAT 8/9,Reading and Writing,54b5498e,pdfs/PSAT-8-9/Reading-and-Writing/part-004.pdf,242
PSAT 8/9,Reading and Writing,f10d84ef,pdfs/PSAT-8-9/Reading-and-Writing/part-004.pdf,243
PSAT 8/9,Reading and Writing,9c958b1d,pdfs/PSAT-8-9/Reading-and-Writing/part-004.pdf,244
PSAT 8/9,Reading and Writing,0cdbfd0f,pdfs/PSAT-8-9/Reading-and-Writing/part-004.pdf,245
PSAT 8/9,Reading and Writing,d30b0424,pdfs/PSAT-8-9/Reading-and-Writing/part-004.pdf,246
PSAT 8/9,Reading and Writing,bc92b330,pdfs/PSAT-8-9/Reading-and-Writing/part-004.pdf,247
PSAT 8/9,Reading and Writing,2ce70cd2,pdfs/PSAT-8-9/Reading-and-Writing/part-004.pdf,248
PSAT 8/9,Reading and Writing,5a4e7f5f,pdfs/PSAT-8-9/Reading-and-Writing/part-004.pdf,249
PSAT 8/9,Reading and Writing,5ed15c24,pdfs/PSAT-8-9/Reading-and-Writing/part-004.pdf,250
PSAT 8/9,Reading and Writing,e9f4276d,pdfs/PSAT-8-9/Reading-and-Writing/part-004.pdf,251
PSAT 8/9,Reading and Writing,b8a4eae1,pdfs/PSAT-8-9/Reading-and-Writing/part-004.pdf,252
PSAT 8/9,Reading and Writing,32609473,pdfs/PSAT-8-9/Reading-and-Writing/part-004.pdf,253
PSAT 8/9,Reading and Writing,ce694afe,pdfs/PSAT-8-9/Reading-and-Writing/part-004.pdf,254
PSAT 8/9,Reading and Writing,a9a95639,pdfs/PSAT-8-9/Reading-and-Writing/part-004.pdf,255
PSAT 8/9,Reading and Writing,11056467,pdfs/PSAT-8-9/Reading-and-Writing/part-004.pdf,256
PSAT 8/9,Reading and Writing,03ca25bb,pdfs/PSAT-8-9/Reading-and-Writing/part-004.pdf,257
PSAT 8/9,Reading and Writing,4d176409,pdfs/PSAT-8-9/Reading-and-Writing/part-004.pdf,258
PSAT 8/9,Reading and Writing,d281c8d3,pdfs/PSAT-8-9/Reading-and-Writing/part-004.pdf,259
PSAT 8/9,Reading and Writing,7c99c1d4,pdfs/PSAT-8-9/Reading-and-Writing/part-004.pdf,260
PSAT 8/9,Reading and Writing,03fac32d,pdfs/PSAT-8-9/Reading-and-Writing/part-004.pdf,261
PSAT 8/9,Reading and Writing,f5554e1a,pdfs/PSAT-8-9/Reading-and-Writing/part-004.pdf,262
PSAT 8/9,Reading and Writing,e32abb06,pdfs/PSAT-8-9/Reading-and-Writing/part-004.pdf,263
PSAT 8/9,Reading and Writing,54868589,pdfs/PSAT-8-9/Reading-and-Writing/part-004.pdf,264
PSAT 8/9,Reading and Writing,3b45a45b,pdfs/PSAT-8-9/Reading-and-Writing/part-004.pdf,265
PSAT 8/9,Reading and Writing,62e13c74,pdfs/PSAT-8-9/Reading-and-Writing/part-004.pdf,266
PSAT 8/9,Reading and Writing,e82e4a4a,pdfs/PSAT-8-9/Reading-and-Writing/part-004.pdf,267
PSAT 8/9,Reading and Writing,664cdebe,pdfs/PSAT-8-9/Reading-and-Writing/part-004.pdf,268
PSAT 8/9,Reading and Writing,e1e9e391,pdfs/PSAT-8-9/Reading-and-Writing/part-004.pdf,269
PSAT 8/9,Reading and Writing,f49dd3d5,pdfs/PSAT-8-9/Reading-and-Writing/part-004.pdf,270
PSAT 8/9,Reading and Writing,cb3c6dd5,pdfs/PSAT-8-9/Reading-and-Writing/part-004.pdf,271
PSAT 8/9,Reading and Writing,e14123a3,pdfs/PSAT-8-9/Reading-and-Writing/part-004.pdf,272
PSAT 8/9,Reading and Writing,fa795825,pdfs/PSAT-8-9/Reading-and-Writing/part-004.pdf,273
PSAT 8/9,Reading and Writing,edbbeca3,pdfs/PSAT-8-9/Reading-and-Writing/part-004.pdf,274
PSAT 8/9,Reading and Writing,e6b9db49,pdfs/PSAT-8-9/Reading-and-Writing/part-004.pdf,275
PSAT 8/9,Reading and Writing,262430cb,pdfs/PSAT-8-9/Reading-and-Writing/part-004.pdf,276
PSAT 8/9,Reading and Writing,f747b6e3,pdfs/PSAT-8-9/Reading-and-Writing/part-004.pdf,277
PSAT 8/9,Reading and Writing,5e5fb74a,pdfs/PSAT-8-9/Reading-and-Writing/part-004.pdf,278
PSAT 8/9,Reading and Writing,283a952a,pdfs/PSAT-8-9/Reading-and-Writing/part-004.pdf,279
PSAT 8/9,Reading and Writing,3c238600,pdfs/PSAT-8-9/Reading-and-Writing/part-004.pdf,280
PSAT 8/9,Reading and Writing,5d2fa0fc,pdfs/PSAT-8-9/Reading-and-Writing/part-004.pdf,281
PSAT 8/9,Reading and Writing,eeef834b,pdfs/PSAT-8-9/Reading-and-Writing/part-004.pdf,282
PSAT 8/9,Reading and Writing,7880a9ef,pdfs/PSAT-8-9/Reading-and-Writing/part-004.pdf,283
PSAT 8/9,Reading and Writing,95aee254,pdfs/PSAT-8-9/Reading-and-Writing/part-004.pdf,284
PSAT 8/9,Reading and Writing,b3e882f2,pdfs/PSAT-8-9/Reading-and-Writing/part-004.pdf,285
PSAT 8/9,Reading and Writing,1940ec4c,pdfs/PSAT-8-9/Reading-and-Writing/part-004.pdf,286
PSAT 8/9,Reading and Writing,a9fffded,pdfs/PSAT-8-9/Reading-and-Writing/part-004.pdf,287
PSAT 8/9,Reading and Writing,17afa161,pdfs/PSAT-8-9/Reading-and-Writing/part-004.pdf,288
PSAT 8/9,Reading and Writing,f7331561,pdfs/PSAT-8-9/Reading-and-Writing/part-004.pdf,289
PSAT 8/9,Reading and Writing,f8e6b4a6,pdfs/PSAT-8-9/Reading-and-Writing/part-004.pdf,290
PSAT 8/9,Reading and Writing,6722a82f,pdfs/PSAT-8-9/Reading-and-Writing/part-004.pdf,291
PSAT 8/9,Reading and Writing,69556476,pdfs/PSAT-8-9/Reading-and-Writing/part-004.pdf,292
PSAT 8/9,Reading and Writing,2123ad30,pdfs/PSAT-8-9/Reading-and-Writing/part-004.pdf,293
PSAT 8/9,Reading and Writing,8e23d0c7,pdfs/PSAT-8-9/Reading-and-Writing/part-004.pdf,294
PSAT 8/9,Reading and Writing,f4332709,pdfs/PSAT-8-9/Reading-and-Writing/part-004.pdf,295
PSAT 8/9,Reading and Writing,0acf54e8,pdfs/PSAT-8-9/Reading-and-Writing/part-004.pdf,296
PSAT 8/9,Reading and Writing,88331141,pdfs/PSAT-8-9/Reading-and-Writing/part-004.pdf,297
PSAT 8/9,Reading and Writing,2e49a689,pdfs/PSAT-8-9/Reading-and-Writing/part-004.pdf,298
PSAT 8/9,Reading and Writing,766a16bb,pdfs/PSAT-8-9/Reading-and-Writing/part-004.pdf,299
PSAT 8/9,Reading and Writing,508268b7,pdfs/PSAT-8-9/Reading-and-Writing/part-004.pdf,300
PSAT 8/9,Reading and Writing,43bedbc0,pdfs/PSAT-8-9/Reading-and-Writing/part-004.pdf,301
PSAT 8/9,Reading and Writing,0178c7ea,pdfs/PSAT-8-9/Reading-and-Writing/part-004.pdf,302
PSAT 8/9,Reading and Writing,3d3d7b16,pdfs/PSAT-8-9/Reading-and-Writing/part-004.pdf,303
PSAT 8/9,Reading and Writing,f0124561,pdfs/PSAT-8-9/Reading-and-Writing/part-004.pdf,304
PSAT 8/9,Reading and Writing,f4edd25b,pdfs/PSAT-8-9/Reading-and-Writing/part-004.pdf,305
PSAT 8/9,Reading and Writing,97572753,pdfs/PSAT-8-9/Reading-and-Writing/part-004.pdf,306
PSAT 8/9,Reading and Writing,183a5f07,pdfs/PSAT-8-9/Reading-and-Writing/part-004.pdf,307
PSAT 8/9,Reading and Writing,5bf1ebee,pdfs/PSAT-8-9/Reading-and-Writing/part-004.pdf,308
PSAT 8/9,Reading and Writing,772f062c,pdfs/PSAT-8-9/Reading-and-Writing/part-004.pdf,309
PSAT 8/9,Reading and Writing,d8065549,pdfs/PSAT-8-9/Reading-and-Writing/part-004.pdf,310
PSAT 8/9,Reading and Writing,40a83de2,pdfs/PSAT-8-9/Reading-and-Writing/part-004.pdf,311
PSAT 8/9,Reading and Writing,dd884063,pdfs/PSAT-8-9/Reading-and-Writing/part-004.pdf,312
PSAT 8/9,Reading and Writing,4c1c16c3,pdfs/PSAT-8-9/Reading-and-Writing/part-004.pdf,313
PSAT 8/9,Reading and Writing,89fc8507,pdfs/PSAT-8-9/Reading-and-Writing/part-004.pdf,314
PSAT 8/9,Reading and Writing,11b14dc7,pdfs/PSAT-8-9/Reading-and-Writing/part-004.pdf,315
PSAT 8/9,Reading and Writing,278e3e3c,pdfs/PSAT-8-9/Reading-and-Writing/part-004.pdf,316
PSAT 8/9,Reading and Writing,8091d666,pdfs/PSAT-8-9/Reading-and-Writing/part-004.pdf,317
PSAT 8/9,Reading and Writing,436cccf5,pdfs/PSAT-8-9/Reading-and-Writing/part-004.pdf,318
PSAT 8/9,Reading and Writing,d60b3de9,pdfs/PSAT-8-9/Reading-and-Writing/part-004.pdf,319
PSAT 8/9,Reading and Writing,491a17a7,pdfs/PSAT-8-9/Reading-and-Writing/part-004.pdf,320
PSAT 8/9,Reading and Writing,1a908451,pdfs/PSAT-8-9/Reading-and-Writing/part-004.pdf,321
PSAT 8/9,Reading and Writing,fedb4135,pdfs/PSAT-8-9/Reading-and-Writing/part-004.pdf,322
PSAT 8/9,Reading and Writing,92b2a747,pdfs/PSAT-8-9/Reading-and-Writing/part-004.pdf,323
PSAT 8/9,Reading and Writing,a5da1629,pdfs/PSAT-8-9/Reading-and-Writing/part-004.pdf,324
PSAT 8/9,Reading and Writing,ea3954b5,pdfs/PSAT-8-9/Reading-and-Writing/part-004.pdf,325
PSAT 8/9,Reading and Writing,3136bc2a,pdfs/PSAT-8-9/Reading-and-Writing/part-004.pdf,326
PSAT 8/9,Reading and Writing,25121983,pdfs/PSAT-8-9/Reading-and-Writing/part-004.pdf,327
PSAT 8/9,Reading and Writing,111c3cbf,pdfs/PSAT-8-9/Reading-and-Writing/part-004.pdf,328
PSAT 8/9,Reading and Writing,16bb420e,pdfs/PSAT-8-9/Reading-and-Writing/part-004.pdf,329
PSAT 8/9,Reading and Writing,5c8de7e2,pdfs/PSAT-8-9/Reading-and-Writing/part-004.pdf,330
PSAT 8/9,Reading and Writing,25273a8d,pdfs/PSAT-8-9/Reading-and-Writing/part-004.pdf,331
PSAT 8/9,Reading and Writing,795f82e0,pdfs/PSAT-8-9/Reading-and-Writing/part-004.pdf,332
PSAT 8/9,Reading and Writing,f3290e7d,pdfs/PSAT-8-9/Reading-and-Writing/part-004.pdf,333
PSAT 8/9,Reading and Writing,8b7904d0,pdfs/PSAT-8-9/Reading-and-Writing/part-004.pdf,334
PSAT 8/9,Reading and Writing,6e014516,pdfs/PSAT-8-9/Reading-and-Writing/part-004.pdf,335
PSAT 8/9,Reading and Writing,685b423c,pdfs/PSAT-8-9/Reading-and-Writing/part-004.pdf,336
PSAT 8/9,Reading and Writing,312bfabb,pdfs/PSAT-8-9/Reading-and-Writing/part-004.pdf,337
PSAT 8/9,Reading and Writing,8f5987cb,pdfs/PSAT-8-9/Reading-and-Writing/part-004.pdf,338
PSAT 8/9,Reading and Writing,b995581c,pdfs/PSAT-8-9/Reading-and-Writing/part-004.pdf,339
PSAT 8/9,Reading and Writing,a181c44b,pdfs/PSAT-8-9/Reading-and-Writing/part-004.pdf,340
PSAT 8/9,Reading and Writing,08afa0cc,pdfs/PSAT-8-9/Reading-and-Writing/part-004.pdf,341
PSAT 8/9,Reading and Writing,b3ca1556,pdfs/PSAT-8-9/Reading-and-Writing/part-004.pdf,342
PSAT 8/9,Reading and Writing,f4e0e75d,pdfs/PSAT-8-9/Reading-and-Writing/part-004.pdf,343
PSAT 8/9,Reading and Writing,7149d1b6,pdfs/PSAT-8-9/Reading-and-Writing/part-004.pdf,344
PSAT 8/9,Reading and Writing,f60f2482,pdfs/PSAT-8-9/Reading-and-Writing/part-004.pdf,345
PSAT 8/9,Reading and Writing,4a1283fc,pdfs/PSAT-8-9/Reading-and-Writing/part-004.pdf,346
PSAT 8/9,Reading and Writing,83da77c7,pdfs/PSAT-8-9/Reading-and-Writing/part-004.pdf,347
PSAT 8/9,Reading and Writing,392848bf,pdfs/PSAT-8-9/Reading-and-Writing/part-004.pdf,348
PSAT 8/9,Reading and Writing,87a786d7,pdfs/PSAT-8-9/Reading-and-Writing/part-004.pdf,349
PSAT 8/9,Reading and Writing,ce54589a,pdfs/PSAT-8-9/Reading-and-Writing/part-004.pdf,350
PSAT 8/9,Reading and Writing,3aef891d,pdfs/PSAT-8-9/Reading-and-Writing/part-004.pdf,351
PSAT 8/9,Reading and Writing,2b146272,pdfs/PSAT-8-9/Reading-and-Writing/part-004.pdf,352
PSAT 8/9,Reading and Writing,0bcf9a4d,pdfs/PSAT-8-9/Reading-and-Writing/part-004.pdf,353
PSAT 8/9,Reading and Writing,5fc53fa4,pdfs/PSAT-8-9/Reading-and-Writing/part-004.pdf,354
PSAT 8/9,Math,6cdc66d9,pdfs/PSAT-8-9/Math/part-001.pdf,1
PSAT 8/9,Math,7326e8c1,pdfs/PSAT-8-9/Math/part-001.pdf,2
PSAT 8/9,Math,b98324c9,pdfs/PSAT-8-9/Math/part-001.pdf,3
PSAT 8/9,Math,2b0def60,pdfs/PSAT-8-9/Math/part-001.pdf,4
PSAT 8/9,Math,b7969d5a,pdfs/PSAT-8-9/Math/part-001.pdf,5
PSAT 8/9,Math,34924409,pdfs/PSAT-8-9/Math/part-001.pdf,7
PSAT 8/9,Math,67ee289f,pdfs/PSAT-8-9/Math/part-001.pdf,8
PSAT 8/9,Math,13aa5fea,pdfs/PSAT-8-9/Math/part-001.pdf,9
PSAT 8/9,Math,7168a714,pdfs/PSAT-8-9/Math/part-001.pdf,10
PSAT 8/9,Math,81f1ae35,pdfs/PSAT-8-9/Math/part-001.pdf,11
PSAT 8/9,Math,012c92ef,pdfs/PSAT-8-9/Math/part-001.pdf,12
PSAT 8/9,Math,edd75b5a,pdfs/PSAT-8-9/Math/part-001.pdf,13
PSAT 8/9,Math,8fa05198,pdfs/PSAT-8-9/Math/part-001.pdf,14
PSAT 8/9,Math,540696ff,pdfs/PSAT-8-9/Math/part-001.pdf,15
PSAT 8/9,Math,a41b9318,pdfs/PSAT-8-9/Math/part-001.pdf,16
PSAT 8/9,Math,9e5fa89b,pdfs/PSAT-8-9/Math/part-001.pdf,17
PSAT 8/9,Math,b09f861c,pdfs/PSAT-8-9/Math/part-001.pdf,18
PSAT 8/9,Math,ccad6eb5,pdfs/PSAT-8-9/Math/part-001.pdf,19
PSAT 8/9,Math,f7df662b,pdfs/PSAT-8-9/Math/part-001.pdf,20
PSAT 8/9,Math,e61da076,pdfs/PSAT-8-9/Math/part-001.pdf,21
PSAT 8/9,Math,24eaa592,pdfs/PSAT-8-9/Math/part-001.pdf,22
PSAT 8/9,Math,f20425e7,pdfs/PSAT-8-9/Math/part-001.pdf,23
PSAT 8/9,Math,058a64cb,pdfs/PSAT-8-9/Math/part-001.pdf,24
PSAT 8/9,Math,26fac581,pdfs/PSAT-8-9/Math/part-001.pdf,25
PSAT 8/9,Math,4ba82626,pdfs/PSAT-8-9/Math/part-001.pdf,26
PSAT 8/9,Math,da9c5d2d,pdfs/PSAT-8-9/Math/part-001.pdf,27
PSAT 8/9,Math,e395ef09,pdfs/PSAT-8-9/Math/part-001.pdf,29
PSAT 8/9,Math,48bad848,pdfs/PSAT-8-9/Math/part-001.pdf,30
PSAT 8/9,Math,382c7b4c,pdfs/PSAT-8-9/Math/part-001.pdf,31
PSAT 8/9,Math,6d54337e,pdfs/PSAT-8-9/Math/part-001.pdf,32
PSAT 8/9,Math,38dc96c5,pdfs/PSAT-8-9/Math/part-001.pdf,33
PSAT 8/9,Math,ca0239c4,pdfs/PSAT-8-9/Math/part-001.pdf,34
PSAT 8/9,Math,90f45b92,pdfs/PSAT-8-9/Math/part-001.pdf,35
PSAT 8/9,Math,3a18df43,pdfs/PSAT-8-9/Math/part-001.pdf,36
PSAT 8/9,Math,f8a6047c,pdfs/PSAT-8-9/Math/part-001.pdf,37
PSAT 8/9,Math,bd29f4be,pdfs/PSAT-8-9/Math/part-001.pdf,38
PSAT 8/9,Math,cfcf7367,pdfs/PSAT-8-9/Math/part-001.pdf,39
PSAT 8/9,Math,f0581e16,pdfs/PSAT-8-9/Math/part-001.pdf,40
PSAT 8/9,Math,b507f16b,pdfs/PSAT-8-9/Math/part-001.pdf,41
PSAT 8/9,Math,ff8ef820,pdfs/PSAT-8-9/Math/part-001.pdf,42
PSAT 8/9,Math,0597ec18,pdfs/PSAT-8-9/Math/part-001.pdf,43
PSAT 8/9,Math,bc5a2dbb,pdfs/PSAT-8-9/Math/part-001.pdf,44
PSAT 8/9,Math,3a272189,pdfs/PSAT-8-9/Math/part-001.pdf,45
PSAT 8/9,Math,b2dfe71a,pdfs/PSAT-8-9/Math/part-001.pdf,46
PSAT 8/9,Math,c95ddcb4,pdfs/PSAT-8-9/Math/part-001.pdf,47
PSAT 8/9,Math,f3e19589,pdfs/PSAT-8-9/Math/part-001.pdf,48
PSAT 8/9,Math,1543af73,pdfs/PSAT-8-9/Math/part-001.pdf,49
PSAT 8/9,Math,a887f207,pdfs/PSAT-8-9/Math/part-001.pdf,50
PSAT 8/9,Math,9b3255b4,pdfs/PSAT-8-9/Math/part-001.pdf,51
PSAT 8/9,Math,9dc2a151,pdfs/PSAT-8-9/Math/part-001.pdf,52
PSAT 8/9,Math,8229364b,pdfs/PSAT-8-9/Math/part-001.pdf,53
PSAT 8/9,Math,b34df9c0,pdfs/PSAT-8-9/Math/part-001.pdf,54
PSAT 8/9,Math,e4ef0ddc,pdfs/PSAT-8-9/Math/part-001.pdf,55
PSAT 8/9,Math,99d5938f,pdfs/PSAT-8-9/Math/part-001.pdf,56
PSAT 8/9,Math,45538ac6,pdfs/PSAT-8-9/Math/part-001.pdf,57
PSAT 8/9,Math,b683f596,pdfs/PSAT-8-9/Math/part-001.pdf,58
PSAT 8/9,Math,a0127d06,pdfs/PSAT-8-9/Math/part-001.pdf,59
PSAT 8/9,Math,c57ad768,pdfs/PSAT-8-9/Math/part-001.pdf,61
PSAT 8/9,Math,558e31c1,pdfs/PSAT-8-9/Math/part-001.pdf,62
PSAT 8/9,Math,1c50f722,pdfs/PSAT-8-9/Math/part-001.pdf,63
PSAT 8/9,Math,631c1007,pdfs/PSAT-8-9/Math/part-001.pdf,64
PSAT 8/9,Math,5d798601,pdfs/PSAT-8-9/Math/part-001.pdf,65
PSAT 8/9,Math,df8225f0,pdfs/PSAT-8-9/Math/part-001.pdf,66
PSAT 8/9,Math,b8b6cd72,pdfs/PSAT-8-9/Math/part-001.pdf,67
PSAT 8/9,Math,b8da8038,pdfs/PSAT-8-9/Math/part-001.pdf,68
PSAT 8/9,Math,07a948b0,pdfs/PSAT-8-9/Math/part-001.pdf,69
PSAT 8/9,Math,29ec4cef,pdfs/PSAT-8-9/Math/part-001.pdf,70
PSAT 8/9,Math,3b6b5f30,pdfs/PSAT-8-9/Math/part-001.pdf,71
PSAT 8/9,Math,cd4b01fc,pdfs/PSAT-8-9/Math/part-001.pdf,72
PSAT 8/9,Math,c653732d,pdfs/PSAT-8-9/Math/part-001.pdf,73
PSAT 8/9,Math,9736f5a3,pdfs/PSAT-8-9/Math/part-001.pdf,74
PSAT 8/9,Math,9939ce85,pdfs/PSAT-8-9/Math/part-001.pdf,75
PSAT 8/9,Math,1550b402,pdfs/PSAT-8-9/Math/part-001.pdf,76
PSAT 8/9,Math,4526989c,pdfs/PSAT-8-9/Math/part-001.pdf,77
PSAT 8/9,Math,b1362071,pdfs/PSAT-8-9/Math/part-001.pdf,78
PSAT 8/9,Math,3a89db61,pdfs/PSAT-8-9/Math/part-001.pdf,79
PSAT 8/9,Math,62642874,pdfs/PSAT-8-9/Math/part-001.pdf,80
PSAT 8/9,Math,c4ad1ba7,pdfs/PSAT-8-9/Math/part-001.pdf,81
PSAT 8/9,Math,e307252d,pdfs/PSAT-8-9/Math/part-001.pdf,82
PSAT 8/9,Math,1ce06e11,pdfs/PSAT-8-9/Math/part-001.pdf,83
PSAT 8/9,Math,2e4a551c,pdfs/PSAT-8-9/Math/part-001.pdf,84
PSAT 8/9,Math,bf55e817,pdfs/PSAT-8-9/Math/part-001.pdf,85
PSAT 8/9,Math,70a34ce6,pdfs/PSAT-8-9/Math/part-001.pdf,86
PSAT 8/9,Math,3f963a8f,pdfs/PSAT-8-9/Math/part-001.pdf,87
PSAT 8/9,Math,7b86cc20,pdfs/PSAT-8-9/Math/part-001.pdf,88
PSAT 8/9,Math,0f91ff37,pdfs/PSAT-8-9/Math/part-001.pdf,89
PSAT 8/9,Math,99422c45,pdfs/PSAT-8-9/Math/part-001.pdf,90
PSAT 8/9,Math,bee8dd41,pdfs/PSAT-8-9/Math/part-001.pdf,91
PSAT 8/9,Math,36620749,pdfs/PSAT-8-9/Math/part-001.pdf,92
PSAT 8/9,Math,cb27b039,pdfs/PSAT-8-9/Math/part-001.pdf,93
PSAT 8/9,Math,1739461e,pdfs/PSAT-8-9/Math/part-001.pdf,94
PSAT 8/9,Math,8e725ccc,pdfs/PSAT-8-9/Math/part-001.pdf,95
PSAT 8/9,Math,e9bf3b5c,pdfs/PSAT-8-9/Math/part-001.pdf,96
PSAT 8/9,Math,270a7b0b,pdfs/PSAT-8-9/Math/part-001.pdf,97
PSAT 8/9,Math,f4edae39,pdfs/PSAT-8-9/Math/part-001.pdf,98
PSAT 8/9,Math,555e0998,pdfs/PSAT-8-9/Math/part-001.pdf,99
PSAT 8/9,Math,00c0e76e,pdfs/PSAT-8-9/Math/part-001.pdf,100
PSAT 8/9,Math,0c46be02,pdfs/PSAT-8-9/Math/part-001.pdf,101
PSAT 8/9,Math,3d6fe680,pdfs/PSAT-8-9/Math/part-001.pdf,102
PSAT 8/9,Math,f8a9d414,pdfs/PSAT-8-9/Math/part-001.pdf,103
PSAT 8/9,Math,511492df,pdfs/PSAT-8-9/Math/part-001.pdf,104
PSAT 8/9,Math,6b143fde,pdfs/PSAT-8-9/Math/part-001.pdf,105
PSAT 8/9,Math,3e215804,pdfs/PSAT-8-9/Math/part-001.pdf,106
PSAT 8/9,Math,4afb22e4,pdfs/PSAT-8-9/Math/part-001.pdf,107
PSAT 8/9,Math,10298d3e,pdfs/PSAT-8-9/Math/part-001.pdf,108
PSAT 8/9,Math,437fc36c,pdfs/PSAT-8-9/Math/part-001.pdf,109
PSAT 8/9,Math,b8831951,pdfs/PSAT-8-9/Math/part-001.pdf,110
PSAT 8/9,Math,c1097089,pdfs/PSAT-8-9/Math/part-001.pdf,111
PSAT 8/9,Math,d66a5765,pdfs/PSAT-8-9/Math/part-001.pdf,112
PSAT 8/9,Math,540ae750,pdfs/PSAT-8-9/Math/part-001.pdf,113
PSAT 8/9,Math,7024b909,pdfs/PSAT-8-9/Math/part-001.pdf,114
PSAT 8/9,Math,58848a29,pdfs/PSAT-8-9/Math/part-001.pdf,115
PSAT 8/9,Math,e05380b5,pdfs/PSAT-8-9/Math/part-001.pdf,116
PSAT 8/9,Math,e21128bf,pdfs/PSAT-8-9/Math/part-001.pdf,117
PSAT 8/9,Math,4b99e28f,pdfs/PSAT-8-9/Math/part-001.pdf,118
PSAT 8/9,Math,eaa479ce,pdfs/PSAT-8-9/Math/part-001.pdf,119
PSAT 8/9,Math,93c7b763,pdfs/PSAT-8-9/Math/part-001.pdf,120
PSAT 8/9,Math,5a1edd0d,pdfs/PSAT-8-9/Math/part-001.pdf,121
PSAT 8/9,Math,fe7f5dea,pdfs/PSAT-8-9/Math/part-001.pdf,122
PSAT 8/9,Math,74e5e962,pdfs/PSAT-8-9/Math/part-001.pdf,123
PSAT 8/9,Math,509cb1a6,pdfs/PSAT-8-9/Math/part-001.pdf,124
PSAT 8/9,Math,20fa28d9,pdfs/PSAT-8-9/Math/part-001.pdf,125
PSAT 8/9,Math,f79967c2,pdfs/PSAT-8-9/Math/part-001.pdf,126
PSAT 8/9,Math,9b982943,pdfs/PSAT-8-9/Math/part-001.pdf,127
PSAT 8/9,Math,1b9196e2,pdfs/PSAT-8-9/Math/part-001.pdf,128
PSAT 8/9,Math,09b6bf9d,pdfs/PSAT-8-9/Math/part-001.pdf,129
PSAT 8/9,Math,3cc9dfc6,pdfs/PSAT-8-9/Math/part-001.pdf,130
PSAT 8/9,Math,54eecd34,pdfs/PSAT-8-9/Math/part-001.pdf,131
PSAT 8/9,Math,e0f54202,pdfs/PSAT-8-9/Math/part-001.pdf,132
PSAT 8/9,Math,1fbf81dc,pdfs/PSAT-8-9/Math/part-001.pdf,133
PSAT 8/9,Math,e29f08f7,pdfs/PSAT-8-9/Math/part-001.pdf,134
PSAT 8/9,Math,2c066c1f,pdfs/PSAT-8-9/Math/part-001.pdf,135
PSAT 8/9,Math,5ec65437,pdfs/PSAT-8-9/Math/part-001.pdf,136
PSAT 8/9,Math,f84ed495,pdfs/PSAT-8-9/Math/part-001.pdf,137
PSAT 8/9,Math,2587f783,pdfs/PSAT-8-9/Math/part-001.pdf,138
PSAT 8/9,Math,7eda1473,pdfs/PSAT-8-9/Math/part-001.pdf,139
PSAT 8/9,Math,2aa80bbb,pdfs/PSAT-8-9/Math/part-001.pdf,140
PSAT 8/9,Math,a6d6fba9,pdfs/PSAT-8-9/Math/part-001.pdf,141
PSAT 8/9,Math,da6105bc,pdfs/PSAT-8-9/Math/part-001.pdf,142
PSAT 8/9,Math,87c82144,pdfs/PSAT-8-9/Math/part-001.pdf,143
PSAT 8/9,Math,9ff1e836,pdfs/PSAT-8-9/Math/part-001.pdf,144
PSAT 8/9,Math,7c10305d,pdfs/PSAT-8-9/Math/part-001.pdf,145
PSAT 8/9,Math,5ba35ef7,pdfs/PSAT-8-9/Math/part-001.pdf,146
PSAT 8/9,Math,aa5ac7ca,pdfs/PSAT-8-9/Math/part-001.pdf,147
PSAT 8/9,Math,267006ba,pdfs/PSAT-8-9/Math/part-001.pdf,148
PSAT 8/9,Math,7a41e62d,pdfs/PSAT-8-9/Math/part-001.pdf,149
PSAT 8/9,Math,545b04a8,pdfs/PSAT-8-9/Math/part-001.pdf,150
PSAT 8/9,Math,66303c34,pdfs/PSAT-8-9/Math/part-001.pdf,152
PSAT 8/9,Math,d110f579,pdfs/PSAT-8-9/Math/part-001.pdf,153
PSAT 8/9,Math,701c94e0,pdfs/PSAT-8-9/Math/part-001.pdf,154
PSAT 8/9,Math,e83a38d3,pdfs/PSAT-8-9/Math/part-001.pdf,155
PSAT 8/9,Math,342b90d3,pdfs/PSAT-8-9/Math/part-001.pdf,156
PSAT 8/9,Math,24ead6e7,pdfs/PSAT-8-9/Math/part-001.pdf,157
PSAT 8/9,Math,6512d591,pdfs/PSAT-8-9/Math/part-001.pdf,158
PSAT 8/9,Math,d2852a09,pdfs/PSAT-8-9/Math/part-001.pdf,159
PSAT 8/9,Math,8a04fc32,pdfs/PSAT-8-9/Math/part-001.pdf,160
PSAT 8/9,Math,daf245ee,pdfs/PSAT-8-9/Math/part-001.pdf,161
PSAT 8/9,Math,b555f0af,pdfs/PSAT-8-9/Math/part-001.pdf,162
PSAT 8/9,Math,1fb6cc20,pdfs/PSAT-8-9/Math/part-001.pdf,163
PSAT 8/9,Math,f5941eff,pdfs/PSAT-8-9/Math/part-001.pdf,164
PSAT 8/9,Math,f9a13f06,pdfs/PSAT-8-9/Math/part-001.pdf,166
PSAT 8/9,Math,a45935cf,pdfs/PSAT-8-9/Math/part-001.pdf,167
PSAT 8/9,Math,74e5263b,pdfs/PSAT-8-9/Math/part-001.pdf,169
PSAT 8/9,Math,cfa8a063,pdfs/PSAT-8-9/Math/part-001.pdf,170
PSAT 8/9,Math,5b34cc7e,pdfs/PSAT-8-9/Math/part-001.pdf,171
PSAT 8/9,Math,a44d155d,pdfs/PSAT-8-9/Math/part-001.pdf,173
PSAT 8/9,Math,5abc7f03,pdfs/PSAT-8-9/Math/part-001.pdf,174
PSAT 8/9,Math,17ed8a2c,pdfs/PSAT-8-9/Math/part-001.pdf,175
PSAT 8/9,Math,9d27d502,pdfs/PSAT-8-9/Math/part-001.pdf,176
PSAT 8/9,Math,3e8ab19e,pdfs/PSAT-8-9/Math/part-001.pdf,177
PSAT 8/9,Math,41e1dd1b,pdfs/PSAT-8-9/Math/part-001.pdf,178
PSAT 8/9,Math,9f669e93,pdfs/PSAT-8-9/Math/part-001.pdf,179
PSAT 8/9,Math,77d2cd10,pdfs/PSAT-8-9/Math/part-001.pdf,180
PSAT 8/9,Math,c265176c,pdfs/PSAT-8-9/Math/part-001.pdf,181
PSAT 8/9,Math,a7339f8f,pdfs/PSAT-8-9/Math/part-001.pdf,182
PSAT 8/9,Math,dbef21e5,pdfs/PSAT-8-9/Math/part-001.pdf,183
PSAT 8/9,Math,fbaf2503,pdfs/PSAT-8-9/Math/part-001.pdf,184
PSAT 8/9,Math,23a4ef88,pdfs/PSAT-8-9/Math/part-001.pdf,185
PSAT 8/9,Math,e5016148,pdfs/PSAT-8-9/Math/part-001.pdf,187
PSAT 8/9,Math,7a2fb28d,pdfs/PSAT-8-9/Math/part-001.pdf,188
PSAT 8/9,Math,b79e57c7,pdfs/PSAT-8-9/Math/part-001.pdf,189
PSAT 8/9,Math,43598807,pdfs/PSAT-8-9/Math/part-001.pdf,190
PSAT 8/9,Math,a302bcd7,pdfs/PSAT-8-9/Math/part-001.pdf,191
PSAT 8/9,Math,505ae4e7,pdfs/PSAT-8-9/Math/part-001.pdf,192
PSAT 8/9,Math,d0465777,pdfs/PSAT-8-9/Math/part-001.pdf,193
PSAT 8/9,Math,d538b4f8,pdfs/PSAT-8-9/Math/part-001.pdf,194
PSAT 8/9,Math,92edfd32,pdfs/PSAT-8-9/Math/part-001.pdf,195
PSAT 8/9,Math,13718a70,pdfs/PSAT-8-9/Math/part-001.pdf,196
PSAT 8/9,Math,e046c562,pdfs/PSAT-8-9/Math/part-001.pdf,197
PSAT 8/9,Math,aced8684,pdfs/PSAT-8-9/Math/part-001.pdf,198
PSAT 8/9,Math,6f069d16,pdfs/PSAT-8-9/Math/part-001.pdf,199
PSAT 8/9,Math,1d8c2ca5,pdfs/PSAT-8-9/Math/part-001.pdf,200
PSAT 8/9,Math,a8b30a80,pdfs/PSAT-8-9/Math/part-001.pdf,201
PSAT 8/9,Math,70819f73,pdfs/PSAT-8-9/Math/part-001.pdf,202
PSAT 8/9,Math,43608026,pdfs/PSAT-8-9/Math/part-001.pdf,203
PSAT 8/9,Math,cd582173,pdfs/PSAT-8-9/Math/part-001.pdf,204
PSAT 8/9,Math,30d999a9,pdfs/PSAT-8-9/Math/part-001.pdf,205
PSAT 8/9,Math,f7523b00,pdfs/PSAT-8-9/Math/part-001.pdf,206
PSAT 8/9,Math,f302230c,pdfs/PSAT-8-9/Math/part-001.pdf,207
PSAT 8/9,Math,3a6ff98c,pdfs/PSAT-8-9/Math/part-001.pdf,208
PSAT 8/9,Math,ae32fda9,pdfs/PSAT-8-9/Math/part-001.pdf,209
PSAT 8/9,Math,e253ee06,pdfs/PSAT-8-9/Math/part-001.pdf,210
PSAT 8/9,Math,83412f99,pdfs/PSAT-8-9/Math/part-001.pdf,211
PSAT 8/9,Math,57fd202a,pdfs/PSAT-8-9/Math/part-001.pdf,212
PSAT 8/9,Math,712d4138,pdfs/PSAT-8-9/Math/part-001.pdf,213
PSAT 8/9,Math,df2c4228,pdfs/PSAT-8-9/Math/part-001.pdf,214
PSAT 8/9,Math,85dbadcc,pdfs/PSAT-8-9/Math/part-001.pdf,215
PSAT 8/9,Math,1a5d04aa,pdfs/PSAT-8-9/Math/part-001.pdf,216
PSAT 8/9,Math,5b5a2095,pdfs/PSAT-8-9/Math/part-001.pdf,217
PSAT 8/9,Math,dc864f65,pdfs/PSAT-8-9/Math/part-001.pdf,218
PSAT 8/9,Math,5641727f,pdfs/PSAT-8-9/Math/part-001.pdf,219
PSAT 8/9,Math,132adad0,pdfs/PSAT-8-9/Math/part-001.pdf,220
PSAT 8/9,Math,78345724,pdfs/PSAT-8-9/Math/part-001.pdf,221
PSAT 8/9,Math,577f0436,pdfs/PSAT-8-9/Math/part-001.pdf,222
PSAT 8/9,Math,5bfd8189,pdfs/PSAT-8-9/Math/part-001.pdf,223
PSAT 8/9,Math,da469dc8,pdfs/PSAT-8-9/Math/part-001.pdf,224
PSAT 8/9,Math,5d12b2e0,pdfs/PSAT-8-9/Math/part-001.pdf,225
PSAT 8/9,Math,43f33607,pdfs/PSAT-8-9/Math/part-001.pdf,226
PSAT 8/9,Math,e02b08e7,pdfs/PSAT-8-9/Math/part-001.pdf,227
PSAT 8/9,Math,ca0f7b7d,pdfs/PSAT-8-9/Math/part-001.pdf,228
PSAT 8/9,Math,0d9e17f9,pdfs/PSAT-8-9/Math/part-001.pdf,229
PSAT 8/9,Math,d4a7c9ab,pdfs/PSAT-8-9/Math/part-001.pdf,230
PSAT 8/9,Math,312e01f6,pdfs/PSAT-8-9/Math/part-001.pdf,231
PSAT 8/9,Math,ed3d81e5,pdfs/PSAT-8-9/Math/part-001.pdf,232
PSAT 8/9,Math,eb2e8645,pdfs/PSAT-8-9/Math/part-001.pdf,233
PSAT 8/9,Math,bd805b4c,pdfs/PSAT-8-9/Math/part-001.pdf,234
PSAT 8/9,Math,2a3e3cc8,pdfs/PSAT-8-9/Math/part-001.pdf,235
PSAT 8/9,Math,c56905b0,pdfs/PSAT-8-9/Math/part-001.pdf,236
PSAT 8/9,Math,bc247a45,pdfs/PSAT-8-9/Math/part-001.pdf,237
PSAT 8/9,Math,6f8e6206,pdfs/PSAT-8-9/Math/part-001.pdf,238
PSAT 8/9,Math,a03522a9,pdfs/PSAT-8-9/Math/part-001.pdf,241
PSAT 8/9,Math,1bccd33d,pdfs/PSAT-8-9/Math/part-001.pdf,242
PSAT 8/9,Math,9208d91e,pdfs/PSAT-8-9/Math/part-001.pdf,243
PSAT 8/9,Math,74e397f6,pdfs/PSAT-8-9/Math/part-001.pdf,244
PSAT 8/9,Math,102347ce,pdfs/PSAT-8-9/Math/part-001.pdf,246
PSAT 8/9,Math,d89c4e10,pdfs/PSAT-8-9/Math/part-001.pdf,247
PSAT 8/9,Math,1a796f7e,pdfs/PSAT-8-9/Math/part-001.pdf,248
PSAT 8/9,Math,79a7be6b,pdfs/PSAT-8-9/Math/part-001.pdf,249
PSAT 8/9,Math,9a24418e,pdfs/PSAT-8-9/Math/part-001.pdf,250
PSAT 8/9,Math,5861dfdf,pdfs/PSAT-8-9/Math/part-001.pdf,251
PSAT 8/9,Math,22de1f06,pdfs/PSAT-8-9/Math/part-001.pdf,252
PSAT 8/9,Math,c2231ae4,pdfs/PSAT-8-9/Math/part-001.pdf,253
PSAT 8/9,Math,52016b23,pdfs/PSAT-8-9/Math/part-001.pdf,254
PSAT 8/9,Math,14a30270,pdfs/PSAT-8-9/Math/part-001.pdf,255
PSAT 8/9,Math,78203fd6,pdfs/PSAT-8-9/Math/part-001.pdf,256
PSAT 8/9,Math,a96d6772,pdfs/PSAT-8-9/Math/part-001.pdf,257
PSAT 8/9,Math,31fb77e9,pdfs/PSAT-8-9/Math/part-001.pdf,258
PSAT 8/9,Math,00f184ac,pdfs/PSAT-8-9/Math/part-001.pdf,259
PSAT 8/9,Math,997897bb,pdfs/PSAT-8-9/Math/part-001.pdf,260
PSAT 8/9,Math,2157c59a,pdfs/PSAT-8-9/Math/part-001.pdf,261
PSAT 8/9,Math,8b9a937e,pdfs/PSAT-8-9/Math/part-001.pdf,262
PSAT 8/9,Math,f84a1ac3,pdfs/PSAT-8-9/Math/part-001.pdf,263
PSAT 8/9,Math,04ea6e87,pdfs/PSAT-8-9/Math/part-001.pdf,264
PSAT 8/9,Math,e5d21818,pdfs/PSAT-8-9/Math/part-001.pdf,265
PSAT 8/9,Math,633dfbd4,pdfs/PSAT-8-9/Math/part-001.pdf,266
PSAT 8/9,Math,03e1edd7,pdfs/PSAT-8-9/Math/part-001.pdf,267
PSAT 8/9,Math,d1a84f91,pdfs/PSAT-8-9/Math/part-001.pdf,268
PSAT 8/9,Math,5e8ade2c,pdfs/PSAT-8-9/Math/part-001.pdf,270
PSAT 8/9,Math,e5578442,pdfs/PSAT-8-9/Math/part-001.pdf,271
PSAT 8/9,Math,6ea7b43f,pdfs/PSAT-8-9/Math/part-001.pdf,272
PSAT 8/9,Math,ac5d1111,pdfs/PSAT-8-9/Math/part-001.pdf,273
PSAT 8/9,Math,f61a8790,pdfs/PSAT-8-9/Math/part-001.pdf,274
PSAT 8/9,Math,cc9e1030,pdfs/PSAT-8-9/Math/part-001.pdf,275
PSAT 8/9,Math,8bed9064,pdfs/PSAT-8-9/Math/part-001.pdf,276
PSAT 8/9,Math,14df3666,pdfs/PSAT-8-9/Math/part-001.pdf,277
PSAT 8/9,Math,993ccb71,pdfs/PSAT-8-9/Math/part-001.pdf,278
PSAT 8/9,Math,b1d8071d,pdfs/PSAT-8-9/Math/part-001.pdf,279
PSAT 8/9,Math,840a6cb5,pdfs/PSAT-8-9/Math/part-001.pdf,280
PSAT 8/9,Math,a2c58422,pdfs/PSAT-8-9/Math/part-001.pdf,281
PSAT 8/9,Math,94ed6cb4,pdfs/PSAT-8-9/Math/part-001.pdf,282
PSAT 8/9,Math,c80ba52a,pdfs/PSAT-8-9/Math/part-001.pdf,283
PSAT 8/9,Math,960c9b33,pdfs/PSAT-8-9/Math/part-001.pdf,284
PSAT 8/9,Math,80f50da8,pdfs/PSAT-8-9/Math/part-001.pdf,285
PSAT 8/9,Math,d8761959,pdfs/PSAT-8-9/Math/part-001.pdf,286
PSAT 8/9,Math,69f27e8d,pdfs/PSAT-8-9/Math/part-001.pdf,287
PSAT 8/9,Math,00fe5d14,pdfs/PSAT-8-9/Math/part-001.pdf,288
PSAT 8/9,Math,74199f19,pdfs/PSAT-8-9/Math/part-001.pdf,289
PSAT 8/9,Math,93b2b6d0,pdfs/PSAT-8-9/Math/part-001.pdf,290
PSAT 8/9,Math,6882d73a,pdfs/PSAT-8-9/Math/part-001.pdf,291
PSAT 8/9,Math,73c18e09,pdfs/PSAT-8-9/Math/part-001.pdf,292
PSAT 8/9,Math,77f220c8,pdfs/PSAT-8-9/Math/part-001.pdf,293
PSAT 8/9,Math,fb74fb84,pdfs/PSAT-8-9/Math/part-001.pdf,294
PSAT 8/9,Math,1b90ba5a,pdfs/PSAT-8-9/Math/part-001.pdf,295
PSAT 8/9,Math,fceec7d9,pdfs/PSAT-8-9/Math/part-001.pdf,296
PSAT 8/9,Math,eaa93cdc,pdfs/PSAT-8-9/Math/part-001.pdf,297
PSAT 8/9,Math,87abd849,pdfs/PSAT-8-9/Math/part-001.pdf,298
PSAT 8/9,Math,9dcf67d2,pdfs/PSAT-8-9/Math/part-001.pdf,299
PSAT 8/9,Math,016e443f,pdfs/PSAT-8-9/Math/part-001.pdf,300
PSAT 8/9,Math,f8f37997,pdfs/PSAT-8-9/Math/part-001.pdf,301
PSAT 8/9,Math,d4958899,pdfs/PSAT-8-9/Math/part-001.pdf,302
PSAT 8/9,Math,546e4481,pdfs/PSAT-8-9/Math/part-001.pdf,303
PSAT 8/9,Math,bf0805f8,pdfs/PSAT-8-9/Math/part-001.pdf,305
PSAT 8/9,Math,85c9dae2,pdfs/PSAT-8-9/Math/part-001.pdf,306
PSAT 8/9,Math,bf7f7175,pdfs/PSAT-8-9/Math/part-001.pdf,307
PSAT 8/9,Math,f2f836b6,pdfs/PSAT-8-9/Math/part-001.pdf,308
PSAT 8/9,Math,1cc0b274,pdfs/PSAT-8-9/Math/part-001.pdf,309
PSAT 8/9,Math,aaf2d4ea,pdfs/PSAT-8-9/Math/part-001.pdf,310
PSAT 8/9,Math,1ebca32f,pdfs/PSAT-8-9/Math/part-001.pdf,312
PSAT 8/9,Math,e13c0298,pdfs/PSAT-8-9/Math/part-001.pdf,313
PSAT 8/9,Math,7a7b7970,pdfs/PSAT-8-9/Math/part-001.pdf,314
PSAT 8/9,Math,e971cd57,pdfs/PSAT-8-9/Math/part-001.pdf,315
PSAT 8/9,Math,9f50b042,pdfs/PSAT-8-9/Math/part-001.pdf,316
PSAT 8/9,Math,a838035d,pdfs/PSAT-8-9/Math/part-001.pdf,317
PSAT 8/9,Math,7068b5b4,pdfs/PSAT-8-9/Math/part-001.pdf,318
PSAT 8/9,Math,a3c8c546,pdfs/PSAT-8-9/Math/part-001.pdf,319
PSAT 8/9,Math,d9303ffa,pdfs/PSAT-8-9/Math/part-001.pdf,320
PSAT 8/9,Math,9d8b2036,pdfs/PSAT-8-9/Math/part-001.pdf,321
PSAT 8/9,Math,59f7a7ce,pdfs/PSAT-8-9/Math/part-001.pdf,322
PSAT 8/9,Math,c97eedf4,pdfs/PSAT-8-9/Math/part-001.pdf,324
PSAT 8/9,Math,24325671,pdfs/PSAT-8-9/Math/part-001.pdf,325
PSAT 8/9,Math,adaf2a0a,pdfs/PSAT-8-9/Math/part-001.pdf,326
PSAT 8/9,Math,0115e89a,pdfs/PSAT-8-9/Math/part-001.pdf,327
PSAT 8/9,Math,2375be35,pdfs/PSAT-8-9/Math/part-001.pdf,328
PSAT 8/9,Math,1f237a20,pdfs/PSAT-8-9/Math/part-001.pdf,329
PSAT 8/9,Math,7d9d2a85,pdfs/PSAT-8-9/Math/part-001.pdf,330
PSAT 8/9,Math,fcfc5667,pdfs/PSAT-8-9/Math/part-001.pdf,332
PSAT 8/9,Math,dbaf21c0,pdfs/PSAT-8-9/Math/part-001.pdf,333
PSAT 8/9,Math,d3bb111b,pdfs/PSAT-8-9/Math/part-001.pdf,334
PSAT 8/9,Math,63371c0e,pdfs/PSAT-8-9/Math/part-001.pdf,335
PSAT 8/9,Math,d57e18c0,pdfs/PSAT-8-9/Math/part-001.pdf,336
PSAT 8/9,Math,8b6c7f5a,pdfs/PSAT-8-9/Math/part-001.pdf,337
PSAT 8/9,Math,c3650c5a,pdfs/PSAT-8-9/Math/part-001.pdf,338
PSAT 8/9,Math,fb0013a1,pdfs/PSAT-8-9/Math/part-001.pdf,339
PSAT 8/9,Math,7d3ad8a1,pdfs/PSAT-8-9/Math/part-001.pdf,340
PSAT 8/9,Math,342101bf,pdfs/PSAT-8-9/Math/part-001.pdf,341
PSAT 8/9,Math,1b5ab15e,pdfs/PSAT-8-9/Math/part-001.pdf,342
PSAT 8/9,Math,aa937f24,pdfs/PSAT-8-9/Math/part-001.pdf,343
PSAT 8/9,Math,6a623a88,pdfs/PSAT-8-9/Math/part-001.pdf,344
PSAT 8/9,Math,93fc6804,pdfs/PSAT-8-9/Math/part-001.pdf,345
PSAT 8/9,Math,27661bd3,pdfs/PSAT-8-9/Math/part-001.pdf,346
PSAT 8/9,Math,e46fb471,pdfs/PSAT-8-9/Math/part-001.pdf,347
PSAT 8/9,Math,1f91fae9,pdfs/PSAT-8-9/Math/part-001.pdf,348
PSAT 8/9,Math,57bb7571,pdfs/PSAT-8-9/Math/part-001.pdf,349
PSAT 8/9,Math,6a10fc45,pdfs/PSAT-8-9/Math/part-001.pdf,350
PSAT 8/9,Math,e76aa6be,pdfs/PSAT-8-9/Math/part-001.pdf,351
PSAT 8/9,Math,c530f049,pdfs/PSAT-8-9/Math/part-001.pdf,352
PSAT 8/9,Math,4bb10455,pdfs/PSAT-8-9/Math/part-001.pdf,353
PSAT 8/9,Math,cd05b4a9,pdfs/PSAT-8-9/Math/part-001.pdf,354
PSAT 8/9,Math,fb06cb8b,pdfs/PSAT-8-9/Math/part-001.pdf,355
PSAT 8/9,Math,666a112f,pdfs/PSAT-8-9/Math/part-001.pdf,356
PSAT 8/9,Math,50b145cd,pdfs/PSAT-8-9/Math/part-001.pdf,358
PSAT 8/9,Math,f302eb15,pdfs/PSAT-8-9/Math/part-001.pdf,359
PSAT 8/9,Math,e97d40d7,pdfs/PSAT-8-9/Math/part-001.pdf,360
PSAT 8/9,Math,750576fb,pdfs/PSAT-8-9/Math/part-001.pdf,361
PSAT 8/9,Math,1133477d,pdfs/PSAT-8-9/Math/part-001.pdf,362
PSAT 8/9,Math,39ec79d8,pdfs/PSAT-8-9/Math/part-001.pdf,363
PSAT 8/9,Math,e4a0d4f1,pdfs/PSAT-8-9/Math/part-001.pdf,364
PSAT 8/9,Math,20169bbf,pdfs/PSAT-8-9/Math/part-001.pdf,365
PSAT 8/9,Math,d69d29c7,pdfs/PSAT-8-9/Math/part-001.pdf,366
PSAT 8/9,Math,4b364440,pdfs/PSAT-8-9/Math/part-001.pdf,367
PSAT 8/9,Math,bf177070,pdfs/PSAT-8-9/Math/part-001.pdf,368
PSAT 8/9,Math,c9317321,pdfs/PSAT-8-9/Math/part-001.pdf,369
PSAT 8/9,Math,f20aa8f7,pdfs/PSAT-8-9/Math/part-001.pdf,371
PSAT 8/9,Math,15bce911,pdfs/PSAT-8-9/Math/part-001.pdf,372
PSAT 8/9,Math,0779e1ed,pdfs/PSAT-8-9/Math/part-001.pdf,373
PSAT 8/9,Math,21d5e703,pdfs/PSAT-8-9/Math/part-001.pdf,374
PSAT 8/9,Math,61d7cb4f,pdfs/PSAT-8-9/Math/part-001.pdf,375
PSAT 8/9,Math,f7600aa5,pdfs/PSAT-8-9/Math/part-001.pdf,376
PSAT 8/9,Math,556c2f26,pdfs/PSAT-8-9/Math/part-001.pdf,377
PSAT 8/9,Math,9c98c2a2,pdfs/PSAT-8-9/Math/part-001.pdf,378
PSAT 8/9,Math,64a1794d,pdfs/PSAT-8-9/Math/part-001.pdf,379
PSAT 8/9,Math,9398bfca,pdfs/PSAT-8-9/Math/part-001.pdf,380
PSAT 8/9,Math,eb09e8df,pdfs/PSAT-8-9/Math/part-001.pdf,381
PSAT 8/9,Math,e7755150,pdfs/PSAT-8-9/Math/part-001.pdf,382
PSAT 8/9,Math,bec8180e,pdfs/PSAT-8-9/Math/part-001.pdf,383
PSAT 8/9,Math,00b3ef90,pdfs/PSAT-8-9/Math/part-001.pdf,384
PSAT 8/9,Math,7070b02a,pdfs/PSAT-8-9/Math/part-001.pdf,385
PSAT 8/9,Math,da57ac78,pdfs/PSAT-8-9/Math/part-001.pdf,386
PSAT 8/9,Math,ad67e6e5,pdfs/PSAT-8-9/Math/part-001.pdf,387
PSAT 8/9,Math,c7ff812c,pdfs/PSAT-8-9/Math/part-001.pdf,388
PSAT 8/9,Math,284d87e9,pdfs/PSAT-8-9/Math/part-001.pdf,389
PSAT 8/9,Math,772c3941,pdfs/PSAT-8-9/Math/part-001.pdf,390
PSAT 8/9,Math,e81abcdb,pdfs/PSAT-8-9/Math/part-001.pdf,391
PSAT 8/9,Math,18ccf4b4,pdfs/PSAT-8-9/Math/part-001.pdf,392
PSAT 8/9,Math,43276fa2,pdfs/PSAT-8-9/Math/part-001.pdf,393
PSAT 8/9,Math,66af6521,pdfs/PSAT-8-9/Math/part-001.pdf,394
PSAT 8/9,Math,e2bd824d,pdfs/PSAT-8-9/Math/part-001.pdf,395
PSAT 8/9,Math,3cdae98a,pdfs/PSAT-8-9/Math/part-001.pdf,396
PSAT 8/9,Math,a1809c19,pdfs/PSAT-8-9/Math/part-001.pdf,397
PSAT 8/9,Math,db4b8440,pdfs/PSAT-8-9/Math/part-001.pdf,398
PSAT 8/9,Math,00445d29,pdfs/PSAT-8-9/Math/part-001.pdf,399
PSAT 8/9,Math,4f8f7081,pdfs/PSAT-8-9/Math/part-001.pdf,400
PSAT 8/9,Math,8d8f786e,pdfs/PSAT-8-9/Math/part-001.pdf,401
PSAT 8/9,Math,2fa0a0f4,pdfs/PSAT-8-9/Math/part-001.pdf,402
PSAT 8/9,Math,d34c8956,pdfs/PSAT-8-9/Math/part-001.pdf,403
PSAT 8/9,Math,ce7c9d97,pdfs/PSAT-8-9/Math/part-001.pdf,404
PSAT 8/9,Math,e6df0005,pdfs/PSAT-8-9/Math/part-001.pdf,405
PSAT 8/9,Math,b0c3ce3b,pdfs/PSAT-8-9/Math/part-001.pdf,406
PSAT 8/9,Math,a204b3d4,pdfs/PSAT-8-9/Math/part-001.pdf,407
PSAT 8/9,Math,6e0fb291,pdfs/PSAT-8-9/Math/part-001.pdf,408
PSAT 8/9,Math,8a204416,pdfs/PSAT-8-9/Math/part-001.pdf,409
PSAT 8/9,Math,7e9eac8a,pdfs/PSAT-8-9/Math/part-001.pdf,410
PSAT 8/9,Math,b4e50b48,pdfs/PSAT-8-9/Math/part-001.pdf,411
PSAT 8/9,Math,b3d57479,pdfs/PSAT-8-9/Math/part-001.pdf,412
PSAT 8/9,Math,93a367f0,pdfs/PSAT-8-9/Math/part-001.pdf,413
PSAT 8/9,Math,089d3a78,pdfs/PSAT-8-9/Math/part-001.pdf,414
PSAT 8/9,Math,dac9d7f6,pdfs/PSAT-8-9/Math/part-001.pdf,415
PSAT 8/9,Math,308500bb,pdfs/PSAT-8-9/Math/part-001.pdf,417
PSAT 8/9,Math,f4a7873d,pdfs/PSAT-8-9/Math/part-001.pdf,418
PSAT 8/9,Math,67e41fd4,pdfs/PSAT-8-9/Math/part-001.pdf,419
PSAT 8/9,Math,4edf2cf8,pdfs/PSAT-8-9/Math/part-002.pdf,1
PSAT 8/9,Math,76d1e912,pdfs/PSAT-8-9/Math/part-002.pdf,2
PSAT 8/9,Math,15a7226d,pdfs/PSAT-8-9/Math/part-002.pdf,3
PSAT 8/9,Math,552d90c4,pdfs/PSAT-8-9/Math/part-002.pdf,4
PSAT 8/9,Math,2878acba,pdfs/PSAT-8-9/Math/part-002.pdf,5
PSAT 8/9,Math,706fd954,pdfs/PSAT-8-9/Math/part-002.pdf,6
PSAT 8/9,Math,1567638a,pdfs/PSAT-8-9/Math/part-002.pdf,7
PSAT 8/9,Math,35f5bb89,pdfs/PSAT-8-9/Math/part-002.pdf,8
PSAT 8/9,Math,f494d03e,pdfs/PSAT-8-9/Math/part-002.pdf,9
PSAT 8/9,Math,a6b77815,pdfs/PSAT-8-9/Math/part-002.pdf,10
PSAT 8/9,Math,9bb77203,pdfs/PSAT-8-9/Math/part-002.pdf,11
PSAT 8/9,Math,c7fd5d1a,pdfs/PSAT-8-9/Math/part-002.pdf,12
PSAT 8/9,Math,72b8b5be,pdfs/PSAT-8-9/Math/part-002.pdf,13
PSAT 8/9,Math,babd3aa0,pdfs/PSAT-8-9/Math/part-002.pdf,14
PSAT 8/9,Math,5e9762d3,pdfs/PSAT-8-9/Math/part-002.pdf,15
PSAT 8/9,Math,9977a9ea,pdfs/PSAT-8-9/Math/part-002.pdf,16
PSAT 8/9,Math,484751f0,pdfs/PSAT-8-9/Math/part-002.pdf,17
PSAT 8/9,Math,3cfcb007,pdfs/PSAT-8-9/Math/part-002.pdf,18
PSAT 8/9,Math,697cd383,pdfs/PSAT-8-9/Math/part-002.pdf,19
PSAT 8/9,Math,93e8dab8,pdfs/PSAT-8-9/Math/part-002.pdf,20
PSAT 8/9,Math,4356c5e0,pdfs/PSAT-8-9/Math/part-002.pdf,21
PSAT 8/9,Math,1218a8f6,pdfs/PSAT-8-9/Math/part-002.pdf,22
PSAT 8/9,Math,942649b5,pdfs/PSAT-8-9/Math/part-002.pdf,23
PSAT 8/9,Math,d8c13127,pdfs/PSAT-8-9/Math/part-002.pdf,24
PSAT 8/9,Math,0addbdc3,pdfs/PSAT-8-9/Math/part-002.pdf,25
PSAT 8/9,Math,d9281ab5,pdfs/PSAT-8-9/Math/part-002.pdf,26
PSAT 8/9,Math,18b8388d,pdfs/PSAT-8-9/Math/part-002.pdf,27
PSAT 8/9,Math,faae220a,pdfs/PSAT-8-9/Math/part-002.pdf,28
PSAT 8/9,Math,267f149b,pdfs/PSAT-8-9/Math/part-002.pdf,29
PSAT 8/9,Math,67805f2b,pdfs/PSAT-8-9/Math/part-002.pdf,30
PSAT 8/9,Math,ff5c9b85,pdfs/PSAT-8-9/Math/part-002.pdf,31
PSAT 8/9,Math,f21ace59,pdfs/PSAT-8-9/Math/part-002.pdf,32
PSAT 8/9,Math,fe856cf0,pdfs/PSAT-8-9/Math/part-002.pdf,33
PSAT 8/9,Math,11e6cba0,pdfs/PSAT-8-9/Math/part-002.pdf,34
PSAT 8/9,Math,9096d390,pdfs/PSAT-8-9/Math/part-002.pdf,35
PSAT 8/9,Math,c6f50237,pdfs/PSAT-8-9/Math/part-002.pdf,36
PSAT 8/9,Math,9a9f8803,pdfs/PSAT-8-9/Math/part-002.pdf,37
PSAT 8/9,Math,43eedf9a,pdfs/PSAT-8-9/Math/part-002.pdf,38
PSAT 8/9,Math,023dc7bf,pdfs/PSAT-8-9/Math/part-002.pdf,39
PSAT 8/9,Math,fe16c2ed,pdfs/PSAT-8-9/Math/part-002.pdf,40
PSAT 8/9,Math,c8797bd1,pdfs/PSAT-8-9/Math/part-002.pdf,41
PSAT 8/9,Math,8c0e4d11,pdfs/PSAT-8-9/Math/part-002.pdf,42
PSAT 8/9,Math,8afcf601,pdfs/PSAT-8-9/Math/part-002.pdf,43
PSAT 8/9,Math,327ba0b1,pdfs/PSAT-8-9/Math/part-002.pdf,44
PSAT 8/9,Math,b8f74e54,pdfs/PSAT-8-9/Math/part-002.pdf,45
PSAT 8/9,Math,5812c425,pdfs/PSAT-8-9/Math/part-002.pdf,46
PSAT 8/9,Math,fd43b40c,pdfs/PSAT-8-9/Math/part-002.pdf,47
PSAT 8/9,Math,0c8a5eb4,pdfs/PSAT-8-9/Math/part-002.pdf,48
PSAT 8/9,Math,1a6beb58,pdfs/PSAT-8-9/Math/part-002.pdf,49
PSAT 8/9,Math,3f1a6c75,pdfs/PSAT-8-9/Math/part-002.pdf,50
PSAT 8/9,Math,0a09cb73,pdfs/PSAT-8-9/Math/part-002.pdf,51
PSAT 8/9,Math,337eab34,pdfs/PSAT-8-9/Math/part-002.pdf,52
PSAT 8/9,Math,b379ebeb,pdfs/PSAT-8-9/Math/part-002.pdf,53
PSAT 8/9,Math,d96990a3,pdfs/PSAT-8-9/Math/part-002.pdf,54
PSAT 8/9,Math,6ac73e1b,pdfs/PSAT-8-9/Math/part-002.pdf,55
PSAT 8/9,Math,df57c869,pdfs/PSAT-8-9/Math/part-002.pdf,56
PSAT 8/9,Math,e5db388d,pdfs/PSAT-8-9/Math/part-002.pdf,57
PSAT 8/9,Math,afd155bd,pdfs/PSAT-8-9/Math/part-002.pdf,58
PSAT 8/9,Math,0232bb78,pdfs/PSAT-8-9/Math/part-002.pdf,59
PSAT 8/9,Math,1c550549,pdfs/PSAT-8-9/Math/part-002.pdf,60
PSAT 8/9,Math,d6cbfce1,pdfs/PSAT-8-9/Math/part-002.pdf,62
PSAT 8/9,Math,4500f713,pdfs/PSAT-8-9/Math/part-002.pdf,63
PSAT 8/9,Math,53aba4fb,pdfs/PSAT-8-9/Math/part-002.pdf,64
PSAT 8/9,Math,d1c61648,pdfs/PSAT-8-9/Math/part-002.pdf,65
PSAT 8/9,Math,a1cd91c3,pdfs/PSAT-8-9/Math/part-002.pdf,66
PSAT 8/9,Math,2770fb05,pdfs/PSAT-8-9/Math/part-002.pdf,67
PSAT 8/9,Math,293a1a83,pdfs/PSAT-8-9/Math/part-002.pdf,68
PSAT 8/9,Math,0f5b405f,pdfs/PSAT-8-9/Math/part-002.pdf,69
PSAT 8/9,Math,e858b659,pdfs/PSAT-8-9/Math/part-002.pdf,70
PSAT 8/9,Math,3aa0e661,pdfs/PSAT-8-9/Math/part-002.pdf,72
PSAT 8/9,Math,7a8cf325,pdfs/PSAT-8-9/Math/part-002.pdf,74
PSAT 8/9,Math,142da598,pdfs/PSAT-8-9/Math/part-002.pdf,75
PSAT 8/9,Math,fc433521,pdfs/PSAT-8-9/Math/part-002.pdf,76
PSAT 8/9,Math,0172586d,pdfs/PSAT-8-9/Math/part-002.pdf,77
PSAT 8/9,Math,6458bae1,pdfs/PSAT-8-9/Math/part-002.pdf,78
PSAT 8/9,Math,c66a6db3,pdfs/PSAT-8-9/Math/part-002.pdf,79
PSAT 8/9,Math,318824ab,pdfs/PSAT-8-9/Math/part-002.pdf,80
PSAT 8/9,Math,8c388f28,pdfs/PSAT-8-9/Math/part-002.pdf,81
PSAT 8/9,Math,2ef75a25,pdfs/PSAT-8-9/Math/part-002.pdf,82
PSAT 8/9,Math,eacf0f8c,pdfs/PSAT-8-9/Math/part-002.pdf,83
PSAT 8/9,Math,0c7380ad,pdfs/PSAT-8-9/Math/part-002.pdf,84
PSAT 8/9,Math,9251a468,pdfs/PSAT-8-9/Math/part-002.pdf,85
PSAT 8/9,Math,f9a40c2b,pdfs/PSAT-8-9/Math/part-002.pdf,86
PSAT 8/9,Math,8648123b,pdfs/PSAT-8-9/Math/part-002.pdf,87
PSAT 8/9,Math,84e675f1,pdfs/PSAT-8-9/Math/part-002.pdf,88
PSAT 8/9,Math,215933ff,pdfs/PSAT-8-9/Math/part-002.pdf,89
PSAT 8/9,Math,f2e8e9bf,pdfs/PSAT-8-9/Math/part-002.pdf,90
PSAT 8/9,Math,63386f7f,pdfs/PSAT-8-9/Math/part-002.pdf,91
PSAT 8/9,Math,de4fae44,pdfs/PSAT-8-9/Math/part-002.pdf,92
PSAT 8/9,Math,3dd0eccc,pdfs/PSAT-8-9/Math/part-002.pdf,93
PSAT 8/9,Math,d3dae4e1,pdfs/PSAT-8-9/Math/part-002.pdf,94
PSAT 8/9,Math,da66a8c6,pdfs/PSAT-8-9/Math/part-002.pdf,95
PSAT 8/9,Math,1e3c233e,pdfs/PSAT-8-9/Math/part-002.pdf,96
PSAT 8/9,Math,0998ca6b,pdfs/PSAT-8-9/Math/part-002.pdf,97
PSAT 8/9,Math,d53496df,pdfs/PSAT-8-9/Math/part-002.pdf,98
PSAT 8/9,Math,7d1ec966,pdfs/PSAT-8-9/Math/part-002.pdf,99
PSAT 8/9,Math,2a0c422b,pdfs/PSAT-8-9/Math/part-002.pdf,100
PSAT 8/9,Math,4a9b766f,pdfs/PSAT-8-9/Math/part-002.pdf,102
PSAT 8/9,Math,16be2259,pdfs/PSAT-8-9/Math/part-002.pdf,103
PSAT 8/9,Math,1989e010,pdfs/PSAT-8-9/Math/part-002.pdf,104
PSAT 8/9,Math,4db9499a,pdfs/PSAT-8-9/Math/part-002.pdf,105
PSAT 8/9,Math,bf264483,pdfs/PSAT-8-9/Math/part-002.pdf,106
PSAT 8/9,Math,aac032bc,pdfs/PSAT-8-9/Math/part-002.pdf,107
PSAT 8/9,Math,aefa3126,pdfs/PSAT-8-9/Math/part-002.pdf,108
PSAT 8/9,Math,c1838006,pdfs/PSAT-8-9/Math/part-002.pdf,109
PSAT 8/9,Math,aa05ee6f,pdfs/PSAT-8-9/Math/part-002.pdf,110
PSAT 8/9,Math,772a4a0e,pdfs/PSAT-8-9/Math/part-002.pdf,111
PSAT 8/9,Math,468a85f7,pdfs/PSAT-8-9/Math/part-002.pdf,112
PSAT 8/9,Math,3786e909,pdfs/PSAT-8-9/Math/part-002.pdf,113
PSAT 8/9,Math,431f572d,pdfs/PSAT-8-9/Math/part-002.pdf,114
PSAT 8/9,Math,b3896c09,pdfs/PSAT-8-9/Math/part-002.pdf,115
PSAT 8/9,Math,a0924542,pdfs/PSAT-8-9/Math/part-002.pdf,116
PSAT 8/9,Math,c6c58996,pdfs/PSAT-8-9/Math/part-002.pdf,117
PSAT 8/9,Math,ad6453cf,pdfs/PSAT-8-9/Math/part-002.pdf,118
PSAT 8/9,Math,1f5a0a59,pdfs/PSAT-8-9/Math/part-002.pdf,119
PSAT 8/9,Math,872b0c63,pdfs/PSAT-8-9/Math/part-002.pdf,120
PSAT 8/9,Math,e7527b06,pdfs/PSAT-8-9/Math/part-002.pdf,121
PSAT 8/9,Math,1c73fced,pdfs/PSAT-8-9/Math/part-002.pdf,122
PSAT 8/9,Math,e8af5a8e,pdfs/PSAT-8-9/Math/part-002.pdf,123
PSAT 8/9,Math,6e522dc8,pdfs/PSAT-8-9/Math/part-002.pdf,124
PSAT 8/9,Math,2bd1172d,pdfs/PSAT-8-9/Math/part-002.pdf,126
PSAT 8/9,Math,94933d3b,pdfs/PSAT-8-9/Math/part-002.pdf,127
PSAT 8/9,Math,940fa185,pdfs/PSAT-8-9/Math/part-002.pdf,128
PSAT 8/9,Math,8cfb2ffa,pdfs/PSAT-8-9/Math/part-002.pdf,129
PSAT 8/9,Math,7fd54997,pdfs/PSAT-8-9/Math/part-002.pdf,130
PSAT 8/9,Math,2dd25c40,pdfs/PSAT-8-9/Math/part-002.pdf,131
PSAT 8/9,Math,035121c3,pdfs/PSAT-8-9/Math/part-002.pdf,132
PSAT 8/9,Math,d73c79d1,pdfs/PSAT-8-9/Math/part-002.pdf,133
PSAT 8/9,Math,54d4f0c4,pdfs/PSAT-8-9/Math/part-002.pdf,134
PSAT 8/9,Math,ddd9149f,pdfs/PSAT-8-9/Math/part-002.pdf,135
PSAT 8/9,Math,d6ba8f56,pdfs/PSAT-8-9/Math/part-002.pdf,136
PSAT 8/9,Math,14c5d0e5,pdfs/PSAT-8-9/Math/part-002.pdf,137
PSAT 8/9,Math,200d4f91,pdfs/PSAT-8-9/Math/part-002.pdf,138
PSAT 8/9,Math,0a7648da,pdfs/PSAT-8-9/Math/part-002.pdf,139
PSAT 8/9,Math,7349bf70,pdfs/PSAT-8-9/Math/part-002.pdf,140
PSAT 8/9,Math,c33042a7,pdfs/PSAT-8-9/Math/part-002.pdf,141
PSAT 8/9,Math,c2c909be,pdfs/PSAT-8-9/Math/part-002.pdf,142
PSAT 8/9,Math,162c2412,pdfs/PSAT-8-9/Math/part-002.pdf,143
PSAT 8/9,Math,0db1d155,pdfs/PSAT-8-9/Math/part-002.pdf,144
PSAT 8/9,Math,9c5b255b,pdfs/PSAT-8-9/Math/part-002.pdf,145
PSAT 8/9,Math,1e4b8820,pdfs/PSAT-8-9/Math/part-002.pdf,146
PSAT 8/9,Math,8e6e92c5,pdfs/PSAT-8-9/Math/part-002.pdf,147
PSAT 8/9,Math,00750711,pdfs/PSAT-8-9/Math/part-002.pdf,148
PSAT 8/9,Math,19ab5ada,pdfs/PSAT-8-9/Math/part-002.pdf,150
PSAT 8/9,Math,439de7a2,pdfs/PSAT-8-9/Math/part-002.pdf,151
PSAT 8/9,Math,d7a0b7a2,pdfs/PSAT-8-9/Math/part-002.pdf,152
PSAT 8/9,Math,cff91987,pdfs/PSAT-8-9/Math/part-002.pdf,153
PSAT 8/9,Math,7b36e3ba,pdfs/PSAT-8-9/Math/part-002.pdf,155
PSAT 8/9,Math,86a5e01e,pdfs/PSAT-8-9/Math/part-002.pdf,156
PSAT 8/9,Math,a36dad26,pdfs/PSAT-8-9/Math/part-002.pdf,157
PSAT 8/9,Math,3dbd44fc,pdfs/PSAT-8-9/Math/part-002.pdf,158
PSAT 8/9,Math,f8cd9229,pdfs/PSAT-8-9/Math/part-002.pdf,160
PSAT 8/9,Math,3e0b9f5a,pdfs/PSAT-8-9/Math/part-002.pdf,161
PSAT 8/9,Math,819cd10f,pdfs/PSAT-8-9/Math/part-002.pdf,162
PSAT 8/9,Math,d15e3eda,pdfs/PSAT-8-9/Math/part-002.pdf,163
PSAT 8/9,Math,ca76f9dc,pdfs/PSAT-8-9/Math/part-002.pdf,164
PSAT 8/9,Math,55cbaaf6,pdfs/PSAT-8-9/Math/part-002.pdf,165
PSAT 8/9,Math,767470e0,pdfs/PSAT-8-9/Math/part-002.pdf,166
PSAT 8/9,Math,eca42ecc,pdfs/PSAT-8-9/Math/part-002.pdf,167
PSAT 8/9,Math,8acc0a2a,pdfs/PSAT-8-9/Math/part-002.pdf,168
PSAT 8/9,Math,6da81fac,pdfs/PSAT-8-9/Math/part-002.pdf,169
PSAT 8/9,Math,0aacdaa0,pdfs/PSAT-8-9/Math/part-002.pdf,170
PSAT 8/9,Math,387791cd,pdfs/PSAT-8-9/Math/part-002.pdf,172
PSAT 8/9,Math,4b239785,pdfs/PSAT-8-9/Math/part-002.pdf,173
PSAT 8/9,Math,ce995613,pdfs/PSAT-8-9/Math/part-002.pdf,174
PSAT 8/9,Math,ef1eec70,pdfs/PSAT-8-9/Math/part-002.pdf,175
PSAT 8/9,Math,194a9ad6,pdfs/PSAT-8-9/Math/part-002.pdf,176
PSAT 8/9,Math,ac972578,pdfs/PSAT-8-9/Math/part-002.pdf,177
PSAT 8/9,Math,7245669d,pdfs/PSAT-8-9/Math/part-002.pdf,178
PSAT 8/9,Math,7b7a0d3f,pdfs/PSAT-8-9/Math/part-002.pdf,179
PSAT 8/9,Math,2350b193,pdfs/PSAT-8-9/Math/part-002.pdf,180
PSAT 8/9,Math,8c88b5f9,pdfs/PSAT-8-9/Math/part-002.pdf,181
PSAT 8/9,Math,25cc1992,pdfs/PSAT-8-9/Math/part-002.pdf,182
PSAT 8/9,Math,2dff29e6,pdfs/PSAT-8-9/Math/part-002.pdf,183
PSAT 8/9,Math,9277836f,pdfs/PSAT-8-9/Math/part-002.pdf,184
PSAT 8/9,Math,cb340d53,pdfs/PSAT-8-9/Math/part-002.pdf,185
PSAT 8/9,Math,294f4183,pdfs/PSAT-8-9/Math/part-002.pdf,186
PSAT 8/9,Math,eab61abb,pdfs/PSAT-8-9/Math/part-002.pdf,187
PSAT 8/9,Math,766d3b7b,pdfs/PSAT-8-9/Math/part-002.pdf,188
PSAT 8/9,Math,874f12bd,pdfs/PSAT-8-9/Math/part-002.pdf,189
PSAT 8/9,Math,dd6918f3,pdfs/PSAT-8-9/Math/part-002.pdf,190
PSAT 8/9,Math,d7246e11,pdfs/PSAT-8-9/Math/part-002.pdf,191
PSAT 8/9,Math,220f67ab,pdfs/PSAT-8-9/Math/part-002.pdf,192
PSAT 8/9,Math,cd006b8a,pdfs/PSAT-8-9/Math/part-002.pdf,193
PSAT 8/9,Math,f39d06e8,pdfs/PSAT-8-9/Math/part-002.pdf,194
PSAT 8/9,Math,1a20a239,pdfs/PSAT-8-9/Math/part-002.pdf,195
PSAT 8/9,Math,2726c972,pdfs/PSAT-8-9/Math/part-002.pdf,196
PSAT 8/9,Math,dfa4159f,pdfs/PSAT-8-9/Math/part-002.pdf,197
PSAT 8/9,Math,f2fb86c1,pdfs/PSAT-8-9/Math/part-002.pdf,198
PSAT 8/9,Math,d4de9459,pdfs/PSAT-8-9/Math/part-002.pdf,199
PSAT 8/9,Math,5879c172,pdfs/PSAT-8-9/Math/part-002.pdf,200
PSAT 8/9,Math,ae1d2e3c,pdfs/PSAT-8-9/Math/part-002.pdf,201
PSAT 8/9,Math,9d4a3242,pdfs/PSAT-8-9/Math/part-002.pdf,202
PSAT 8/9,Math,83d58fe5,pdfs/PSAT-8-9/Math/part-002.pdf,203
PSAT 8/9,Math,f5faf0eb,pdfs/PSAT-8-9/Math/part-002.pdf,205
PSAT 8/9,Math,2cd56cf8,pdfs/PSAT-8-9/Math/part-002.pdf,206
PSAT 8/9,Math,71e4716a,pdfs/PSAT-8-9/Math/part-002.pdf,207
PSAT 8/9,Math,9db1432f,pdfs/PSAT-8-9/Math/part-002.pdf,208
PSAT 8/9,Math,62e530b7,pdfs/PSAT-8-9/Math/part-002.pdf,209
PSAT 8/9,Math,94b5bb4b,pdfs/PSAT-8-9/Math/part-002.pdf,210
PSAT 8/9,Math,2c4dd1b2,pdfs/PSAT-8-9/Math/part-002.pdf,211
PSAT 8/9,Math,2a040a4c,pdfs/PSAT-8-9/Math/part-002.pdf,212
PSAT 8/9,Math,2f2ec283,pdfs/PSAT-8-9/Math/part-002.pdf,213
PSAT 8/9,Math,ba9cbcc9,pdfs/PSAT-8-9/Math/part-002.pdf,215
PSAT 8/9,Math,cb54a27e,pdfs/PSAT-8-9/Math/part-002.pdf,216
PSAT 8/9,Math,5fd8dde8,pdfs/PSAT-8-9/Math/part-002.pdf,217
PSAT 8/9,Math,64641343,pdfs/PSAT-8-9/Math/part-002.pdf,218
PSAT 8/9,Math,b981482d,pdfs/PSAT-8-9/Math/part-002.pdf,219
PSAT 8/9,Math,ae68bc2b,pdfs/PSAT-8-9/Math/part-002.pdf,220
PSAT 8/9,Math,d3ef8ffa,pdfs/PSAT-8-9/Math/part-002.pdf,221
PSAT 8/9,Math,aaa9f886,pdfs/PSAT-8-9/Math/part-002.pdf,222
PSAT 8/9,Math,0b3d4328,pdfs/PSAT-8-9/Math/part-002.pdf,223
PSAT 8/9,Math,0b76bb67,pdfs/PSAT-8-9/Math/part-002.pdf,224
PSAT 8/9,Math,e092622c,pdfs/PSAT-8-9/Math/part-002.pdf,226
PSAT 8/9,Math,3e54267b,pdfs/PSAT-8-9/Math/part-002.pdf,227
PSAT 8/9,Math,710efc18,pdfs/PSAT-8-9/Math/part-002.pdf,228
PSAT 8/9,Math,aa3f6ab0,pdfs/PSAT-8-9/Math/part-002.pdf,229
PSAT 8/9,Math,d32a142a,pdfs/PSAT-8-9/Math/part-002.pdf,230
PSAT 8/9,Math,da64e1c9,pdfs/PSAT-8-9/Math/part-002.pdf,231
PSAT 8/9,Math,1a841ddb,pdfs/PSAT-8-9/Math/part-002.pdf,232
PSAT 8/9,Math,5fc21cab,pdfs/PSAT-8-9/Math/part-002.pdf,233
PSAT 8/9,Math,d98c3c8c,pdfs/PSAT-8-9/Math/part-002.pdf,234
PSAT 8/9,Math,cf1a5c9d,pdfs/PSAT-8-9/Math/part-002.pdf,235
PSAT 8/9,Math,65f76f1e,pdfs/PSAT-8-9/Math/part-002.pdf,236
PSAT 8/9,Math,53ccb0cc,pdfs/PSAT-8-9/Math/part-002.pdf,237
PSAT 8/9,Math,e82846fa,pdfs/PSAT-8-9/Math/part-002.pdf,238
PSAT 8/9,Math,fd6888d8,pdfs/PSAT-8-9/Math/part-002.pdf,239
PSAT 8/9,Math,d94ca48b,pdfs/PSAT-8-9/Math/part-002.pdf,240
PSAT 8/9,Math,ef719e2c,pdfs/PSAT-8-9/Math/part-002.pdf,241
PSAT 8/9,Math,e196a2da,pdfs/PSAT-8-9/Math/part-002.pdf,242
PSAT 8/9,Math,bcfcaa6c,pdfs/PSAT-8-9/Math/part-002.pdf,243
PSAT 8/9,Math,11b7f066,pdfs/PSAT-8-9/Math/part-002.pdf,244
PSAT 8/9,Math,b1b6e424,pdfs/PSAT-8-9/Math/part-002.pdf,245
PSAT 8/9,Math,13ebfbbb,pdfs/PSAT-8-9/Math/part-002.pdf,246
PSAT 8/9,Math,f967780b,pdfs/PSAT-8-9/Math/part-002.pdf,247
PSAT 8/9,Math,ace6486b,pdfs/PSAT-8-9/Math/part-002.pdf,248
PSAT 8/9,Math,33962e63,pdfs/PSAT-8-9/Math/part-002.pdf,249
PSAT 8/9,Math,6aa8244f,pdfs/PSAT-8-9/Math/part-002.pdf,250
PSAT 8/9,Math,39cceae0,pdfs/PSAT-8-9/Math/part-002.pdf,251
PSAT 8/9,Math,5836e63b,pdfs/PSAT-8-9/Math/part-002.pdf,252
PSAT 8/9,Math,987887cd,pdfs/PSAT-8-9/Math/part-002.pdf,253
PSAT 8/9,Math,8679064c,pdfs/PSAT-8-9/Math/part-002.pdf,254
PSAT 8/9,Math,d567c1e2,pdfs/PSAT-8-9/Math/part-002.pdf,255
PSAT 8/9,Math,9450390f,pdfs/PSAT-8-9/Math/part-002.pdf,256
PSAT 8/9,Math,f1cc7cb6,pdfs/PSAT-8-9/Math/part-002.pdf,257
PSAT 8/9,Math,d8a2d9ff,pdfs/PSAT-8-9/Math/part-002.pdf,258
PSAT 8/9,Math,d694fc01,pdfs/PSAT-8-9/Math/part-002.pdf,259
PSAT 8/9,Math,64c467a5,pdfs/PSAT-8-9/Math/part-002.pdf,260
PSAT 8/9,Math,fe059291,pdfs/PSAT-8-9/Math/part-002.pdf,261
PSAT 8/9,Math,3b37dea1,pdfs/PSAT-8-9/Math/part-002.pdf,262
PSAT 8/9,Math,15c9d962,pdfs/PSAT-8-9/Math/part-002.pdf,263
PSAT 8/9,Math,fbe67279,pdfs/PSAT-8-9/Math/part-002.pdf,264
PSAT 8/9,Math,37f319db,pdfs/PSAT-8-9/Math/part-002.pdf,265
PSAT 8/9,Math,25161d0e,pdfs/PSAT-8-9/Math/part-002.pdf,267
PSAT 8/9,Math,cb03a94d,pdfs/PSAT-8-9/Math/part-002.pdf,268
PSAT 8/9,Math,f2f277fe,pdfs/PSAT-8-9/Math/part-002.pdf,269
PSAT 8/9,Math,68fe63d3,pdfs/PSAT-8-9/Math/part-002.pdf,270
PSAT 8/9,Math,f0348937,pdfs/PSAT-8-9/Math/part-002.pdf,271
PSAT 8/9,Math,9f6a7657,pdfs/PSAT-8-9/Math/part-002.pdf,272
PSAT 8/9,Math,aa0e948a,pdfs/PSAT-8-9/Math/part-002.pdf,273
PSAT 8/9,Math,f85e189c,pdfs/PSAT-8-9/Math/part-002.pdf,274
PSAT 8/9,Math,1d4f9e0d,pdfs/PSAT-8-9/Math/part-002.pdf,275
PSAT 8/9,Math,a3042946,pdfs/PSAT-8-9/Math/part-002.pdf,276
PSAT 8/9,Math,f3aaf65d,pdfs/PSAT-8-9/Math/part-002.pdf,277
PSAT 8/9,Math,66112a92,pdfs/PSAT-8-9/Math/part-002.pdf,278
PSAT 8/9,Math,34eaea28,pdfs/PSAT-8-9/Math/part-002.pdf,279
PSAT 8/9,Math,eb9c355b,pdfs/PSAT-8-9/Math/part-002.pdf,280
PSAT 8/9,Math,5530d795,pdfs/PSAT-8-9/Math/part-002.pdf,281
PSAT 8/9,Math,e80003f5,pdfs/PSAT-8-9/Math/part-002.pdf,282
PSAT 8/9,Math,ec1b44fd,pdfs/PSAT-8-9/Math/part-002.pdf,283
PSAT 8/9,Math,d5a6df06,pdfs/PSAT-8-9/Math/part-002.pdf,284
PSAT 8/9,Math,68ef5f94,pdfs/PSAT-8-9/Math/part-002.pdf,285
PSAT 8/9,Math,a94b7bbd,pdfs/PSAT-8-9/Math/part-002.pdf,286
PSAT 8/9,Math,3e121c6f,pdfs/PSAT-8-9/Math/part-002.pdf,287
PSAT 8/9,Math,3e521075,pdfs/PSAT-8-9/Math/part-002.pdf,288
PSAT 8/9,Math,480518b8,pdfs/PSAT-8-9/Math/part-002.pdf,289
PSAT 8/9,Math,a7b5f596,pdfs/PSAT-8-9/Math/part-002.pdf,290
PSAT 8/9,Math,c7bfd098,pdfs/PSAT-8-9/Math/part-002.pdf,291
PSAT 8/9,Math,677b7f8a,pdfs/PSAT-8-9/Math/part-002.pdf,292
PSAT 8/9,Math,cd92421b,pdfs/PSAT-8-9/Math/part-002.pdf,293
PSAT 8/9,Math,a181bd86,pdfs/PSAT-8-9/Math/part-002.pdf,294
PSAT 8/9,Math,3cbafdee,pdfs/PSAT-8-9/Math/part-002.pdf,295
PSAT 8/9,Math,485fbe64,pdfs/PSAT-8-9/Math/part-002.pdf,296
PSAT 8/9,Math,4aab1fa5,pdfs/PSAT-8-9/Math/part-002.pdf,297
PSAT 8/9,Math,973f71a0,pdfs/PSAT-8-9/Math/part-002.pdf,298
PSAT 8/9,Math,ca12db4e,pdfs/PSAT-8-9/Math/part-002.pdf,299
PSAT 8/9,Math,4fb631fd,pdfs/PSAT-8-9/Math/part-002.pdf,300
PSAT 8/9,Math,b75a9fda,pdfs/PSAT-8-9/Math/part-002.pdf,301
PSAT 8/9,Math,4930d57a,pdfs/PSAT-8-9/Math/part-002.pdf,302
PSAT 8/9,Math,be0c9b86,pdfs/PSAT-8-9/Math/part-002.pdf,303
PSAT 8/9,Math,f325b38f,pdfs/PSAT-8-9/Math/part-002.pdf,304
PSAT 8/9,Math,e89c6c7c,pdfs/PSAT-8-9/Math/part-002.pdf,305
PSAT 8/9,Math,88b075ce,pdfs/PSAT-8-9/Math/part-002.pdf,306
PSAT 8/9,Math,81f7ec94,pdfs/PSAT-8-9/Math/part-002.pdf,307
PSAT 8/9,Math,551c1788,pdfs/PSAT-8-9/Math/part-002.pdf,308
PSAT 8/9,Math,d2a54d5a,pdfs/PSAT-8-9/Math/part-002.pdf,309
PSAT 8/9,Math,261f2d8c,pdfs/PSAT-8-9/Math/part-002.pdf,310
PSAT 8/9,Math,0911153f,pdfs/PSAT-8-9/Math/part-002.pdf,311
PSAT 8/9,Math,7940c8aa,pdfs/PSAT-8-9/Math/part-002.pdf,312
PSAT 8/9,Math,081505d8,pdfs/PSAT-8-9/Math/part-002.pdf,313
PSAT 8/9,Math,aaa8f88b,pdfs/PSAT-8-9/Math/part-002.pdf,314
PSAT 8/9,Math,dd8a3f17,pdfs/PSAT-8-9/Math/part-002.pdf,315
PSAT 8/9,Math,2730fe3d,pdfs/PSAT-8-9/Math/part-002.pdf,316
PSAT 8/9,Math,906e05e8,pdfs/PSAT-8-9/Math/part-002.pdf,317
PSAT 8/9,Math,086bc4a4,pdfs/PSAT-8-9/Math/part-002.pdf,318
PSAT 8/9,Math,9fa6b9f8,pdfs/PSAT-8-9/Math/part-002.pdf,319
PSAT 8/9,Math,36e2afc3,pdfs/PSAT-8-9/Math/part-002.pdf,320
PSAT 8/9,Math,beecbf03,pdfs/PSAT-8-9/Math/part-002.pdf,321
PSAT 8/9,Math,03a84566,pdfs/PSAT-8-9/Math/part-002.pdf,322
PSAT 8/9,Math,1224cb23,pdfs/PSAT-8-9/Math/part-002.pdf,323
PSAT 8/9,Math,09332be8,pdfs/PSAT-8-9/Math/part-002.pdf,324
PSAT 8/9,Math,02ba76e5,pdfs/PSAT-8-9/Math/part-002.pdf,325
PSAT 8/9,Math,28533154,pdfs/PSAT-8-9/Math/part-002.pdf,326
PSAT 8/9,Math,0cc5714f,pdfs/PSAT-8-9/Math/part-002.pdf,327
PSAT 8/9,Math,ffb0c863,pdfs/PSAT-8-9/Math/part-002.pdf,328
PSAT 8/9,Math,3a6c3192,pdfs/PSAT-8-9/Math/part-002.pdf,329
PSAT 8/9,Math,8744b7fd,pdfs/PSAT-8-9/Math/part-002.pdf,330
PSAT 8/9,Math,8ec8b45b,pdfs/PSAT-8-9/Math/part-002.pdf,331
PSAT 8/9,Math,1dddd9cc,pdfs/PSAT-8-9/Math/part-002.pdf,332
PSAT 8/9,Math,d5b0d31a,pdfs/PSAT-8-9/Math/part-002.pdf,333
PSAT 8/9,Math,c724fa73,pdfs/PSAT-8-9/Math/part-002.pdf,334
PSAT 8/9,Math,7ced5c84,pdfs/PSAT-8-9/Math/part-002.pdf,335
PSAT 8/9,Math,8cf58029,pdfs/PSAT-8-9/Math/part-002.pdf,336
PSAT 8/9,Math,52b527bf,pdfs/PSAT-8-9/Math/part-002.pdf,337
PSAT 8/9,Math,add49899,pdfs/PSAT-8-9/Math/part-002.pdf,338
PSAT 8/9,Math,ddfbeb59,pdfs/PSAT-8-9/Math/part-002.pdf,339
PSAT 8/9,Math,9a055e2f,pdfs/PSAT-8-9/Math/part-002.pdf,340
PSAT 8/9,Math,c0712229,pdfs/PSAT-8-9/Math/part-002.pdf,341
PSAT 8/9,Math,402c5c4d,pdfs/PSAT-8-9/Math/part-002.pdf,342
PSAT 8/9,Math,06d9852c,pdfs/PSAT-8-9/Math/part-002.pdf,343
PSAT 8/9,Math,ce6b914c,pdfs/PSAT-8-9/Math/part-002.pdf,344
PSAT 8/9,Math,bed7b03e,pdfs/PSAT-8-9/Math/part-002.pdf,345
PSAT 8/9,Math,8455eb95,pdfs/PSAT-8-9/Math/part-002.pdf,346
PSAT 8/9,Math,fe8c825d,pdfs/PSAT-8-9/Math/part-002.pdf,348
PSAT 8/9,Math,29897eb5,pdfs/PSAT-8-9/Math/part-002.pdf,349
PSAT 8/9,Math,591ab2ff,pdfs/PSAT-8-9/Math/part-002.pdf,350
PSAT 8/9,Math,3cedd21c,pdfs/PSAT-8-9/Math/part-002.pdf,351
PSAT 8/9,Math,2664f8c0,pdfs/PSAT-8-9/Math/part-002.pdf,352
PSAT 8/9,Math,dfa3eb54,pdfs/PSAT-8-9/Math/part-002.pdf,353
PSAT 8/9,Math,49c334a0,pdfs/PSAT-8-9/Math/part-002.pdf,354
PSAT 8/9,Math,03c88f66,pdfs/PSAT-8-9/Math/part-002.pdf,355
PSAT 8/9,Math,f2576eeb,pdfs/PSAT-8-9/Math/part-002.pdf,356
PSAT 8/9,Math,c133370d,pdfs/PSAT-8-9/Math/part-002.pdf,357
PSAT 8/9,Math,b624281a,pdfs/PSAT-8-9/Math/part-002.pdf,358
PSAT 8/9,Math,9f7b64fc,pdfs/PSAT-8-9/Math/part-002.pdf,359
PSAT 8/9,Math,ff117be5,pdfs/PSAT-8-9/Math/part-002.pdf,360
PSAT 8/9,Math,ec9f6a4d,pdfs/PSAT-8-9/Math/part-002.pdf,362
PSAT 8/9,Math,4876e783,pdfs/PSAT-8-9/Math/part-002.pdf,363
PSAT 8/9,Math,03b93e05,pdfs/PSAT-8-9/Math/part-002.pdf,364
PSAT 8/9,Math,76a958c8,pdfs/PSAT-8-9/Math/part-002.pdf,365
PSAT 8/9,Math,817ab12f,pdfs/PSAT-8-9/Math/part-002.pdf,366
PSAT 8/9,Math,360fe402,pdfs/PSAT-8-9/Math/part-002.pdf,367
PSAT 8/9,Math,1d75aa5b,pdfs/PSAT-8-9/Math/part-002.pdf,368
PSAT 8/9,Math,85b6ce49,pdfs/PSAT-8-9/Math/part-002.pdf,369
PSAT 8/9,Math,828a628e,pdfs/PSAT-8-9/Math/part-002.pdf,370
PSAT 8/9,Math,d65cef99,pdfs/PSAT-8-9/Math/part-002.pdf,371
PSAT 8/9,Math,88ceec14,pdfs/PSAT-8-9/Math/part-002.pdf,372
PSAT 8/9,Math,5c230bbf,pdfs/PSAT-8-9/Math/part-002.pdf,373
PSAT 8/9,Math,659111a7,pdfs/PSAT-8-9/Math/part-002.pdf,374
PSAT 8/9,Math,241fdd38,pdfs/PSAT-8-9/Math/part-002.pdf,375
PSAT 8/9,Math,a8d14d44,pdfs/PSAT-8-9/Math/part-002.pdf,378
PSAT 8/9,Math,c83b287b,pdfs/PSAT-8-9/Math/part-002.pdf,379
PSAT 8/9,Math,da2514af,pdfs/PSAT-8-9/Math/part-002.pdf,380
PSAT 8/9,Math,36014dca,pdfs/PSAT-8-9/Math/part-002.pdf,381
PSAT 8/9,Math,ec84bf71,pdfs/PSAT-8-9/Math/part-002.pdf,382
PSAT 8/9,Math,fee1ef5d,pdfs/PSAT-8-9/Math/part-002.pdf,383
PSAT 8/9,Math,cb9894ef,pdfs/PSAT-8-9/Math/part-002.pdf,384
PSAT 8/9,Math,868a89bb,pdfs/PSAT-8-9/Math/part-002.pdf,385
PSAT 8/9,Math,37d4a748,pdfs/PSAT-8-9/Math/part-002.pdf,386
PSAT 8/9,Math,debeaca5,pdfs/PSAT-8-9/Math/part-002.pdf,387
PSAT 8/9,Math,30703968,pdfs/PSAT-8-9/Math/part-002.pdf,388
PSAT 8/9,Math,eac87b5a,pdfs/PSAT-8-9/Math/part-002.pdf,389
PSAT 8/9,Math,a7424e0b,pdfs/PSAT-8-9/Math/part-002.pdf,390
PSAT 8/9,Math,a6df1399,pdfs/PSAT-8-9/Math/part-002.pdf,391
PSAT 8/9,Math,8a459605,pdfs/PSAT-8-9/Math/part-002.pdf,392
PSAT 8/9,Math,4aabf924,pdfs/PSAT-8-9/Math/part-002.pdf,393
PSAT 8/9,Math,3791d6bd,pdfs/PSAT-8-9/Math/part-002.pdf,394
PSAT 8/9,Math,7481c071,pdfs/PSAT-8-9/Math/part-002.pdf,395
PSAT 8/9,Math,cd1ff26d,pdfs/PSAT-8-9/Math/part-002.pdf,396
PSAT 8/9,Math,373d6394,pdfs/PSAT-8-9/Math/part-002.pdf,397
PSAT 8/9,Math,0a9b8e86,pdfs/PSAT-8-9/Math/part-002.pdf,398
PSAT 8/9,Math,fb7f6ecc,pdfs/PSAT-8-9/Math/part-002.pdf,399
PSAT 8/9,Math,91706021,pdfs/PSAT-8-9/Math/part-002.pdf,400
PSAT 8/9,Math,b116e534,pdfs/PSAT-8-9/Math/part-002.pdf,401
PSAT 8/9,Math,79b9d027,pdfs/PSAT-8-9/Math/part-002.pdf,402
PSAT 8/9,Math,c5b1763a,pdfs/PSAT-8-9/Math/part-002.pdf,403
PSAT 8/9,Math,911fb084,pdfs/PSAT-8-9/Math/part-002.pdf,404
PSAT 8/9,Math,79c90b6a,pdfs/PSAT-8-9/Math/part-002.pdf,405
PSAT 8/9,Math,f9889e53,pdfs/PSAT-8-9/Math/part-002.pdf,406
PSAT 8/9,Math,e5d5b6c3,pdfs/PSAT-8-9/Math/part-002.pdf,408
PSAT 8/9,Math,42f6fd7c,pdfs/PSAT-8-9/Math/part-002.pdf,409
PSAT 8/9,Math,36d8b31e,pdfs/PSAT-8-9/Math/part-002.pdf,410
PSAT 8/9,Math,2e75f790,pdfs/PSAT-8-9/Math/part-002.pdf,411
PSAT 8/9,Math,093011cd,pdfs/PSAT-8-9/Math/part-002.pdf,412
PSAT 8/9,Math,7679c5ff,pdfs/PSAT-8-9/Math/part-002.pdf,413
PSAT 8/9,Math,65e9d154,pdfs/PSAT-8-9/Math/part-002.pdf,415
PSAT 8/9,Math,85c97360,pdfs/PSAT-8-9/Math/part-002.pdf,416
PSAT 8/9,Math,ba03067e,pdfs/PSAT-8-9/Math/part-002.pdf,417
PSAT 8/9,Math,9f5af838,pdfs/PSAT-8-9/Math/part-002.pdf,418
PSAT 8/9,Math,8e90c73e,pdfs/PSAT-8-9/Math/part-002.pdf,419
PSAT 8/9,Math,f3ca39ac,pdfs/PSAT-8-9/Math/part-003.pdf,1
PSAT 8/9,Math,81511f7c,pdfs/PSAT-8-9/Math/part-003.pdf,2
PSAT 8/9,Math,487b4d7e,pdfs/PSAT-8-9/Math/part-003.pdf,3
PSAT 8/9,Math,f9744796,pdfs/PSAT-8-9/Math/part-003.pdf,4
PSAT 8/9,Math,0973bee5,pdfs/PSAT-8-9/Math/part-003.pdf,5
PSAT 8/9,Math,39d18414,pdfs/PSAT-8-9/Math/part-003.pdf,6
PSAT 8/9,Math,ea6c5d8f,pdfs/PSAT-8-9/Math/part-003.pdf,7
PSAT 8/9,Math,9f3afe4b,pdfs/PSAT-8-9/Math/part-003.pdf,8
PSAT 8/9,Math,a54f963a,pdfs/PSAT-8-9/Math/part-003.pdf,9
PSAT 8/9,Math,2cf0d808,pdfs/PSAT-8-9/Math/part-003.pdf,10
PSAT 8/9,Math,abcff07d,pdfs/PSAT-8-9/Math/part-003.pdf,11
PSAT 8/9,Math,4c1d19be,pdfs/PSAT-8-9/Math/part-003.pdf,12
PSAT 8/9,Math,434eb07f,pdfs/PSAT-8-9/Math/part-003.pdf,13
PSAT 8/9,Math,588b6248,pdfs/PSAT-8-9/Math/part-003.pdf,14
PSAT 8/9,Math,fccbc3a0,pdfs/PSAT-8-9/Math/part-003.pdf,15
PSAT 8/9,Math,25b30e10,pdfs/PSAT-8-9/Math/part-003.pdf,16
PSAT 8/9,Math,0fd24549,pdfs/PSAT-8-9/Math/part-003.pdf,17
PSAT 8/9,Math,535677f8,pdfs/PSAT-8-9/Math/part-003.pdf,18
PSAT 8/9,Math,6ba7e8f5,pdfs/PSAT-8-9/Math/part-003.pdf,19
PSAT 8/9,Math,13662dff,pdfs/PSAT-8-9/Math/part-003.pdf,20
PSAT 8/9,Math,19dd1d51,pdfs/PSAT-8-9/Math/part-003.pdf,21
PSAT 8/9,Math,3b920517,pdfs/PSAT-8-9/Math/part-003.pdf,22
PSAT 8/9,Math,c38e3f08,pdfs/PSAT-8-9/Math/part-003.pdf,23
PSAT 8/9,Math,863ba38f,pdfs/PSAT-8-9/Math/part-003.pdf,24
PSAT 8/9,Math,f5fc77bb,pdfs/PSAT-8-9/Math/part-003.pdf,25
PSAT 8/9,Math,ec8bc300,pdfs/PSAT-8-9/Math/part-003.pdf,26
PSAT 8/9,Math,f67f25ec,pdfs/PSAT-8-9/Math/part-003.pdf,27
PSAT 8/9,Math,537cb683,pdfs/PSAT-8-9/Math/part-003.pdf,28
PSAT 8/9,Math,f83989de,pdfs/PSAT-8-9/Math/part-003.pdf,29
PSAT 8/9,Math,8d55f68c,pdfs/PSAT-8-9/Math/part-003.pdf,30
PSAT 8/9,Math,693e879c,pdfs/PSAT-8-9/Math/part-003.pdf,31
PSAT 8/9,Math,f48701b7,pdfs/PSAT-8-9/Math/part-003.pdf,32
PSAT 8/9,Math,b24e6d9b,pdfs/PSAT-8-9/Math/part-003.pdf,33
PSAT 8/9,Math,85aa1f1e,pdfs/PSAT-8-9/Math/part-003.pdf,34
PSAT 8/9,Math,b8bb1c64,pdfs/PSAT-8-9/Math/part-003.pdf,35
PSAT 8/9,Math,c87fc99d,pdfs/PSAT-8-9/Math/part-003.pdf,36
PSAT 8/9,Math,7d726a6c,pdfs/PSAT-8-9/Math/part-003.pdf,37
PSAT 8/9,Math,8eced23b,pdfs/PSAT-8-9/Math/part-003.pdf,38
PSAT 8/9,Math,5cf66d3d,pdfs/PSAT-8-9/Math/part-003.pdf,39
PSAT 8/9,Math,5422f370,pdfs/PSAT-8-9/Math/part-003.pdf,40
PSAT 8/9,Math,7ca31f02,pdfs/PSAT-8-9/Math/part-003.pdf,41
PSAT 8/9,Math,71cd4b1a,pdfs/PSAT-8-9/Math/part-003.pdf,42
PSAT 8/9,Math,d1195970,pdfs/PSAT-8-9/Math/part-003.pdf,43
PSAT 8/9,Math,efbe40d3,pdfs/PSAT-8-9/Math/part-003.pdf,44
PSAT 8/9,Math,bb8fe061,pdfs/PSAT-8-9/Math/part-003.pdf,45
PSAT 8/9,Math,3e8b4b62,pdfs/PSAT-8-9/Math/part-003.pdf,46
PSAT 8/9,Math,01cdfc27,pdfs/PSAT-8-9/Math/part-003.pdf,47
PSAT 8/9,Math,be307b61,pdfs/PSAT-8-9/Math/part-003.pdf,48
PSAT 8/9,Math,c0544459,pdfs/PSAT-8-9/Math/part-003.pdf,49
PSAT 8/9,Math,620ff256,pdfs/PSAT-8-9/Math/part-003.pdf,50
PSAT 8/9,Math,7ba3505c,pdfs/PSAT-8-9/Math/part-003.pdf,51
PSAT 8/9,Math,db510fc9,pdfs/PSAT-8-9/Math/part-003.pdf,52
PSAT 8/9,Math,70ea8f01,pdfs/PSAT-8-9/Math/part-003.pdf,53
PSAT 8/9,Math,ae662dda,pdfs/PSAT-8-9/Math/part-003.pdf,54
PSAT 8/9,Math,6b70b00b,pdfs/PSAT-8-9/Math/part-003.pdf,55
PSAT 8/9,Math,f47bb4f5,pdfs/PSAT-8-9/Math/part-003.pdf,56
PSAT 8/9,Math,ef2ab085,pdfs/PSAT-8-9/Math/part-003.pdf,57
PSAT 8/9,Math,2fa0d3b1,pdfs/PSAT-8-9/Math/part-003.pdf,58
PSAT 8/9,Math,0664c858,pdfs/PSAT-8-9/Math/part-003.pdf,59
PSAT 8/9,Math,3848261d,pdfs/PSAT-8-9/Math/part-003.pdf,60
PSAT 8/9,Math,f35b6334,pdfs/PSAT-8-9/Math/part-003.pdf,61
PSAT 8/9,Math,b45e16bc,pdfs/PSAT-8-9/Math/part-003.pdf,62
PSAT 8/9,Math,b93ac7a1,pdfs/PSAT-8-9/Math/part-003.pdf,63
PSAT 8/9,Math,d7eebf61,pdfs/PSAT-8-9/Math/part-003.pdf,64
PSAT 8/9,Math,97ae6e28,pdfs/PSAT-8-9/Math/part-003.pdf,65
PSAT 8/9,Math,35c1c94e,pdfs/PSAT-8-9/Math/part-003.pdf,66
PSAT 8/9,Math,b57e6e71,pdfs/PSAT-8-9/Math/part-003.pdf,67
PSAT 8/9,Math,8b49ee2b,pdfs/PSAT-8-9/Math/part-003.pdf,68
PSAT 8/9,Math,f152670d,pdfs/PSAT-8-9/Math/part-003.pdf,69
PSAT 8/9,Math,4851acac,pdfs/PSAT-8-9/Math/part-003.pdf,70
PSAT 8/9,Math,c3bbf980,pdfs/PSAT-8-9/Math/part-003.pdf,71
PSAT 8/9,Math,9d880b2b,pdfs/PSAT-8-9/Math/part-003.pdf,72
PSAT 8/9,Math,0c86aa7f,pdfs/PSAT-8-9/Math/part-003.pdf,73
PSAT 8/9,Math,949d71d0,pdfs/PSAT-8-9/Math/part-003.pdf,74
PSAT 8/9,Math,04a2c486,pdfs/PSAT-8-9/Math/part-003.pdf,75
PSAT 8/9,Math,871e16c0,pdfs/PSAT-8-9/Math/part-003.pdf,76
PSAT 8/9,Math,e3b9889a,pdfs/PSAT-8-9/Math/part-003.pdf,77
PSAT 8/9,Math,0262d47e,pdfs/PSAT-8-9/Math/part-003.pdf,78
PSAT 8/9,Math,5208f426,pdfs/PSAT-8-9/Math/part-003.pdf,79
PSAT 8/9,Math,a7bca299,pdfs/PSAT-8-9/Math/part-003.pdf,80
PSAT 8/9,Math,b3696243,pdfs/PSAT-8-9/Math/part-003.pdf,81
PSAT 8/9,Math,3c2326c3,pdfs/PSAT-8-9/Math/part-003.pdf,82
PSAT 8/9,Math,dc68076a,pdfs/PSAT-8-9/Math/part-003.pdf,83
PSAT 8/9,Math,3d5ccd8a,pdfs/PSAT-8-9/Math/part-003.pdf,84
PSAT 8/9,Math,dc252b23,pdfs/PSAT-8-9/Math/part-003.pdf,85
PSAT 8/9,Math,1be1c99c,pdfs/PSAT-8-9/Math/part-003.pdf,86
PSAT 8/9,Math,864593f6,pdfs/PSAT-8-9/Math/part-003.pdf,87
PSAT 8/9,Math,02e9349f,pdfs/PSAT-8-9/Math/part-003.pdf,88
PSAT 8/9,Math,192b5685,pdfs/PSAT-8-9/Math/part-003.pdf,89
PSAT 8/9,Math,82d94e45,pdfs/PSAT-8-9/Math/part-003.pdf,90
PSAT 8/9,Math,c0cf322f,pdfs/PSAT-8-9/Math/part-003.pdf,91
PSAT 8/9,Math,3af02eb6,pdfs/PSAT-8-9/Math/part-003.pdf,92
PSAT 8/9,Math,04f5f88c,pdfs/PSAT-8-9/Math/part-003.pdf,93
PSAT 8/9,Math,1e58dd10,pdfs/PSAT-8-9/Math/part-003.pdf,94
PSAT 8/9,Math,0d756e9a,pdfs/PSAT-8-9/Math/part-003.pdf,95
PSAT 8/9,Math,f463a4f4,pdfs/PSAT-8-9/Math/part-003.pdf,96
PSAT 8/9,Math,c916f8a2,pdfs/PSAT-8-9/Math/part-003.pdf,97
PSAT 8/9,Math,19c803ba,pdfs/PSAT-8-9/Math/part-003.pdf,98
PSAT 8/9,Math,7d6e498c,pdfs/PSAT-8-9/Math/part-003.pdf,99
PSAT 8/9,Math,a583ef40,pdfs/PSAT-8-9/Math/part-003.pdf,100
PSAT 8/9,Math,864f86f2,pdfs/PSAT-8-9/Math/part-003.pdf,101
PSAT 8/9,Math,c185d9c2,pdfs/PSAT-8-9/Math/part-003.pdf,102
PSAT 8/9,Math,45b21e4c,pdfs/PSAT-8-9/Math/part-003.pdf,103
PSAT 8/9,Math,b1415403,pdfs/PSAT-8-9/Math/part-003.pdf,104
PSAT 8/9,Math,c326a5a3,pdfs/PSAT-8-9/Math/part-003.pdf,105
PSAT 8/9,Math,625b8d01,pdfs/PSAT-8-9/Math/part-003.pdf,106
PSAT 8/9,Math,67c08ea4,pdfs/PSAT-8-9/Math/part-003.pdf,107
PSAT 8/9,Math,dbb65c37,pdfs/PSAT-8-9/Math/part-003.pdf,108
PSAT 8/9,Math,9c2a8ff4,pdfs/PSAT-8-9/Math/part-003.pdf,109
PSAT 8/9,Math,ee353457,pdfs/PSAT-8-9/Math/part-003.pdf,110
PSAT 8/9,Math,c38fe700,pdfs/PSAT-8-9/Math/part-003.pdf,111
PSAT 8/9,Math,a9fb86ee,pdfs/PSAT-8-9/Math/part-003.pdf,112
PSAT 8/9,Math,3ae56cc7,pdfs/PSAT-8-9/Math/part-003.pdf,113
PSAT 8/9,Math,651accda,pdfs/PSAT-8-9/Math/part-003.pdf,114
PSAT 8/9,Math,96fa402d,pdfs/PSAT-8-9/Math/part-003.pdf,118
PSAT 8/9,Math,95d68def,pdfs/PSAT-8-9/Math/part-003.pdf,119
PSAT 8/9,Math,7492a444,pdfs/PSAT-8-9/Math/part-003.pdf,120
PSAT 8/9,Math,30e717d7,pdfs/PSAT-8-9/Math/part-003.pdf,121
PSAT 8/9,Math,240a7e11,pdfs/PSAT-8-9/Math/part-003.pdf,122
PSAT 8/9,Math,ba8b3af6,pdfs/PSAT-8-9/Math/part-003.pdf,123
PSAT 8/9,Math,527c2ef0,pdfs/PSAT-8-9/Math/part-003.pdf,124
PSAT 8/9,Math,fff10cdf,pdfs/PSAT-8-9/Math/part-003.pdf,125
PSAT 8/9,Math,ab1db019,pdfs/PSAT-8-9/Math/part-003.pdf,126
PSAT 8/9,Math,e908b1b3,pdfs/PSAT-8-9/Math/part-003.pdf,127
PSAT 8/9,Math,405a2819,pdfs/PSAT-8-9/Math/part-003.pdf,128
PSAT 8/9,Math,4d9b87ba,pdfs/PSAT-8-9/Math/part-003.pdf,129
PSAT 8/9,Math,6de0aa02,pdfs/PSAT-8-9/Math/part-003.pdf,130
PSAT 8/9,Math,93232521,pdfs/PSAT-8-9/Math/part-003.pdf,131
PSAT 8/9,Math,f4beb990,pdfs/PSAT-8-9/Math/part-003.pdf,132
PSAT 8/9,Math,8157f073,pdfs/PSAT-8-9/Math/part-003.pdf,135
PSAT 8/9,Math,f2a38545,pdfs/PSAT-8-9/Math/part-003.pdf,136
PSAT 8/9,Math,d6b7953b,pdfs/PSAT-8-9/Math/part-003.pdf,137
PSAT 8/9,Math,fd3d04b4,pdfs/PSAT-8-9/Math/part-003.pdf,139
PSAT 8/9,Math,78ea57c5,pdfs/PSAT-8-9/Math/part-003.pdf,140
PSAT 8/9,Math,b99cb567,pdfs/PSAT-8-9/Math/part-003.pdf,141
PSAT 8/9,Math,85bda40c,pdfs/PSAT-8-9/Math/part-003.pdf,142
PSAT 8/9,Math,6ba6ac8f,pdfs/PSAT-8-9/Math/part-003.pdf,143
PSAT 8/9,Math,d4bc5c1a,pdfs/PSAT-8-9/Math/part-003.pdf,144
PSAT 8/9,Math,bd80fc00,pdfs/PSAT-8-9/Math/part-003.pdf,145
PSAT 8/9,Math,0e732b9c,pdfs/PSAT-8-9/Math/part-003.pdf,148
PSAT 8/9,Math,62ffaa40,pdfs/PSAT-8-9/Math/part-003.pdf,149
PSAT 8/9,Math,a092a588,pdfs/PSAT-8-9/Math/part-003.pdf,150
PSAT 8/9,Math,4302ec71,pdfs/PSAT-8-9/Math/part-003.pdf,151
PSAT 8/9,Math,cbc8dad0,pdfs/PSAT-8-9/Math/part-003.pdf,152
PSAT 8/9,Math,02987ef8,pdfs/PSAT-8-9/Math/part-003.pdf,153
PSAT 8/9,Math,740d1bd3,pdfs/PSAT-8-9/Math/part-003.pdf,154
PSAT 8/9,Math,d3bf099a,pdfs/PSAT-8-9/Math/part-003.pdf,155
PSAT 8/9,Math,3564dbcf,pdfs/PSAT-8-9/Math/part-003.pdf,156
PSAT 8/9,Math,1b7d531b,pdfs/PSAT-8-9/Math/part-003.pdf,157
PSAT 8/9,Math,4f3e5749,pdfs/PSAT-8-9/Math/part-003.pdf,158
PSAT 8/9,Math,d364707e,pdfs/PSAT-8-9/Math/part-003.pdf,159
PSAT 8/9,Math,7d0fa86a,pdfs/PSAT-8-9/Math/part-003.pdf,160
PSAT 8/9,Math,bff1c061,pdfs/PSAT-8-9/Math/part-003.pdf,161
PSAT 8/9,Math,03b5a12c,pdfs/PSAT-8-9/Math/part-003.pdf,162
PSAT 8/9,Math,7daa0854,pdfs/PSAT-8-9/Math/part-003.pdf,163
PSAT 8/9,Math,704554cf,pdfs/PSAT-8-9/Math/part-003.pdf,165
PSAT 8/9,Math,2e4ed07f,pdfs/PSAT-8-9/Math/part-003.pdf,166
PSAT 8/9,Math,f73a27f2,pdfs/PSAT-8-9/Math/part-003.pdf,167
PSAT 8/9,Math,d7afaadf,pdfs/PSAT-8-9/Math/part-003.pdf,168
PSAT 8/9,Math,622c4243,pdfs/PSAT-8-9/Math/part-003.pdf,169
PSAT 8/9,Math,e8fbab3e,pdfs/PSAT-8-9/Math/part-003.pdf,170
PSAT 8/9,Math,af96ffde,pdfs/PSAT-8-9/Math/part-003.pdf,171
PSAT 8/9,Math,fb44ac59,pdfs/PSAT-8-9/Math/part-003.pdf,172
PSAT 8/9,Math,ab1e613f,pdfs/PSAT-8-9/Math/part-003.pdf,173
PSAT 8/9,Math,57f7a81a,pdfs/PSAT-8-9/Math/part-003.pdf,174
PSAT 8/9,Math,6c7ea979,pdfs/PSAT-8-9/Math/part-003.pdf,175
PSAT 8/9,Math,8864b827,pdfs/PSAT-8-9/Math/part-003.pdf,176
PSAT 8/9,Math,81eb7297,pdfs/PSAT-8-9/Math/part-003.pdf,177
PSAT 8/9,Math,9cb15a2c,pdfs/PSAT-8-9/Math/part-003.pdf,178
PSAT 8/9,Math,51505b17,pdfs/PSAT-8-9/Math/part-003.pdf,179
PSAT 8/9,Math,c9086e92,pdfs/PSAT-8-9/Math/part-003.pdf,180
PSAT 8/9,Math,43747827,pdfs/PSAT-8-9/Math/part-003.pdf,181
PSAT 8/9,Math,af6808f1,pdfs/PSAT-8-9/Math/part-003.pdf,183
PSAT 8/9,Math,0d40981f,pdfs/PSAT-8-9/Math/part-003.pdf,184
PSAT 8/9,Math,0c67a1c6,pdfs/PSAT-8-9/Math/part-003.pdf,185
PSAT 8/9,Math,804fdf21,pdfs/PSAT-8-9/Math/part-003.pdf,186
PSAT 8/9,Math,dbd12247,pdfs/PSAT-8-9/Math/part-003.pdf,187
PSAT 8/9,Math,b50d7591,pdfs/PSAT-8-9/Math/part-003.pdf,188
PSAT 8/9,Math,1b0541ca,pdfs/PSAT-8-9/Math/part-003.pdf,189
PSAT 8/9,Math,dadfc2d7,pdfs/PSAT-8-9/Math/part-003.pdf,190
PSAT 8/9,Math,d7f8a1a2,pdfs/PSAT-8-9/Math/part-003.pdf,191
PSAT 8/9,Math,09287872,pdfs/PSAT-8-9/Math/part-003.pdf,192
PSAT 8/9,Math,eaa81aca,pdfs/PSAT-8-9/Math/part-003.pdf,193
PSAT 8/9,Math,e81bcf2a,pdfs/PSAT-8-9/Math/part-003.pdf,194
PSAT 8/9,Math,efcee9f3,pdfs/PSAT-8-9/Math/part-003.pdf,195
PSAT 8/9,Math,dc08c9bd,pdfs/PSAT-8-9/Math/part-003.pdf,197
PSAT 8/9,Math,536cfa26,pdfs/PSAT-8-9/Math/part-003.pdf,198
PSAT 8/9,Math,e8cc85ac,pdfs/PSAT-8-9/Math/part-003.pdf,200
PSAT 8/9,Math,ffccd820,pdfs/PSAT-8-9/Math/part-003.pdf,201
PSAT 8/9,Math,ad4655ca,pdfs/PSAT-8-9/Math/part-003.pdf,202
PSAT 8/9,Math,ce577b1a,pdfs/PSAT-8-9/Math/part-003.pdf,203
PSAT 8/9,Math,d92bd660,pdfs/PSAT-8-9/Math/part-003.pdf,204
PSAT 8/9,Math,73ff2b8e,pdfs/PSAT-8-9/Math/part-003.pdf,205
PSAT 8/9,Math,0dda2ee3,pdfs/PSAT-8-9/Math/part-003.pdf,206
PSAT 8/9,Math,c02b2b8b,pdfs/PSAT-8-9/Math/part-003.pdf,207
PSAT 8/9,Math,bc9caf4f,pdfs/PSAT-8-9/Math/part-003.pdf,208
PSAT 8/9,Math,0e06b79e,pdfs/PSAT-8-9/Math/part-003.pdf,209
PSAT 8/9,Math,495bb3a3,pdfs/PSAT-8-9/Math/part-003.pdf,210
PSAT 8/9,Math,f739cc4b,pdfs/PSAT-8-9/Math/part-003.pdf,211
PSAT 8/9,Math,0e6e5c91,pdfs/PSAT-8-9/Math/part-003.pdf,212
PSAT 8/9,Math,f50991d7,pdfs/PSAT-8-9/Math/part-003.pdf,213
PSAT 8/9,Math,86d848a2,pdfs/PSAT-8-9/Math/part-003.pdf,214
PSAT 8/9,Math,5a2f1a17,pdfs/PSAT-8-9/Math/part-003.pdf,215
PSAT 8/9,Math,d0912e8e,pdfs/PSAT-8-9/Math/part-003.pdf,217
PSAT 8/9,Math,81e9f06d,pdfs/PSAT-8-9/Math/part-003.pdf,218
PSAT 8/9,Math,e7bd68a0,pdfs/PSAT-8-9/Math/part-003.pdf,219
PSAT 8/9,Math,390ede02,pdfs/PSAT-8-9/Math/part-003.pdf,220
PSAT 8/9,Math,177a627e,pdfs/PSAT-8-9/Math/part-003.pdf,221
PSAT 8/9,Math,37c09cea,pdfs/PSAT-8-9/Math/part-003.pdf,222
PSAT 8/9,Math,224306a7,pdfs/PSAT-8-9/Math/part-003.pdf,223
PSAT 8/9,Math,9dd75f3a,pdfs/PSAT-8-9/Math/part-003.pdf,224
PSAT 8/9,Math,52a0c14e,pdfs/PSAT-8-9/Math/part-003.pdf,225
PSAT 8/9,Math,54b5911c,pdfs/PSAT-8-9/Math/part-003.pdf,226
PSAT 8/9,Math,e8e2c25e,pdfs/PSAT-8-9/Math/part-003.pdf,227
PSAT 8/9,Math,1e3791e1,pdfs/PSAT-8-9/Math/part-003.pdf,228
PSAT 8/9,Math,f9fde6aa,pdfs/PSAT-8-9/Math/part-003.pdf,229
PSAT 8/9,Math,34981aed,pdfs/PSAT-8-9/Math/part-003.pdf,230
PSAT 8/9,Math,3fad577a,pdfs/PSAT-8-9/Math/part-003.pdf,231
PSAT 8/9,Math,f6e96452,pdfs/PSAT-8-9/Math/part-003.pdf,232
PSAT 8/9,Math,374d5bbc,pdfs/PSAT-8-9/Math/part-003.pdf,233
PSAT 8/9,Math,f4d98e1c,pdfs/PSAT-8-9/Math/part-003.pdf,234
PSAT 8/9,Math,22c86db5,pdfs/PSAT-8-9/Math/part-003.pdf,235
PSAT 8/9,Math,dc4bc33f,pdfs/PSAT-8-9/Math/part-003.pdf,236
PSAT 8/9,Math,24bab746,pdfs/PSAT-8-9/Math/part-003.pdf,237
PSAT 8/9,Math,917801a2,pdfs/PSAT-8-9/Math/part-003.pdf,238
PSAT 8/9,Math,6d3babbf,pdfs/PSAT-8-9/Math/part-003.pdf,239
PSAT 8/9,Math,11d32dca,pdfs/PSAT-8-9/Math/part-003.pdf,240
PSAT 8/9,Math,bc7369b9,pdfs/PSAT-8-9/Math/part-003.pdf,241
PSAT 8/9,Math,c3ff263b,pdfs/PSAT-8-9/Math/part-003.pdf,242
PSAT 8/9,Math,d6e36cc4,pdfs/PSAT-8-9/Math/part-003.pdf,244
PSAT 8/9,Math,1e7bc6a0,pdfs/PSAT-8-9/Math/part-003.pdf,245
PSAT 8/9,Math,315923c7,pdfs/PSAT-8-9/Math/part-003.pdf,247
PSAT 8/9,Math,86defb97,pdfs/PSAT-8-9/Math/part-003.pdf,248
PSAT 8/9,Math,f860b53e,pdfs/PSAT-8-9/Math/part-003.pdf,249
PSAT 8/9,Math,be20db93,pdfs/PSAT-8-9/Math/part-003.pdf,250
PSAT 8/9,Math,6be5bec6,pdfs/PSAT-8-9/Math/part-003.pdf,251
PSAT 8/9,Math,0f5fb476,pdfs/PSAT-8-9/Math/part-003.pdf,253
PSAT 8/9,Math,6f91c2b3,pdfs/PSAT-8-9/Math/part-003.pdf,254
PSAT 8/9,Math,637bab01,pdfs/PSAT-8-9/Math/part-003.pdf,255
PSAT 8/9,Math,9629a41d,pdfs/PSAT-8-9/Math/part-003.pdf,256
PSAT 8/9,Math,f60407dc,pdfs/PSAT-8-9/Math/part-003.pdf,257
PSAT 8/9,Math,0e8bcfc6,pdfs/PSAT-8-9/Math/part-003.pdf,258
PSAT 8/9,Math,dcff7f1e,pdfs/PSAT-8-9/Math/part-003.pdf,259
PSAT 8/9,Math,b2742b8b,pdfs/PSAT-8-9/Math/part-003.pdf,260
PSAT 8/9,Math,9fd78a5b,pdfs/PSAT-8-9/Math/part-003.pdf,261
PSAT 8/9,Math,8d2f22fe,pdfs/PSAT-8-9/Math/part-003.pdf,262
PSAT 8/9,Math,6894c8ee,pdfs/PSAT-8-9/Math/part-003.pdf,263
PSAT 8/9,Math,a0ea05c4,pdfs/PSAT-8-9/Math/part-003.pdf,264
PSAT 8/9,Math,cb22909d,pdfs/PSAT-8-9/Math/part-003.pdf,265
PSAT 8/9,Math,a3fa4fce,pdfs/PSAT-8-9/Math/part-003.pdf,266
PSAT 8/9,Math,abab2560,pdfs/PSAT-8-9/Math/part-003.pdf,267
PSAT 8/9,Math,5d5091c2,pdfs/PSAT-8-9/Math/part-003.pdf,268
PSAT 8/9,Math,c7e7c718,pdfs/PSAT-8-9/Math/part-003.pdf,269
PSAT 8/9,Math,a87deb8b,pdfs/PSAT-8-9/Math/part-003.pdf,271
PSAT 8/9,Math,442019ce,pdfs/PSAT-8-9/Math/part-003.pdf,272
PSAT 8/9,Math,0bc3ce7b,pdfs/PSAT-8-9/Math/part-003.pdf,273
PSAT 8/9,Math,04b2b655,pdfs/PSAT-8-9/Math/part-003.pdf,274
PSAT 8/9,Math,af308bbf,pdfs/PSAT-8-9/Math/part-003.pdf,275
PSAT 8/9,Math,919edb4d,pdfs/PSAT-8-9/Math/part-003.pdf,276
PSAT 8/9,Math,b95cc5f8,pdfs/PSAT-8-9/Math/part-003.pdf,277
PSAT 8/9,Math,616c554a,pdfs/PSAT-8-9/Math/part-003.pdf,278
PSAT 8/9,Math,052c335e,pdfs/PSAT-8-9/Math/part-003.pdf,279
PSAT 8/9,Math,323d88e3,pdfs/PSAT-8-9/Math/part-003.pdf,280
PSAT 8/9,Math,0c66c0db,pdfs/PSAT-8-9/Math/part-003.pdf,281
PSAT 8/9,Math,f098337a,pdfs/PSAT-8-9/Math/part-003.pdf,283
PSAT 8/9,Math,d50f940b,pdfs/PSAT-8-9/Math/part-003.pdf,284
PSAT 8/9,Math,16711f9a,pdfs/PSAT-8-9/Math/part-003.pdf,285
PSAT 8/9,Math,aa7c931b,pdfs/PSAT-8-9/Math/part-003.pdf,286
PSAT 8/9,Math,3f305822,pdfs/PSAT-8-9/Math/part-003.pdf,287
PSAT 8/9,Math,fc5939a3,pdfs/PSAT-8-9/Math/part-003.pdf,288
PSAT 8/9,Math,48fd773a,pdfs/PSAT-8-9/Math/part-003.pdf,289
PSAT 8/9,Math,11220304,pdfs/PSAT-8-9/Math/part-003.pdf,290
PSAT 8/9,Math,41dbed73,pdfs/PSAT-8-9/Math/part-003.pdf,291
PSAT 8/9,Math,1ba8ae3f,pdfs/PSAT-8-9/Math/part-003.pdf,293
PSAT 8/9,Math,df16feb2,pdfs/PSAT-8-9/Math/part-003.pdf,294
PSAT 8/9,Math,4987069f,pdfs/PSAT-8-9/Math/part-003.pdf,295
PSAT 8/9,Math,3211f63e,pdfs/PSAT-8-9/Math/part-003.pdf,296
PSAT 8/9,Math,9c266cfd,pdfs/PSAT-8-9/Math/part-003.pdf,297
PSAT 8/9,Math,565eb6b8,pdfs/PSAT-8-9/Math/part-003.pdf,298
PSAT 8/9,Math,7888764e,pdfs/PSAT-8-9/Math/part-003.pdf,299
PSAT 8/9,Math,c75d8fac,pdfs/PSAT-8-9/Math/part-003.pdf,300
PSAT 8/9,Math,473aec9a,pdfs/PSAT-8-9/Math/part-003.pdf,301
PSAT 8/9,Math,92aa597e,pdfs/PSAT-8-9/Math/part-003.pdf,303
PSAT 8/9,Math,b6530b17,pdfs/PSAT-8-9/Math/part-003.pdf,304
PSAT 8/9,Math,bc120c48,pdfs/PSAT-8-9/Math/part-003.pdf,305
PSAT 8/9,Math,b6a83ea1,pdfs/PSAT-8-9/Math/part-003.pdf,306
PSAT 8/9,Math,e844d141,pdfs/PSAT-8-9/Math/part-003.pdf,307
PSAT 8/9,Math,8a0465ec,pdfs/PSAT-8-9/Math/part-003.pdf,308
PSAT 8/9,Math,65fa5e45,pdfs/PSAT-8-9/Math/part-003.pdf,309
PSAT 8/9,Math,d5889039,pdfs/PSAT-8-9/Math/part-003.pdf,310
PSAT 8/9,Math,4cd71d9b,pdfs/PSAT-8-9/Math/part-003.pdf,311
PSAT 8/9,Math,06ce7c73,pdfs/PSAT-8-9/Math/part-003.pdf,312
PSAT 8/9,Math,c20a9693,pdfs/PSAT-8-9/Math/part-003.pdf,313
PSAT 8/9,Math,87bdfe3b,pdfs/PSAT-8-9/Math/part-003.pdf,314
PSAT 8/9,Math,dfdf7c24,pdfs/PSAT-8-9/Math/part-003.pdf,315
PSAT 8/9,Math,ddbfe7db,pdfs/PSAT-8-9/Math/part-003.pdf,316
PSAT 8/9,Math,17134d4d,pdfs/PSAT-8-9/Math/part-003.pdf,317
PSAT 8/9,Math,ebe77ad7,pdfs/PSAT-8-9/Math/part-003.pdf,319
PSAT 8/9,Math,a9cac75f,pdfs/PSAT-8-9/Math/part-003.pdf,320
PSAT 8/9,Math,4f3630c1,pdfs/PSAT-8-9/Math/part-003.pdf,321
PSAT 8/9,Math,32b6daf7,pdfs/PSAT-8-9/Math/part-003.pdf,322
PSAT 8/9,Math,89bfd23d,pdfs/PSAT-8-9/Math/part-003.pdf,323
PSAT 8/9,Math,477d199b,pdfs/PSAT-8-9/Math/part-003.pdf,324
PSAT 8/9,Math,6f515d59,pdfs/PSAT-8-9/Math/part-003.pdf,325
PSAT 8/9,Math,e1d86481,pdfs/PSAT-8-9/Math/part-003.pdf,326
PSAT 8/9,Math,6e61b282,pdfs/PSAT-8-9/Math/part-003.pdf,327
PSAT 8/9,Math,162855e8,pdfs/PSAT-8-9/Math/part-003.pdf,329
PSAT 8/9,Math,6d8f92ea,pdfs/PSAT-8-9/Math/part-003.pdf,330
PSAT 8/9,Math,36618204,pdfs/PSAT-8-9/Math/part-003.pdf,331
PSAT 8/9,Math,dfc0bbb3,pdfs/PSAT-8-9/Math/part-003.pdf,332
PSAT 8/9,Math,964acb63,pdfs/PSAT-8-9/Math/part-003.pdf,333
PSAT 8/9,Math,1379521d,pdfs/PSAT-8-9/Math/part-003.pdf,334
PSAT 8/9,Math,9b0b498f,pdfs/PSAT-8-9/Math/part-003.pdf,335
PSAT 8/9,Math,bea08be0,pdfs/PSAT-8-9/Math/part-003.pdf,336
PSAT 8/9,Math,7b6d6cd7,pdfs/PSAT-8-9/Math/part-003.pdf,337
PSAT 8/9,Math,e7e66c69,pdfs/PSAT-8-9/Math/part-003.pdf,338
PSAT 8/9,Math,e66e4fe3,pdfs/PSAT-8-9/Math/part-003.pdf,340
PSAT 8/9,Math,492fccc0,pdfs/PSAT-8-9/Math/part-003.pdf,342
PSAT 8/9,Math,86d35711,pdfs/PSAT-8-9/Math/part-003.pdf,343
PSAT 8/9,Math,b7e05639,pdfs/PSAT-8-9/Math/part-003.pdf,345
PSAT 8/9,Math,75ef3015,pdfs/PSAT-8-9/Math/part-003.pdf,346
PSAT 8/9,Math,0d61c057,pdfs/PSAT-8-9/Math/part-003.pdf,347
PSAT 8/9,Math,1f9b1ab2,pdfs/PSAT-8-9/Math/part-003.pdf,348
PSAT 8/9,Math,9defb65e,pdfs/PSAT-8-9/Math/part-003.pdf,349
PSAT 8/9,Math,8b8e7777,pdfs/PSAT-8-9/Math/part-003.pdf,350
PSAT 8/9,Math,b526c4d8,pdfs/PSAT-8-9/Math/part-003.pdf,351
PSAT 8/9,Math,cf6b47d6,pdfs/PSAT-8-9/Math/part-003.pdf,352
PSAT 8/9,Math,63bb9b08,pdfs/PSAT-8-9/Math/part-003.pdf,353
PSAT 8/9,Math,b4ed5607,pdfs/PSAT-8-9/Math/part-003.pdf,354
PSAT 8/9,Math,522d11d2,pdfs/PSAT-8-9/Math/part-003.pdf,355
PSAT 8/9,Math,379d6c4c,pdfs/PSAT-8-9/Math/part-003.pdf,356
PSAT 8/9,Math,aa5fe358,pdfs/PSAT-8-9/Math/part-003.pdf,357
PSAT 8/9,Math,91212bef,pdfs/PSAT-8-9/Math/part-003.pdf,358
PSAT 8/9,Math,708f606b,pdfs/PSAT-8-9/Math/part-003.pdf,360
PSAT 8/9,Math,8db6e894,pdfs/PSAT-8-9/Math/part-003.pdf,361
PSAT 8/9,Math,a5c77fee,pdfs/PSAT-8-9/Math/part-003.pdf,362
PSAT 8/9,Math,b631e580,pdfs/PSAT-8-9/Math/part-003.pdf,363
PSAT 8/9,Math,ee209d41,pdfs/PSAT-8-9/Math/part-003.pdf,364
PSAT 8/9,Math,1699f94b,pdfs/PSAT-8-9/Math/part-003.pdf,365
PSAT 8/9,Math,428378f4,pdfs/PSAT-8-9/Math/part-003.pdf,366
PSAT 8/9,Math,39d416e3,pdfs/PSAT-8-9/Math/part-003.pdf,368
PSAT 8/9,Math,41999518,pdfs/PSAT-8-9/Math/part-003.pdf,369
PSAT 8/9,Math,0a5b047c,pdfs/PSAT-8-9/Math/part-003.pdf,370
PSAT 8/9,Math,5b89761c,pdfs/PSAT-8-9/Math/part-003.pdf,371
PSAT 8/9,Math,a78ff450,pdfs/PSAT-8-9/Math/part-003.pdf,372
PSAT 8/9,Math,5a05c2f5,pdfs/PSAT-8-9/Math/part-003.pdf,373
PSAT 8/9,Math,f3df597e,pdfs/PSAT-8-9/Math/part-003.pdf,374
PSAT 8/9,Math,92d3a14b,pdfs/PSAT-8-9/Math/part-003.pdf,375
PSAT 8/9,Math,31ad87f4,pdfs/PSAT-8-9/Math/part-003.pdf,376
PSAT 8/9,Math,fc52c5e9,pdfs/PSAT-8-9/Math/part-003.pdf,377
PSAT 8/9,Math,733606ff,pdfs/PSAT-8-9/Math/part-003.pdf,378
PSAT 8/9,Math,f72cd254,pdfs/PSAT-8-9/Math/part-003.pdf,379
PSAT 8/9,Math,fac97d3b,pdfs/PSAT-8-9/Math/part-003.pdf,380
PSAT 8/9,Math,e15d9274,pdfs/PSAT-8-9/Math/part-003.pdf,381
PSAT 8/9,Math,a349d965,pdfs/PSAT-8-9/Math/part-003.pdf,382
PSAT 8/9,Math,a16d347f,pdfs/PSAT-8-9/Math/part-003.pdf,383
PSAT 8/9,Math,ecb341ba,pdfs/PSAT-8-9/Math/part-003.pdf,384
PSAT 8/9,Math,26517c03,pdfs/PSAT-8-9/Math/part-003.pdf,385
PSAT 8/9,Math,bfeed06f,pdfs/PSAT-8-9/Math/part-003.pdf,387
PSAT 8/9,Math,f964c18b,pdfs/PSAT-8-9/Math/part-003.pdf,389
PSAT 8/9,Math,b50d7597,pdfs/PSAT-8-9/Math/part-003.pdf,390
PSAT 8/9,Math,cfaf68a5,pdfs/PSAT-8-9/Math/part-003.pdf,391
PSAT 8/9,Math,f4a50404,pdfs/PSAT-8-9/Math/part-003.pdf,392
PSAT 8/9,Math,6af6f687,pdfs/PSAT-8-9/Math/part-003.pdf,393
PSAT 8/9,Math,84b0c1f9,pdfs/PSAT-8-9/Math/part-003.pdf,394
PSAT 8/9,Math,6c82ef8f,pdfs/PSAT-8-9/Math/part-003.pdf,395
PSAT 8/9,Math,c04a476f,pdfs/PSAT-8-9/Math/part-003.pdf,396
PSAT 8/9,Math,ea688a4c,pdfs/PSAT-8-9/Math/part-003.pdf,397
PSAT 8/9,Math,6758cd1e,pdfs/PSAT-8-9/Math/part-003.pdf,398
PSAT 8/9,Math,5ad00ae6,pdfs/PSAT-8-9/Math/part-003.pdf,399
PSAT 8/9,Math,d49874da,pdfs/PSAT-8-9/Math/part-003.pdf,400
PSAT 8/9,Math,fc5e66a3,pdfs/PSAT-8-9/Math/part-003.pdf,401
PSAT 8/9,Math,c318d7cb,pdfs/PSAT-8-9/Math/part-003.pdf,402
PSAT 8/9,Math,5a6b9c67,pdfs/PSAT-8-9/Math/part-003.pdf,403
PSAT 8/9,Math,5964fb27,pdfs/PSAT-8-9/Math/part-003.pdf,404
PSAT 8/9,Math,45234289,pdfs/PSAT-8-9/Math/part-003.pdf,405
PSAT 8/9,Math,7c602a33,pdfs/PSAT-8-9/Math/part-003.pdf,407
PSAT 8/9,Math,6b92fdf8,pdfs/PSAT-8-9/Math/part-003.pdf,408
PSAT 8/9,Math,33f4daaa,pdfs/PSAT-8-9/Math/part-003.pdf,409
PSAT 8/9,Math,859e7043,pdfs/PSAT-8-9/Math/part-003.pdf,411
PSAT 8/9,Math,d5bb11b8,pdfs/PSAT-8-9/Math/part-003.pdf,412
PSAT 8/9,Math,6f13e4f9,pdfs/PSAT-8-9/Math/part-003.pdf,413
PSAT 8/9,Math,8df16a32,pdfs/PSAT-8-9/Math/part-003.pdf,414
PSAT 8/9,Math,376747ec,pdfs/PSAT-8-9/Math/part-003.pdf,415
PSAT 8/9,Math,1ac18fe5,pdfs/PSAT-8-9/Math/part-003.pdf,417
PSAT 8/9,Math,f1c8687a,pdfs/PSAT-8-9/Math/part-003.pdf,418
PSAT 8/9,Math,b8e81771,pdfs/PSAT-8-9/Math/part-003.pdf,419
PSAT 8/9,Math,76a3a378,pdfs/PSAT-8-9/Math/part-003.pdf,420
PSAT 8/9,Math,6cc858ad,pdfs/PSAT-8-9/Math/part-003.pdf,421
PSAT 8/9,Math,26d314fa,pdfs/PSAT-8-9/Math/part-003.pdf,422
PSAT 8/9,Math,2abdd448,pdfs/PSAT-8-9/Math/part-003.pdf,423
PSAT 8/9,Math,1c98f18d,pdfs/PSAT-8-9/Math/part-003.pdf,424
PSAT 8/9,Math,c32fc5b6,pdfs/PSAT-8-9/Math/part-003.pdf,425
PSAT 8/9,Math,2c4566da,pdfs/PSAT-8-9/Math/part-003.pdf,427
PSAT 8/9,Math,e73bcfd3,pdfs/PSAT-8-9/Math/part-003.pdf,428
PSAT 8/9,Math,7106890e,pdfs/PSAT-8-9/Math/part-003.pdf,429
PSAT 8/9,Math,a0306b81,pdfs/PSAT-8-9/Math/part-003.pdf,430
PSAT 8/9,Math,1d08e9be,pdfs/PSAT-8-9/Math/part-003.pdf,434
PSAT 8/9,Math,7bbcdd28,pdfs/PSAT-8-9/Math/part-003.pdf,435
PSAT 8/9,Math,fbeec92f,pdfs/PSAT-8-9/Math/part-003.pdf,436
PSAT 8/9,Math,63ef2cfa,pdfs/PSAT-8-9/Math/part-004.pdf,1
PSAT 8/9,Math,4be59ca2,pdfs/PSAT-8-9/Math/part-004.pdf,2
PSAT 8/9,Math,f4b4f662,pdfs/PSAT-8-9/Math/part-004.pdf,3
PSAT 8/9,Math,cf719409,pdfs/PSAT-8-9/Math/part-004.pdf,4
PSAT 8/9,Math,4d6181b8,pdfs/PSAT-8-9/Math/part-004.pdf,5
PSAT 8/9,Math,51156c60,pdfs/PSAT-8-9/Math/part-004.pdf,6
PSAT 8/9,Math,052b500d,pdfs/PSAT-8-9/Math/part-004.pdf,8
PSAT 8/9,Math,0cf32fd0,pdfs/PSAT-8-9/Math/part-004.pdf,9
PSAT 8/9,Math,2ed4dfdc,pdfs/PSAT-8-9/Math/part-004.pdf,10
PSAT 8/9,Math,a79e5588,pdfs/PSAT-8-9/Math/part-004.pdf,11
PSAT 8/9,Math,195b9619,pdfs/PSAT-8-9/Math/part-004.pdf,12
PSAT 8/9,Math,c547b83f,pdfs/PSAT-8-9/Math/part-004.pdf,13
PSAT 8/9,Math,34f06f1d,pdfs/PSAT-8-9/Math/part-004.pdf,14
PSAT 8/9,Math,5823cf4a,pdfs/PSAT-8-9/Math/part-004.pdf,15
PSAT 8/9,Math,d295bc5b,pdfs/PSAT-8-9/Math/part-004.pdf,16
PSAT 8/9,Math,baf2e50e,pdfs/PSAT-8-9/Math/part-004.pdf,17
PSAT 8/9,Math,58fe9fa7,pdfs/PSAT-8-9/Math/part-004.pdf,18
PSAT 8/9,Math,aae4bb4c,pdfs/PSAT-8-9/Math/part-004.pdf,19
PSAT 8/9,Math,88e5e3d7,pdfs/PSAT-8-9/Math/part-004.pdf,20
PSAT 8/9,Math,e355efbd,pdfs/PSAT-8-9/Math/part-004.pdf,21
PSAT 8/9,Math,d609dc32,pdfs/PSAT-8-9/Math/part-004.pdf,22
PSAT 8/9,Math,c8ffb906,pdfs/PSAT-8-9/Math/part-004.pdf,23
PSAT 8/9,Math,6b0f9f95,pdfs/PSAT-8-9/Math/part-004.pdf,24
PSAT 8/9,Math,64c7717d,pdfs/PSAT-8-9/Math/part-004.pdf,25
PSAT 8/9,Math,2c14fa19,pdfs/PSAT-8-9/Math/part-004.pdf,26
PSAT 8/9,Math,35b3892c,pdfs/PSAT-8-9/Math/part-004.pdf,27
PSAT 8/9,Math,7683d0d0,pdfs/PSAT-8-9/Math/part-004.pdf,28
PSAT 8/9,Math,6f7b0138,pdfs/PSAT-8-9/Math/part-004.pdf,29
PSAT 8/9,Math,aaa526a0,pdfs/PSAT-8-9/Math/part-004.pdf,30
PSAT 8/9,Math,707dd4c5,pdfs/PSAT-8-9/Math/part-004.pdf,31
PSAT 8/9,Math,570a3983,pdfs/PSAT-8-9/Math/part-004.pdf,32
PSAT 8/9,Math,01ecfdab,pdfs/PSAT-8-9/Math/part-004.pdf,33
PSAT 8/9,Math,2019a350,pdfs/PSAT-8-9/Math/part-004.pdf,34
PSAT 8/9,Math,4c5c556f,pdfs/PSAT-8-9/Math/part-004.pdf,35
PSAT 8/9,Math,bf489977,pdfs/PSAT-8-9/Math/part-004.pdf,36
PSAT 8/9,Math,50497a8d,pdfs/PSAT-8-9/Math/part-004.pdf,37
PSAT 8/9,Math,266791d8,pdfs/PSAT-8-9/Math/part-004.pdf,38
PSAT 8/9,Math,efe04b60,pdfs/PSAT-8-9/Math/part-004.pdf,39
PSAT 8/9,Math,485de4c6,pdfs/PSAT-8-9/Math/part-004.pdf,40
PSAT 8/9,Math,dae8f781,pdfs/PSAT-8-9/Math/part-004.pdf,41
PSAT 8/9,Math,3c1ed131,pdfs/PSAT-8-9/Math/part-004.pdf,42
PSAT 8/9,Math,7a026c5b,pdfs/PSAT-8-9/Math/part-004.pdf,43
PSAT 8/9,Math,5d992098,pdfs/PSAT-8-9/Math/part-004.pdf,44
PSAT 8/9,Math,b3cdfda3,pdfs/PSAT-8-9/Math/part-004.pdf,45
PSAT 8/9,Math,bcaa5042,pdfs/PSAT-8-9/Math/part-004.pdf,46
PSAT 8/9,Math,c6d13ae3,pdfs/PSAT-8-9/Math/part-004.pdf,47
PSAT 8/9,Math,92f50680,pdfs/PSAT-8-9/Math/part-004.pdf,48
PSAT 8/9,Math,5299a56d,pdfs/PSAT-8-9/Math/part-004.pdf,49
PSAT 8/9,Math,6a912c08,pdfs/PSAT-8-9/Math/part-004.pdf,50
PSAT 8/9,Math,28304e20,pdfs/PSAT-8-9/Math/part-004.pdf,51
PSAT 8/9,Math,c3b64d10,pdfs/PSAT-8-9/Math/part-004.pdf,52
PSAT 8/9,Math,e6fdea5b,pdfs/PSAT-8-9/Math/part-004.pdf,53
PSAT 8/9,Math,bdbc6abd,pdfs/PSAT-8-9/Math/part-004.pdf,54
PSAT 8/9,Math,68253cbc,pdfs/PSAT-8-9/Math/part-004.pdf,55
PSAT 8/9,Math,48afaeae,pdfs/PSAT-8-9/Math/part-004.pdf,56
PSAT 8/9,Math,b49f501f,pdfs/PSAT-8-9/Math/part-004.pdf,57
PSAT 8/9,Math,1cd49480,pdfs/PSAT-8-9/Math/part-004.pdf,58
PSAT 8/9,Math,aad12439,pdfs/PSAT-8-9/Math/part-004.pdf,59
PSAT 8/9,Math,87b58a3e,pdfs/PSAT-8-9/Math/part-004.pdf,60
PSAT 8/9,Math,6ea0c4c2,pdfs/PSAT-8-9/Math/part-004.pdf,61
PSAT 8/9,Math,2956ded8,pdfs/PSAT-8-9/Math/part-004.pdf,62
PSAT 8/9,Math,6047ae7b,pdfs/PSAT-8-9/Math/part-004.pdf,64
PSAT 8/9,Math,a602f738,pdfs/PSAT-8-9/Math/part-004.pdf,65
PSAT 8/9,Math,48fc5b11,pdfs/PSAT-8-9/Math/part-004.pdf,66
PSAT 8/9,Math,78a217fa,pdfs/PSAT-8-9/Math/part-004.pdf,67
PSAT 8/9,Math,c91b28f1,pdfs/PSAT-8-9/Math/part-004.pdf,68
PSAT 8/9,Math,555559b9,pdfs/PSAT-8-9/Math/part-004.pdf,69
PSAT 8/9,Math,0ca3e9ec,pdfs/PSAT-8-9/Math/part-004.pdf,70
PSAT 8/9,Math,f9d00500,pdfs/PSAT-8-9/Math/part-004.pdf,71
PSAT 8/9,Math,4b3ab7b9,pdfs/PSAT-8-9/Math/part-004.pdf,72
PSAT 8/9,Math,6f73ce9a,pdfs/PSAT-8-9/Math/part-004.pdf,73
PSAT 8/9,Math,3ef8bcbc,pdfs/PSAT-8-9/Math/part-004.pdf,74
PSAT 8/9,Math,cb83dee4,pdfs/PSAT-8-9/Math/part-004.pdf,75
PSAT 8/9,Math,f698d74a,pdfs/PSAT-8-9/Math/part-004.pdf,76
PSAT 8/9,Math,5b2affa9,pdfs/PSAT-8-9/Math/part-004.pdf,77
PSAT 8/9,Math,a3b7ce31,pdfs/PSAT-8-9/Math/part-004.pdf,78
PSAT 8/9,Math,62fff5f2,pdfs/PSAT-8-9/Math/part-004.pdf,79
PSAT 8/9,Math,62927b26,pdfs/PSAT-8-9/Math/part-004.pdf,80
PSAT 8/9,Math,4ac4a137,pdfs/PSAT-8-9/Math/part-004.pdf,81
PSAT 8/9,Math,ac7c7cd3,pdfs/PSAT-8-9/Math/part-004.pdf,82
PSAT 8/9,Math,d54cf299,pdfs/PSAT-8-9/Math/part-004.pdf,83
PSAT 8/9,Math,546b9c4b,pdfs/PSAT-8-9/Math/part-004.pdf,85
PSAT 8/9,Math,17eefd5c,pdfs/PSAT-8-9/Math/part-004.pdf,86
PSAT 8/9,Math,58a24779,pdfs/PSAT-8-9/Math/part-004.pdf,87
PSAT 8/9,Math,790632a2,pdfs/PSAT-8-9/Math/part-004.pdf,89
PSAT 8/9,Math,40f82840,pdfs/PSAT-8-9/Math/part-004.pdf,90
PSAT 8/9,Math,a5270e58,pdfs/PSAT-8-9/Math/part-004.pdf,91
PSAT 8/9,Math,65fc38d1,pdfs/PSAT-8-9/Math/part-004.pdf,92
PSAT 8/9,Math,5f0fdc52,pdfs/PSAT-8-9/Math/part-004.pdf,93
PSAT 8/9,Math,99929efc,pdfs/PSAT-8-9/Math/part-004.pdf,95
PSAT 8/9,Math,8b14e026,pdfs/PSAT-8-9/Math/part-004.pdf,96
PSAT 8/9,Math,5127249c,pdfs/PSAT-8-9/Math/part-004.pdf,97
PSAT 8/9,Math,76251940,pdfs/PSAT-8-9/Math/part-004.pdf,98
PSAT 8/9,Math,e361c3a3,pdfs/PSAT-8-9/Math/part-004.pdf,99
PSAT 8/9,Math,bc410c75,pdfs/PSAT-8-9/Math/part-004.pdf,100
PSAT 8/9,Math,76214927,pdfs/PSAT-8-9/Math/part-004.pdf,101
PSAT 8/9,Math,91c22abc,pdfs/PSAT-8-9/Math/part-004.pdf,102
PSAT 8/9,Math,77af7027,pdfs/PSAT-8-9/Math/part-004.pdf,103
PSAT 8/9,Math,403c133c,pdfs/PSAT-8-9/Math/part-004.pdf,104
PSAT 8/9,Math,c1e62073,pdfs/PSAT-8-9/Math/part-004.pdf,105
PSAT 8/9,Math,bc63b5c9,pdfs/PSAT-8-9/Math/part-004.pdf,106
PSAT 8/9,Math,d928956c,pdfs/PSAT-8-9/Math/part-004.pdf,107
PSAT 8/9,Math,16832745,pdfs/PSAT-8-9/Math/part-004.pdf,108
PSAT 8/9,Math,90ba17f4,pdfs/PSAT-8-9/Math/part-004.pdf,109
PSAT 8/9,Math,c0f2d414,pdfs/PSAT-8-9/Math/part-004.pdf,110
PSAT 8/9,Math,937b5346,pdfs/PSAT-8-9/Math/part-004.pdf,111
PSAT 8/9,Math,b8313e5a,pdfs/PSAT-8-9/Math/part-004.pdf,112
PSAT 8/9,Math,b169878d,pdfs/PSAT-8-9/Math/part-004.pdf,113
PSAT 8/9,Math,5dc29f8b,pdfs/PSAT-8-9/Math/part-004.pdf,114
PSAT 8/9,Math,9ae14f70,pdfs/PSAT-8-9/Math/part-004.pdf,115
PSAT 8/9,Math,c14fe655,pdfs/PSAT-8-9/Math/part-004.pdf,116
PSAT 8/9,Math,fd232eba,pdfs/PSAT-8-9/Math/part-004.pdf,117
PSAT 8/9,Math,db600a6d,pdfs/PSAT-8-9/Math/part-004.pdf,118
PSAT 8/9,Math,6118cea6,pdfs/PSAT-8-9/Math/part-004.pdf,119
PSAT 8/9,Math,135d1ecd,pdfs/PSAT-8-9/Math/part-004.pdf,120
PSAT 8/9,Math,66ac9e77,pdfs/PSAT-8-9/Math/part-004.pdf,121
PSAT 8/9,Math,3870a85b,pdfs/PSAT-8-9/Math/part-004.pdf,122
PSAT 8/9,Math,e3df2a33,pdfs/PSAT-8-9/Math/part-004.pdf,123
PSAT 8/9,Math,81998666,pdfs/PSAT-8-9/Math/part-004.pdf,124
PSAT 8/9,Math,dbd08867,pdfs/PSAT-8-9/Math/part-004.pdf,125
PSAT 8/9,Math,dfe414b9,pdfs/PSAT-8-9/Math/part-004.pdf,126
PSAT 8/9,Math,07fb2606,pdfs/PSAT-8-9/Math/part-004.pdf,127
PSAT 8/9,Math,9845644c,pdfs/PSAT-8-9/Math/part-004.pdf,128
PSAT 8/9,Math,75f5ed87,pdfs/PSAT-8-9/Math/part-004.pdf,129
PSAT 8/9,Math,57cc73b8,pdfs/PSAT-8-9/Math/part-004.pdf,130
PSAT 8/9,Math,605188d3,pdfs/PSAT-8-9/Math/part-004.pdf,131
PSAT 8/9,Math,1016a301,pdfs/PSAT-8-9/Math/part-004.pdf,132
PSAT 8/9,Math,5dfa0339,pdfs/PSAT-8-9/Math/part-004.pdf,133
PSAT 8/9,Math,8559e6cc,pdfs/PSAT-8-9/Math/part-004.pdf,134
PSAT 8/9,Math,13af0b75,pdfs/PSAT-8-9/Math/part-004.pdf,135
PSAT 8/9,Math,0a44345a,pdfs/PSAT-8-9/Math/part-004.pdf,136
PSAT 8/9,Math,87b70e6c,pdfs/PSAT-8-9/Math/part-004.pdf,137
PSAT 8/9,Math,d4fa06cb,pdfs/PSAT-8-9/Math/part-004.pdf,138
PSAT 8/9,Math,87edc26a,pdfs/PSAT-8-9/Math/part-004.pdf,139
PSAT 8/9,Math,e064d3c7,pdfs/PSAT-8-9/Math/part-004.pdf,140
PSAT 8/9,Math,5307879f,pdfs/PSAT-8-9/Math/part-004.pdf,141
PSAT 8/9,Math,027c00a2,pdfs/PSAT-8-9/Math/part-004.pdf,142
PSAT 8/9,Math,6248f290,pdfs/PSAT-8-9/Math/part-004.pdf,143
PSAT 8/9,Math,c6471664,pdfs/PSAT-8-9/Math/part-004.pdf,144
PSAT 8/9,Math,e62cd16c,pdfs/PSAT-8-9/Math/part-004.pdf,145
PSAT 8/9,Math,3fe928e2,pdfs/PSAT-8-9/Math/part-004.pdf,146
PSAT 8/9,Math,748e45af,pdfs/PSAT-8-9/Math/part-004.pdf,147
PSAT 8/9,Math,1d39f67c,pdfs/PSAT-8-9/Math/part-004.pdf,148
PSAT 8/9,Math,45be5825,pdfs/PSAT-8-9/Math/part-004.pdf,149
PSAT 8/9,Math,ad722b88,pdfs/PSAT-8-9/Math/part-004.pdf,150
PSAT 8/9,Math,4cf8925f,pdfs/PSAT-8-9/Math/part-004.pdf,151
PSAT 8/9,Math,d5bab39a,pdfs/PSAT-8-9/Math/part-004.pdf,152
PSAT 8/9,Math,2ed98c1c,pdfs/PSAT-8-9/Math/part-004.pdf,153
PSAT 8/9,Math,c3467623,pdfs/PSAT-8-9/Math/part-004.pdf,154
PSAT 8/9,Math,12948ca9,pdfs/PSAT-8-9/Math/part-004.pdf,155
PSAT 8/9,Math,b2426a45,pdfs/PSAT-8-9/Math/part-004.pdf,156
PSAT 8/9,Math,951da108,pdfs/PSAT-8-9/Math/part-004.pdf,157
PSAT 8/9,Math,04995839,pdfs/PSAT-8-9/Math/part-004.pdf,158
PSAT 8/9,Math,a510134c,pdfs/PSAT-8-9/Math/part-004.pdf,159
PSAT 8/9,Math,6dce9ffc,pdfs/PSAT-8-9/Math/part-004.pdf,160
PSAT 8/9,Math,1475b65b,pdfs/PSAT-8-9/Math/part-004.pdf,161
PSAT 8/9,Math,529b5e49,pdfs/PSAT-8-9/Math/part-004.pdf,162
PSAT 8/9,Math,cd826798,pdfs/PSAT-8-9/Math/part-004.pdf,163
PSAT 8/9,Math,1d2c5e42,pdfs/PSAT-8-9/Math/part-004.pdf,164
PSAT 8/9,Math,0c8ef2ee,pdfs/PSAT-8-9/Math/part-004.pdf,166
PSAT 8/9,Math,28c9a0a6,pdfs/PSAT-8-9/Math/part-004.pdf,167
PSAT 8/9,Math,afa24e4f,pdfs/PSAT-8-9/Math/part-004.pdf,168
PSAT 8/9,Math,1f53c21b,pdfs/PSAT-8-9/Math/part-004.pdf,169
PSAT 8/9,Math,26ba1380,pdfs/PSAT-8-9/Math/part-004.pdf,170
PSAT 8/9,Math,8a30de82,pdfs/PSAT-8-9/Math/part-004.pdf,171
PSAT 8/9,Math,383b6797,pdfs/PSAT-8-9/Math/part-004.pdf,172
PSAT 8/9,Math,cd91ef71,pdfs/PSAT-8-9/Math/part-004.pdf,174
PSAT 8/9,Math,96e21137,pdfs/PSAT-8-9/Math/part-004.pdf,175
PSAT 8/9,Math,f1bb7029,pdfs/PSAT-8-9/Math/part-004.pdf,176
PSAT 8/9,Math,52332846,pdfs/PSAT-8-9/Math/part-004.pdf,177
PSAT 8/9,Math,1ef28cca,pdfs/PSAT-8-9/Math/part-004.pdf,178
PSAT 8/9,Math,dd12d2d0,pdfs/PSAT-8-9/Math/part-004.pdf,179
PSAT 8/9,Math,b2578d47,pdfs/PSAT-8-9/Math/part-004.pdf,180
PSAT 8/9,Math,506b8ee5,pdfs/PSAT-8-9/Math/part-004.pdf,181
PSAT 8/9,Math,43ba0b5e,pdfs/PSAT-8-9/Math/part-004.pdf,183
PSAT 8/9,Math,619f06a5,pdfs/PSAT-8-9/Math/part-004.pdf,184
PSAT 8/9,Math,0168ee60,pdfs/PSAT-8-9/Math/part-004.pdf,185
PSAT 8/9,Math,dff7dcc7,pdfs/PSAT-8-9/Math/part-004.pdf,186
PSAT 8/9,Math,8a250f2d,pdfs/PSAT-8-9/Math/part-004.pdf,187
PSAT 8/9,Math,fff8cb78,pdfs/PSAT-8-9/Math/part-004.pdf,188
PSAT 8/9,Math,e99e92df,pdfs/PSAT-8-9/Math/part-004.pdf,189
PSAT 8/9,Math,9ee2de56,pdfs/PSAT-8-9/Math/part-004.pdf,190
PSAT 8/9,Math,493092d1,pdfs/PSAT-8-9/Math/part-004.pdf,191
PSAT 8/9,Math,25d8239c,pdfs/PSAT-8-9/Math/part-004.pdf,192
PSAT 8/9,Math,a95e0972,pdfs/PSAT-8-9/Math/part-004.pdf,193
PSAT 8/9,Math,c6e21ae1,pdfs/PSAT-8-9/Math/part-004.pdf,194
PSAT 8/9,Math,5c66dafe,pdfs/PSAT-8-9/Math/part-004.pdf,195
PSAT 8/9,Math,546aa33f,pdfs/PSAT-8-9/Math/part-004.pdf,196
PSAT 8/9,Math,e085dde9,pdfs/PSAT-8-9/Math/part-004.pdf,197
PSAT 8/9,Math,694d1547,pdfs/PSAT-8-9/Math/part-004.pdf,198
PSAT 8/9,Math,f16a958f,pdfs/PSAT-8-9/Math/part-004.pdf,199
PSAT 8/9,Math,39c96ce9,pdfs/PSAT-8-9/Math/part-004.pdf,200
PSAT 8/9,Math,bdd751b5,pdfs/PSAT-8-9/Math/part-004.pdf,201
PSAT 8/9,Math,95eafd2a,pdfs/PSAT-8-9/Math/part-004.pdf,202
PSAT 8/9,Math,8f8a3453,pdfs/PSAT-8-9/Math/part-004.pdf,203
PSAT 8/9,Math,79c53fdb,pdfs/PSAT-8-9/Math/part-004.pdf,204
PSAT 8/9,Math,f534bac4,pdfs/PSAT-8-9/Math/part-004.pdf,205
PSAT 8/9,Math,ab0de959,pdfs/PSAT-8-9/Math/part-004.pdf,207
PSAT 8/9,Math,cc4edd05,pdfs/PSAT-8-9/Math/part-004.pdf,208
PSAT 8/9,Math,ce6e3162,pdfs/PSAT-8-9/Math/part-004.pdf,209
PSAT 8/9,Math,b0ff6270,pdfs/PSAT-8-9/Math/part-004.pdf,210
PSAT 8/9,Math,c2d9b697,pdfs/PSAT-8-9/Math/part-004.pdf,211
PSAT 8/9,Math,6199735f,pdfs/PSAT-8-9/Math/part-004.pdf,212
PSAT 8/9,Math,94d317fb,pdfs/PSAT-8-9/Math/part-004.pdf,213
PSAT 8/9,Math,bc27ce2c,pdfs/PSAT-8-9/Math/part-004.pdf,214
PSAT 8/9,Math,cfe9e16b,pdfs/PSAT-8-9/Math/part-004.pdf,215
PSAT 8/9,Math,e63eb270,pdfs/PSAT-8-9/Math/part-004.pdf,216
PSAT 8/9,Math,5028dc8e,pdfs/PSAT-8-9/Math/part-004.pdf,217
PSAT 8/9,Math,a760be35,pdfs/PSAT-8-9/Math/part-004.pdf,218
PSAT 8/9,Math,dfb711ba,pdfs/PSAT-8-9/Math/part-004.pdf,219
PSAT 8/9,Math,ba271bc2,pdfs/PSAT-8-9/Math/part-004.pdf,220
PSAT 8/9,Math,7e9fbdbb,pdfs/PSAT-8-9/Math/part-004.pdf,221
PSAT 8/9,Math,2ba68e53,pdfs/PSAT-8-9/Math/part-004.pdf,222
PSAT 8/9,Math,15d6d6a1,pdfs/PSAT-8-9/Math/part-004.pdf,223
PSAT 8/9,Math,abff32aa,pdfs/PSAT-8-9/Math/part-004.pdf,224
PSAT 8/9,Math,0e1c80e9,pdfs/PSAT-8-9/Math/part-004.pdf,225
PSAT 8/9,Math,a0614144,pdfs/PSAT-8-9/Math/part-004.pdf,226
PSAT 8/9,Math,05c604f0,pdfs/PSAT-8-9/Math/part-004.pdf,227
PSAT 8/9,Math,7f863007,pdfs/PSAT-8-9/Math/part-004.pdf,228
PSAT 8/9,Math,294aa468,pdfs/PSAT-8-9/Math/part-004.pdf,229
PSAT 8/9,Math,4ff5cc41,pdfs/PSAT-8-9/Math/part-004.pdf,230
PSAT 8/9,Math,aa4e5902,pdfs/PSAT-8-9/Math/part-004.pdf,231
PSAT 8/9,Math,c6ccdf2f,pdfs/PSAT-8-9/Math/part-004.pdf,232
PSAT 8/9,Math,6c57095a,pdfs/PSAT-8-9/Math/part-004.pdf,233
PSAT 8/9,Math,cd27d04c,pdfs/PSAT-8-9/Math/part-004.pdf,234
PSAT 8/9,Math,20457c16,pdfs/PSAT-8-9/Math/part-004.pdf,235
PSAT 8/9,Math,f254406c,pdfs/PSAT-8-9/Math/part-004.pdf,236
PSAT 8/9,Math,22a1b561,pdfs/PSAT-8-9/Math/part-004.pdf,237
PSAT 8/9,Math,8bc9c85c,pdfs/PSAT-8-9/Math/part-004.pdf,238
PSAT 8/9,Math,b625874e,pdfs/PSAT-8-9/Math/part-004.pdf,239
PSAT 8/9,Math,f66e4be6,pdfs/PSAT-8-9/Math/part-004.pdf,240
PSAT 8/9,Math,cc6e88dc,pdfs/PSAT-8-9/Math/part-004.pdf,241
PSAT 8/9,Math,fd27d0f9,pdfs/PSAT-8-9/Math/part-004.pdf,242
PSAT 8/9,Math,1d47f72c,pdfs/PSAT-8-9/Math/part-004.pdf,243
PSAT 8/9,Math,02cc6e02,pdfs/PSAT-8-9/Math/part-004.pdf,244
PSAT 8/9,Math,e362d5ab,pdfs/PSAT-8-9/Math/part-004.pdf,245
PSAT 8/9,Math,68e0880b,pdfs/PSAT-8-9/Math/part-004.pdf,246
PSAT 8/9,Math,9d22cf32,pdfs/PSAT-8-9/Math/part-004.pdf,247
PSAT 8/9,Math,ee374506,pdfs/PSAT-8-9/Math/part-004.pdf,248
PSAT 8/9,Math,205c8b07,pdfs/PSAT-8-9/Math/part-004.pdf,249
PSAT 8/9,Math,919e6f57,pdfs/PSAT-8-9/Math/part-004.pdf,250
PSAT 8/9,Math,873d3aa1,pdfs/PSAT-8-9/Math/part-004.pdf,251
PSAT 8/9,Math,4fed2b96,pdfs/PSAT-8-9/Math/part-004.pdf,252
PSAT 8/9,Math,7111b786,pdfs/PSAT-8-9/Math/part-004.pdf,253
PSAT 8/9,Math,94ba0507,pdfs/PSAT-8-9/Math/part-004.pdf,254
PSAT 8/9,Math,e3ca5687,pdfs/PSAT-8-9/Math/part-004.pdf,255
PSAT 8/9,Math,070e995b,pdfs/PSAT-8-9/Math/part-004.pdf,256
PSAT 8/9,Math,41761136,pdfs/PSAT-8-9/Math/part-004.pdf,257
PSAT 8/9,Math,e0f05bfa,pdfs/PSAT-8-9/Math/part-004.pdf,258
PSAT 8/9,Math,63b013ca,pdfs/PSAT-8-9/Math/part-004.pdf,259
PSAT 8/9,Math,eec5a351,pdfs/PSAT-8-9/Math/part-004.pdf,260
PSAT 8/9,Math,c56ef791,pdfs/PSAT-8-9/Math/part-004.pdf,261
PSAT 8/9,Math,4ce0f300,pdfs/PSAT-8-9/Math/part-004.pdf,262
PSAT 8/9,Math,52f83401,pdfs/PSAT-8-9/Math/part-004.pdf,263
PSAT 8/9,Math,0c525f7d,pdfs/PSAT-8-9/Math/part-004.pdf,264
PSAT 8/9,Math,cec41c86,pdfs/PSAT-8-9/Math/part-004.pdf,265
PSAT 8/9,Math,885c51ec,pdfs/PSAT-8-9/Math/part-004.pdf,266
PSAT 8/9,Math,fa56c8a1,pdfs/PSAT-8-9/Math/part-004.pdf,267
PSAT 8/9,Math,7719c582,pdfs/PSAT-8-9/Math/part-004.pdf,268
PSAT 8/9,Math,0ed5f446,pdfs/PSAT-8-9/Math/part-004.pdf,269
PSAT 8/9,Math,114f77ba,pdfs/PSAT-8-9/Math/part-004.pdf,270
PSAT 8/9,Math,9c45fdb1,pdfs/PSAT-8-9/Math/part-004.pdf,271
PSAT 8/9,Math,75b091b1,pdfs/PSAT-8-9/Math/part-004.pdf,272
PSAT 8/9,Math,319d5306,pdfs/PSAT-8-9/Math/part-004.pdf,273
PSAT 8/9,Math,da2e7ce9,pdfs/PSAT-8-9/Math/part-004.pdf,274
PSAT 8/9,Math,f0cd1166,pdfs/PSAT-8-9/Math/part-004.pdf,275
PSAT 8/9,Math,0c4a6c16,pdfs/PSAT-8-9/Math/part-004.pdf,276
PSAT 8/9,Math,344a993a,pdfs/PSAT-8-9/Math/part-004.pdf,277
PSAT 8/9,Math,9418e691,pdfs/PSAT-8-9/Math/part-004.pdf,278
PSAT 8/9,Math,a439b940,pdfs/PSAT-8-9/Math/part-004.pdf,279
PSAT 8/9,Math,fec09f2f,pdfs/PSAT-8-9/Math/part-004.pdf,280
PSAT 8/9,Math,defa8c5b,pdfs/PSAT-8-9/Math/part-004.pdf,281
PSAT 8/9,Math,a4a4da83,pdfs/PSAT-8-9/Math/part-004.pdf,282
PSAT 8/9,Math,4e19f501,pdfs/PSAT-8-9/Math/part-004.pdf,283
PSAT 8/9,Math,0454aef9,pdfs/PSAT-8-9/Math/part-004.pdf,284
PSAT 8/9,Math,49ac1690,pdfs/PSAT-8-9/Math/part-004.pdf,285
PSAT 8/9,Math,120f3d69,pdfs/PSAT-8-9/Math/part-004.pdf,286
PSAT 8/9,Math,41e0aef8,pdfs/PSAT-8-9/Math/part-004.pdf,287
PSAT 8/9,Math,068e43cc,pdfs/PSAT-8-9/Math/part-004.pdf,288
PSAT 8/9,Math,897dc2bb,pdfs/PSAT-8-9/Math/part-004.pdf,289
PSAT 8/9,Math,a25e2a49,pdfs/PSAT-8-9/Math/part-004.pdf,290
PSAT 8/9,Math,f2feb9b6,pdfs/PSAT-8-9/Math/part-004.pdf,291
PSAT 8/9,Math,a5898a04,pdfs/PSAT-8-9/Math/part-004.pdf,292
PSAT 8/9,Math,e76a48c1,pdfs/PSAT-8-9/Math/part-004.pdf,293
PSAT 8/9,Math,a58b3e38,pdfs/PSAT-8-9/Math/part-004.pdf,294
PSAT 8/9,Math,81f8d17a,pdfs/PSAT-8-9/Math/part-004.pdf,295
PSAT 8/9,Math,17264cb2,pdfs/PSAT-8-9/Math/part-004.pdf,297
PSAT 8/9,Math,41f5ad3d,pdfs/PSAT-8-9/Math/part-004.pdf,298
PSAT 8/9,Math,606eef9b,pdfs/PSAT-8-9/Math/part-004.pdf,299
PSAT 8/9,Math,2f037f83,pdfs/PSAT-8-9/Math/part-004.pdf,300
PSAT 8/9,Math,8f33bba4,pdfs/PSAT-8-9/Math/part-004.pdf,301
PSAT 8/9,Math,ef50e4b8,pdfs/PSAT-8-9/Math/part-004.pdf,302
PSAT 8/9,Math,8d18de31,pdfs/PSAT-8-9/Math/part-004.pdf,303
PSAT 8/9,Math,da3c1f93,pdfs/PSAT-8-9/Math/part-004.pdf,304
PSAT 8/9,Math,0072b714,pdfs/PSAT-8-9/Math/part-004.pdf,305
PSAT 8/9,Math,c79ee8db,pdfs/PSAT-8-9/Math/part-004.pdf,306
PSAT 8/9,Math,e9c0a623,pdfs/PSAT-8-9/Math/part-004.pdf,307
PSAT 8/9,Math,05e6fd29,pdfs/PSAT-8-9/Math/part-004.pdf,308
PSAT 8/9,Math,4450bf30,pdfs/PSAT-8-9/Math/part-004.pdf,309
PSAT 8/9,Math,c5a65f05,pdfs/PSAT-8-9/Math/part-004.pdf,310
PSAT 8/9,Math,46050f89,pdfs/PSAT-8-9/Math/part-004.pdf,311
PSAT 8/9,Math,3539b29b,pdfs/PSAT-8-9/Math/part-004.pdf,312
PSAT 8/9,Math,b44916d3,pdfs/PSAT-8-9/Math/part-004.pdf,313
PSAT 8/9,Math,9940d842,pdfs/PSAT-8-9/Math/part-004.pdf,314
PSAT 8/9,Math,998edce5,pdfs/PSAT-8-9/Math/part-004.pdf,315
